stem,class,split,group,path
bs_02,Bright scratch,test,1,C:\Users\anmol\OneDrive\Desktop\Steel_Surface_Defect_NEU_DET-DATASET\SteelDefectX\train_by_class\Bright scratch\bs_02.jpg
bs_04,Bright scratch,test,3,C:\Users\anmol\OneDrive\Desktop\Steel_Surface_Defect_NEU_DET-DATASET\SteelDefectX\train_by_class\Bright scratch\bs_04.jpg
bs_06,Bright scratch,test,4,C:\Users\anmol\OneDrive\Desktop\Steel_Surface_Defect_NEU_DET-DATASET\SteelDefectX\train_by_class\Bright scratch\bs_06.jpg
bs_105,Bright scratch,test,11,C:\Users\anmol\OneDrive\Desktop\Steel_Surface_Defect_NEU_DET-DATASET\SteelDefectX\train_by_class\Bright scratch\bs_105.jpg
bs_106,Bright scratch,test,12,C:\Users\anmol\OneDrive\Desktop\Steel_Surface_Defect_NEU_DET-DATASET\SteelDefectX\train_by_class\Bright scratch\bs_106.jpg
bs_22,Bright scratch,test,33,C:\Users\anmol\OneDrive\Desktop\Steel_Surface_Defect_NEU_DET-DATASET\SteelDefectX\train_by_class\Bright scratch\bs_22.jpg
bs_32,Bright scratch,test,40,C:\Users\anmol\OneDrive\Desktop\Steel_Surface_Defect_NEU_DET-DATASET\SteelDefectX\train_by_class\Bright scratch\bs_32.jpg
bs_37,Bright scratch,test,45,C:\Users\anmol\OneDrive\Desktop\Steel_Surface_Defect_NEU_DET-DATASET\SteelDefectX\train_by_class\Bright scratch\bs_37.jpg
bs_42,Bright scratch,test,48,C:\Users\anmol\OneDrive\Desktop\Steel_Surface_Defect_NEU_DET-DATASET\SteelDefectX\train_by_class\Bright scratch\bs_42.jpg
bs_45,Bright scratch,test,49,C:\Users\anmol\OneDrive\Desktop\Steel_Surface_Defect_NEU_DET-DATASET\SteelDefectX\train_by_class\Bright scratch\bs_45.jpg
bs_51,Bright scratch,test,52,C:\Users\anmol\OneDrive\Desktop\Steel_Surface_Defect_NEU_DET-DATASET\SteelDefectX\train_by_class\Bright scratch\bs_51.jpg
bs_56,Bright scratch,test,56,C:\Users\anmol\OneDrive\Desktop\Steel_Surface_Defect_NEU_DET-DATASET\SteelDefectX\train_by_class\Bright scratch\bs_56.jpg
bs_58,Bright scratch,test,58,C:\Users\anmol\OneDrive\Desktop\Steel_Surface_Defect_NEU_DET-DATASET\SteelDefectX\train_by_class\Bright scratch\bs_58.jpg
bs_63,Bright scratch,test,61,C:\Users\anmol\OneDrive\Desktop\Steel_Surface_Defect_NEU_DET-DATASET\SteelDefectX\train_by_class\Bright scratch\bs_63.jpg
bs_75,Bright scratch,test,72,C:\Users\anmol\OneDrive\Desktop\Steel_Surface_Defect_NEU_DET-DATASET\SteelDefectX\train_by_class\Bright scratch\bs_75.jpg
bs_83,Bright scratch,test,76,C:\Users\anmol\OneDrive\Desktop\Steel_Surface_Defect_NEU_DET-DATASET\SteelDefectX\train_by_class\Bright scratch\bs_83.jpg
bs_94,Bright scratch,test,83,C:\Users\anmol\OneDrive\Desktop\Steel_Surface_Defect_NEU_DET-DATASET\SteelDefectX\train_by_class\Bright scratch\bs_94.jpg
bs_98,Bright scratch,test,86,C:\Users\anmol\OneDrive\Desktop\Steel_Surface_Defect_NEU_DET-DATASET\SteelDefectX\train_by_class\Bright scratch\bs_98.jpg
bs_01,Bright scratch,train,0,C:\Users\anmol\OneDrive\Desktop\Steel_Surface_Defect_NEU_DET-DATASET\SteelDefectX\train_by_class\Bright scratch\bs_01.jpg
bs_07,Bright scratch,train,5,C:\Users\anmol\OneDrive\Desktop\Steel_Surface_Defect_NEU_DET-DATASET\SteelDefectX\train_by_class\Bright scratch\bs_07.jpg
bs_09,Bright scratch,train,6,C:\Users\anmol\OneDrive\Desktop\Steel_Surface_Defect_NEU_DET-DATASET\SteelDefectX\train_by_class\Bright scratch\bs_09.jpg
bs_102,Bright scratch,train,8,C:\Users\anmol\OneDrive\Desktop\Steel_Surface_Defect_NEU_DET-DATASET\SteelDefectX\train_by_class\Bright scratch\bs_102.jpg
bs_103,Bright scratch,train,9,C:\Users\anmol\OneDrive\Desktop\Steel_Surface_Defect_NEU_DET-DATASET\SteelDefectX\train_by_class\Bright scratch\bs_103.jpg
bs_104,Bright scratch,train,10,C:\Users\anmol\OneDrive\Desktop\Steel_Surface_Defect_NEU_DET-DATASET\SteelDefectX\train_by_class\Bright scratch\bs_104.jpg
bs_110,Bright scratch,train,13,C:\Users\anmol\OneDrive\Desktop\Steel_Surface_Defect_NEU_DET-DATASET\SteelDefectX\train_by_class\Bright scratch\bs_110.jpg
bs_111,Bright scratch,train,14,C:\Users\anmol\OneDrive\Desktop\Steel_Surface_Defect_NEU_DET-DATASET\SteelDefectX\train_by_class\Bright scratch\bs_111.jpg
bs_113,Bright scratch,train,15,C:\Users\anmol\OneDrive\Desktop\Steel_Surface_Defect_NEU_DET-DATASET\SteelDefectX\train_by_class\Bright scratch\bs_113.jpg
bs_115,Bright scratch,train,16,C:\Users\anmol\OneDrive\Desktop\Steel_Surface_Defect_NEU_DET-DATASET\SteelDefectX\train_by_class\Bright scratch\bs_115.jpg
bs_117,Bright scratch,train,17,C:\Users\anmol\OneDrive\Desktop\Steel_Surface_Defect_NEU_DET-DATASET\SteelDefectX\train_by_class\Bright scratch\bs_117.jpg
bs_118,Bright scratch,train,18,C:\Users\anmol\OneDrive\Desktop\Steel_Surface_Defect_NEU_DET-DATASET\SteelDefectX\train_by_class\Bright scratch\bs_118.jpg
bs_12,Bright scratch,train,19,C:\Users\anmol\OneDrive\Desktop\Steel_Surface_Defect_NEU_DET-DATASET\SteelDefectX\train_by_class\Bright scratch\bs_12.jpg
bs_121,Bright scratch,train,20,C:\Users\anmol\OneDrive\Desktop\Steel_Surface_Defect_NEU_DET-DATASET\SteelDefectX\train_by_class\Bright scratch\bs_121.jpg
bs_122,Bright scratch,train,21,C:\Users\anmol\OneDrive\Desktop\Steel_Surface_Defect_NEU_DET-DATASET\SteelDefectX\train_by_class\Bright scratch\bs_122.jpg
bs_123,Bright scratch,train,22,C:\Users\anmol\OneDrive\Desktop\Steel_Surface_Defect_NEU_DET-DATASET\SteelDefectX\train_by_class\Bright scratch\bs_123.jpg
bs_125,Bright scratch,train,23,C:\Users\anmol\OneDrive\Desktop\Steel_Surface_Defect_NEU_DET-DATASET\SteelDefectX\train_by_class\Bright scratch\bs_125.jpg
bs_128,Bright scratch,train,25,C:\Users\anmol\OneDrive\Desktop\Steel_Surface_Defect_NEU_DET-DATASET\SteelDefectX\train_by_class\Bright scratch\bs_128.jpg
bs_15,Bright scratch,train,27,C:\Users\anmol\OneDrive\Desktop\Steel_Surface_Defect_NEU_DET-DATASET\SteelDefectX\train_by_class\Bright scratch\bs_15.jpg
bs_18,Bright scratch,train,29,C:\Users\anmol\OneDrive\Desktop\Steel_Surface_Defect_NEU_DET-DATASET\SteelDefectX\train_by_class\Bright scratch\bs_18.jpg
bs_19,Bright scratch,train,30,C:\Users\anmol\OneDrive\Desktop\Steel_Surface_Defect_NEU_DET-DATASET\SteelDefectX\train_by_class\Bright scratch\bs_19.jpg
bs_20,Bright scratch,train,31,C:\Users\anmol\OneDrive\Desktop\Steel_Surface_Defect_NEU_DET-DATASET\SteelDefectX\train_by_class\Bright scratch\bs_20.jpg
bs_21,Bright scratch,train,32,C:\Users\anmol\OneDrive\Desktop\Steel_Surface_Defect_NEU_DET-DATASET\SteelDefectX\train_by_class\Bright scratch\bs_21.jpg
bs_24,Bright scratch,train,34,C:\Users\anmol\OneDrive\Desktop\Steel_Surface_Defect_NEU_DET-DATASET\SteelDefectX\train_by_class\Bright scratch\bs_24.jpg
bs_25,Bright scratch,train,35,C:\Users\anmol\OneDrive\Desktop\Steel_Surface_Defect_NEU_DET-DATASET\SteelDefectX\train_by_class\Bright scratch\bs_25.jpg
bs_26,Bright scratch,train,36,C:\Users\anmol\OneDrive\Desktop\Steel_Surface_Defect_NEU_DET-DATASET\SteelDefectX\train_by_class\Bright scratch\bs_26.jpg
bs_27,Bright scratch,train,37,C:\Users\anmol\OneDrive\Desktop\Steel_Surface_Defect_NEU_DET-DATASET\SteelDefectX\train_by_class\Bright scratch\bs_27.jpg
bs_28,Bright scratch,train,38,C:\Users\anmol\OneDrive\Desktop\Steel_Surface_Defect_NEU_DET-DATASET\SteelDefectX\train_by_class\Bright scratch\bs_28.jpg
bs_33,Bright scratch,train,41,C:\Users\anmol\OneDrive\Desktop\Steel_Surface_Defect_NEU_DET-DATASET\SteelDefectX\train_by_class\Bright scratch\bs_33.jpg
bs_34,Bright scratch,train,42,C:\Users\anmol\OneDrive\Desktop\Steel_Surface_Defect_NEU_DET-DATASET\SteelDefectX\train_by_class\Bright scratch\bs_34.jpg
bs_35,Bright scratch,train,43,C:\Users\anmol\OneDrive\Desktop\Steel_Surface_Defect_NEU_DET-DATASET\SteelDefectX\train_by_class\Bright scratch\bs_35.jpg
bs_36,Bright scratch,train,44,C:\Users\anmol\OneDrive\Desktop\Steel_Surface_Defect_NEU_DET-DATASET\SteelDefectX\train_by_class\Bright scratch\bs_36.jpg
bs_39,Bright scratch,train,46,C:\Users\anmol\OneDrive\Desktop\Steel_Surface_Defect_NEU_DET-DATASET\SteelDefectX\train_by_class\Bright scratch\bs_39.jpg
bs_40,Bright scratch,train,47,C:\Users\anmol\OneDrive\Desktop\Steel_Surface_Defect_NEU_DET-DATASET\SteelDefectX\train_by_class\Bright scratch\bs_40.jpg
bs_47,Bright scratch,train,50,C:\Users\anmol\OneDrive\Desktop\Steel_Surface_Defect_NEU_DET-DATASET\SteelDefectX\train_by_class\Bright scratch\bs_47.jpg
bs_49,Bright scratch,train,51,C:\Users\anmol\OneDrive\Desktop\Steel_Surface_Defect_NEU_DET-DATASET\SteelDefectX\train_by_class\Bright scratch\bs_49.jpg
bs_53,Bright scratch,train,53,C:\Users\anmol\OneDrive\Desktop\Steel_Surface_Defect_NEU_DET-DATASET\SteelDefectX\train_by_class\Bright scratch\bs_53.jpg
bs_54,Bright scratch,train,54,C:\Users\anmol\OneDrive\Desktop\Steel_Surface_Defect_NEU_DET-DATASET\SteelDefectX\train_by_class\Bright scratch\bs_54.jpg
bs_55,Bright scratch,train,55,C:\Users\anmol\OneDrive\Desktop\Steel_Surface_Defect_NEU_DET-DATASET\SteelDefectX\train_by_class\Bright scratch\bs_55.jpg
bs_57,Bright scratch,train,57,C:\Users\anmol\OneDrive\Desktop\Steel_Surface_Defect_NEU_DET-DATASET\SteelDefectX\train_by_class\Bright scratch\bs_57.jpg
bs_60,Bright scratch,train,59,C:\Users\anmol\OneDrive\Desktop\Steel_Surface_Defect_NEU_DET-DATASET\SteelDefectX\train_by_class\Bright scratch\bs_60.jpg
bs_62,Bright scratch,train,60,C:\Users\anmol\OneDrive\Desktop\Steel_Surface_Defect_NEU_DET-DATASET\SteelDefectX\train_by_class\Bright scratch\bs_62.jpg
bs_64,Bright scratch,train,62,C:\Users\anmol\OneDrive\Desktop\Steel_Surface_Defect_NEU_DET-DATASET\SteelDefectX\train_by_class\Bright scratch\bs_64.jpg
bs_65,Bright scratch,train,63,C:\Users\anmol\OneDrive\Desktop\Steel_Surface_Defect_NEU_DET-DATASET\SteelDefectX\train_by_class\Bright scratch\bs_65.jpg
bs_66,Bright scratch,train,64,C:\Users\anmol\OneDrive\Desktop\Steel_Surface_Defect_NEU_DET-DATASET\SteelDefectX\train_by_class\Bright scratch\bs_66.jpg
bs_67,Bright scratch,train,65,C:\Users\anmol\OneDrive\Desktop\Steel_Surface_Defect_NEU_DET-DATASET\SteelDefectX\train_by_class\Bright scratch\bs_67.jpg
bs_69,Bright scratch,train,66,C:\Users\anmol\OneDrive\Desktop\Steel_Surface_Defect_NEU_DET-DATASET\SteelDefectX\train_by_class\Bright scratch\bs_69.jpg
bs_71,Bright scratch,train,68,C:\Users\anmol\OneDrive\Desktop\Steel_Surface_Defect_NEU_DET-DATASET\SteelDefectX\train_by_class\Bright scratch\bs_71.jpg
bs_72,Bright scratch,train,69,C:\Users\anmol\OneDrive\Desktop\Steel_Surface_Defect_NEU_DET-DATASET\SteelDefectX\train_by_class\Bright scratch\bs_72.jpg
bs_74,Bright scratch,train,71,C:\Users\anmol\OneDrive\Desktop\Steel_Surface_Defect_NEU_DET-DATASET\SteelDefectX\train_by_class\Bright scratch\bs_74.jpg
bs_79,Bright scratch,train,73,C:\Users\anmol\OneDrive\Desktop\Steel_Surface_Defect_NEU_DET-DATASET\SteelDefectX\train_by_class\Bright scratch\bs_79.jpg
bs_80,Bright scratch,train,74,C:\Users\anmol\OneDrive\Desktop\Steel_Surface_Defect_NEU_DET-DATASET\SteelDefectX\train_by_class\Bright scratch\bs_80.jpg
bs_81,Bright scratch,train,75,C:\Users\anmol\OneDrive\Desktop\Steel_Surface_Defect_NEU_DET-DATASET\SteelDefectX\train_by_class\Bright scratch\bs_81.jpg
bs_84,Bright scratch,train,77,C:\Users\anmol\OneDrive\Desktop\Steel_Surface_Defect_NEU_DET-DATASET\SteelDefectX\train_by_class\Bright scratch\bs_84.jpg
bs_85,Bright scratch,train,78,C:\Users\anmol\OneDrive\Desktop\Steel_Surface_Defect_NEU_DET-DATASET\SteelDefectX\train_by_class\Bright scratch\bs_85.jpg
bs_89,Bright scratch,train,80,C:\Users\anmol\OneDrive\Desktop\Steel_Surface_Defect_NEU_DET-DATASET\SteelDefectX\train_by_class\Bright scratch\bs_89.jpg
bs_91,Bright scratch,train,81,C:\Users\anmol\OneDrive\Desktop\Steel_Surface_Defect_NEU_DET-DATASET\SteelDefectX\train_by_class\Bright scratch\bs_91.jpg
bs_93,Bright scratch,train,82,C:\Users\anmol\OneDrive\Desktop\Steel_Surface_Defect_NEU_DET-DATASET\SteelDefectX\train_by_class\Bright scratch\bs_93.jpg
bs_95,Bright scratch,train,84,C:\Users\anmol\OneDrive\Desktop\Steel_Surface_Defect_NEU_DET-DATASET\SteelDefectX\train_by_class\Bright scratch\bs_95.jpg
bs_97,Bright scratch,train,85,C:\Users\anmol\OneDrive\Desktop\Steel_Surface_Defect_NEU_DET-DATASET\SteelDefectX\train_by_class\Bright scratch\bs_97.jpg
bs_99,Bright scratch,train,87,C:\Users\anmol\OneDrive\Desktop\Steel_Surface_Defect_NEU_DET-DATASET\SteelDefectX\train_by_class\Bright scratch\bs_99.jpg
bs_03,Bright scratch,val,2,C:\Users\anmol\OneDrive\Desktop\Steel_Surface_Defect_NEU_DET-DATASET\SteelDefectX\train_by_class\Bright scratch\bs_03.jpg
bs_10,Bright scratch,val,7,C:\Users\anmol\OneDrive\Desktop\Steel_Surface_Defect_NEU_DET-DATASET\SteelDefectX\train_by_class\Bright scratch\bs_10.jpg
bs_126,Bright scratch,val,24,C:\Users\anmol\OneDrive\Desktop\Steel_Surface_Defect_NEU_DET-DATASET\SteelDefectX\train_by_class\Bright scratch\bs_126.jpg
bs_14,Bright scratch,val,26,C:\Users\anmol\OneDrive\Desktop\Steel_Surface_Defect_NEU_DET-DATASET\SteelDefectX\train_by_class\Bright scratch\bs_14.jpg
bs_16,Bright scratch,val,28,C:\Users\anmol\OneDrive\Desktop\Steel_Surface_Defect_NEU_DET-DATASET\SteelDefectX\train_by_class\Bright scratch\bs_16.jpg
bs_29,Bright scratch,val,39,C:\Users\anmol\OneDrive\Desktop\Steel_Surface_Defect_NEU_DET-DATASET\SteelDefectX\train_by_class\Bright scratch\bs_29.jpg
bs_70,Bright scratch,val,67,C:\Users\anmol\OneDrive\Desktop\Steel_Surface_Defect_NEU_DET-DATASET\SteelDefectX\train_by_class\Bright scratch\bs_70.jpg
bs_73,Bright scratch,val,70,C:\Users\anmol\OneDrive\Desktop\Steel_Surface_Defect_NEU_DET-DATASET\SteelDefectX\train_by_class\Bright scratch\bs_73.jpg
bs_87,Bright scratch,val,79,C:\Users\anmol\OneDrive\Desktop\Steel_Surface_Defect_NEU_DET-DATASET\SteelDefectX\train_by_class\Bright scratch\bs_87.jpg
crease_15,Crease,test,97,C:\Users\anmol\OneDrive\Desktop\Steel_Surface_Defect_NEU_DET-DATASET\SteelDefectX\train_by_class\Crease\crease_15.jpg
crease_17,Crease,test,98,C:\Users\anmol\OneDrive\Desktop\Steel_Surface_Defect_NEU_DET-DATASET\SteelDefectX\train_by_class\Crease\crease_17.jpg
crease_19,Crease,test,100,C:\Users\anmol\OneDrive\Desktop\Steel_Surface_Defect_NEU_DET-DATASET\SteelDefectX\train_by_class\Crease\crease_19.jpg
crease_22,Crease,test,103,C:\Users\anmol\OneDrive\Desktop\Steel_Surface_Defect_NEU_DET-DATASET\SteelDefectX\train_by_class\Crease\crease_22.jpg
crease_24,Crease,test,105,C:\Users\anmol\OneDrive\Desktop\Steel_Surface_Defect_NEU_DET-DATASET\SteelDefectX\train_by_class\Crease\crease_24.jpg
crease_34,Crease,test,112,C:\Users\anmol\OneDrive\Desktop\Steel_Surface_Defect_NEU_DET-DATASET\SteelDefectX\train_by_class\Crease\crease_34.jpg
crease_42,Crease,test,118,C:\Users\anmol\OneDrive\Desktop\Steel_Surface_Defect_NEU_DET-DATASET\SteelDefectX\train_by_class\Crease\crease_42.jpg
crease_56,Crease,test,130,C:\Users\anmol\OneDrive\Desktop\Steel_Surface_Defect_NEU_DET-DATASET\SteelDefectX\train_by_class\Crease\crease_56.jpg
crease_57,Crease,test,131,C:\Users\anmol\OneDrive\Desktop\Steel_Surface_Defect_NEU_DET-DATASET\SteelDefectX\train_by_class\Crease\crease_57.jpg
crease_70,Crease,test,138,C:\Users\anmol\OneDrive\Desktop\Steel_Surface_Defect_NEU_DET-DATASET\SteelDefectX\train_by_class\Crease\crease_70.jpg
crease_71,Crease,test,139,C:\Users\anmol\OneDrive\Desktop\Steel_Surface_Defect_NEU_DET-DATASET\SteelDefectX\train_by_class\Crease\crease_71.jpg
crease_01,Crease,train,88,C:\Users\anmol\OneDrive\Desktop\Steel_Surface_Defect_NEU_DET-DATASET\SteelDefectX\train_by_class\Crease\crease_01.jpg
crease_03,Crease,train,89,C:\Users\anmol\OneDrive\Desktop\Steel_Surface_Defect_NEU_DET-DATASET\SteelDefectX\train_by_class\Crease\crease_03.jpg
crease_06,Crease,train,90,C:\Users\anmol\OneDrive\Desktop\Steel_Surface_Defect_NEU_DET-DATASET\SteelDefectX\train_by_class\Crease\crease_06.jpg
crease_08,Crease,train,91,C:\Users\anmol\OneDrive\Desktop\Steel_Surface_Defect_NEU_DET-DATASET\SteelDefectX\train_by_class\Crease\crease_08.jpg
crease_10,Crease,train,92,C:\Users\anmol\OneDrive\Desktop\Steel_Surface_Defect_NEU_DET-DATASET\SteelDefectX\train_by_class\Crease\crease_10.jpg
crease_11,Crease,train,93,C:\Users\anmol\OneDrive\Desktop\Steel_Surface_Defect_NEU_DET-DATASET\SteelDefectX\train_by_class\Crease\crease_11.jpg
crease_12,Crease,train,94,C:\Users\anmol\OneDrive\Desktop\Steel_Surface_Defect_NEU_DET-DATASET\SteelDefectX\train_by_class\Crease\crease_12.jpg
crease_13,Crease,train,95,C:\Users\anmol\OneDrive\Desktop\Steel_Surface_Defect_NEU_DET-DATASET\SteelDefectX\train_by_class\Crease\crease_13.jpg
crease_14,Crease,train,96,C:\Users\anmol\OneDrive\Desktop\Steel_Surface_Defect_NEU_DET-DATASET\SteelDefectX\train_by_class\Crease\crease_14.jpg
crease_20,Crease,train,101,C:\Users\anmol\OneDrive\Desktop\Steel_Surface_Defect_NEU_DET-DATASET\SteelDefectX\train_by_class\Crease\crease_20.jpg
crease_21,Crease,train,102,C:\Users\anmol\OneDrive\Desktop\Steel_Surface_Defect_NEU_DET-DATASET\SteelDefectX\train_by_class\Crease\crease_21.jpg
crease_25,Crease,train,106,C:\Users\anmol\OneDrive\Desktop\Steel_Surface_Defect_NEU_DET-DATASET\SteelDefectX\train_by_class\Crease\crease_25.jpg
crease_26,Crease,train,107,C:\Users\anmol\OneDrive\Desktop\Steel_Surface_Defect_NEU_DET-DATASET\SteelDefectX\train_by_class\Crease\crease_26.jpg
crease_28,Crease,train,108,C:\Users\anmol\OneDrive\Desktop\Steel_Surface_Defect_NEU_DET-DATASET\SteelDefectX\train_by_class\Crease\crease_28.jpg
crease_30,Crease,train,109,C:\Users\anmol\OneDrive\Desktop\Steel_Surface_Defect_NEU_DET-DATASET\SteelDefectX\train_by_class\Crease\crease_30.jpg
crease_32,Crease,train,110,C:\Users\anmol\OneDrive\Desktop\Steel_Surface_Defect_NEU_DET-DATASET\SteelDefectX\train_by_class\Crease\crease_32.jpg
crease_33,Crease,train,111,C:\Users\anmol\OneDrive\Desktop\Steel_Surface_Defect_NEU_DET-DATASET\SteelDefectX\train_by_class\Crease\crease_33.jpg
crease_35,Crease,train,113,C:\Users\anmol\OneDrive\Desktop\Steel_Surface_Defect_NEU_DET-DATASET\SteelDefectX\train_by_class\Crease\crease_35.jpg
crease_36,Crease,train,114,C:\Users\anmol\OneDrive\Desktop\Steel_Surface_Defect_NEU_DET-DATASET\SteelDefectX\train_by_class\Crease\crease_36.jpg
crease_38,Crease,train,115,C:\Users\anmol\OneDrive\Desktop\Steel_Surface_Defect_NEU_DET-DATASET\SteelDefectX\train_by_class\Crease\crease_38.jpg
crease_39,Crease,train,116,C:\Users\anmol\OneDrive\Desktop\Steel_Surface_Defect_NEU_DET-DATASET\SteelDefectX\train_by_class\Crease\crease_39.jpg
crease_41,Crease,train,117,C:\Users\anmol\OneDrive\Desktop\Steel_Surface_Defect_NEU_DET-DATASET\SteelDefectX\train_by_class\Crease\crease_41.jpg
crease_43,Crease,train,119,C:\Users\anmol\OneDrive\Desktop\Steel_Surface_Defect_NEU_DET-DATASET\SteelDefectX\train_by_class\Crease\crease_43.jpg
crease_44,Crease,train,120,C:\Users\anmol\OneDrive\Desktop\Steel_Surface_Defect_NEU_DET-DATASET\SteelDefectX\train_by_class\Crease\crease_44.jpg
crease_48,Crease,train,122,C:\Users\anmol\OneDrive\Desktop\Steel_Surface_Defect_NEU_DET-DATASET\SteelDefectX\train_by_class\Crease\crease_48.jpg
crease_49,Crease,train,123,C:\Users\anmol\OneDrive\Desktop\Steel_Surface_Defect_NEU_DET-DATASET\SteelDefectX\train_by_class\Crease\crease_49.jpg
crease_50,Crease,train,124,C:\Users\anmol\OneDrive\Desktop\Steel_Surface_Defect_NEU_DET-DATASET\SteelDefectX\train_by_class\Crease\crease_50.jpg
crease_51,Crease,train,125,C:\Users\anmol\OneDrive\Desktop\Steel_Surface_Defect_NEU_DET-DATASET\SteelDefectX\train_by_class\Crease\crease_51.jpg
crease_52,Crease,train,126,C:\Users\anmol\OneDrive\Desktop\Steel_Surface_Defect_NEU_DET-DATASET\SteelDefectX\train_by_class\Crease\crease_52.jpg
crease_53,Crease,train,127,C:\Users\anmol\OneDrive\Desktop\Steel_Surface_Defect_NEU_DET-DATASET\SteelDefectX\train_by_class\Crease\crease_53.jpg
crease_54,Crease,train,128,C:\Users\anmol\OneDrive\Desktop\Steel_Surface_Defect_NEU_DET-DATASET\SteelDefectX\train_by_class\Crease\crease_54.jpg
crease_55,Crease,train,129,C:\Users\anmol\OneDrive\Desktop\Steel_Surface_Defect_NEU_DET-DATASET\SteelDefectX\train_by_class\Crease\crease_55.jpg
crease_61,Crease,train,133,C:\Users\anmol\OneDrive\Desktop\Steel_Surface_Defect_NEU_DET-DATASET\SteelDefectX\train_by_class\Crease\crease_61.jpg
crease_63,Crease,train,134,C:\Users\anmol\OneDrive\Desktop\Steel_Surface_Defect_NEU_DET-DATASET\SteelDefectX\train_by_class\Crease\crease_63.jpg
crease_64,Crease,train,135,C:\Users\anmol\OneDrive\Desktop\Steel_Surface_Defect_NEU_DET-DATASET\SteelDefectX\train_by_class\Crease\crease_64.jpg
crease_65,Crease,train,136,C:\Users\anmol\OneDrive\Desktop\Steel_Surface_Defect_NEU_DET-DATASET\SteelDefectX\train_by_class\Crease\crease_65.jpg
crease_18,Crease,val,99,C:\Users\anmol\OneDrive\Desktop\Steel_Surface_Defect_NEU_DET-DATASET\SteelDefectX\train_by_class\Crease\crease_18.jpg
crease_23,Crease,val,104,C:\Users\anmol\OneDrive\Desktop\Steel_Surface_Defect_NEU_DET-DATASET\SteelDefectX\train_by_class\Crease\crease_23.jpg
crease_46,Crease,val,121,C:\Users\anmol\OneDrive\Desktop\Steel_Surface_Defect_NEU_DET-DATASET\SteelDefectX\train_by_class\Crease\crease_46.jpg
crease_59,Crease,val,132,C:\Users\anmol\OneDrive\Desktop\Steel_Surface_Defect_NEU_DET-DATASET\SteelDefectX\train_by_class\Crease\crease_59.jpg
crease_67,Crease,val,137,C:\Users\anmol\OneDrive\Desktop\Steel_Surface_Defect_NEU_DET-DATASET\SteelDefectX\train_by_class\Crease\crease_67.jpg
cg_115,Crescent gap,test,156,C:\Users\anmol\OneDrive\Desktop\Steel_Surface_Defect_NEU_DET-DATASET\SteelDefectX\train_by_class\Crescent gap\cg_115.jpg
cg_126,Crescent gap,test,162,C:\Users\anmol\OneDrive\Desktop\Steel_Surface_Defect_NEU_DET-DATASET\SteelDefectX\train_by_class\Crescent gap\cg_126.jpg
cg_127,Crescent gap,test,163,C:\Users\anmol\OneDrive\Desktop\Steel_Surface_Defect_NEU_DET-DATASET\SteelDefectX\train_by_class\Crescent gap\cg_127.jpg
cg_145,Crescent gap,test,177,C:\Users\anmol\OneDrive\Desktop\Steel_Surface_Defect_NEU_DET-DATASET\SteelDefectX\train_by_class\Crescent gap\cg_145.jpg
cg_149,Crescent gap,test,180,C:\Users\anmol\OneDrive\Desktop\Steel_Surface_Defect_NEU_DET-DATASET\SteelDefectX\train_by_class\Crescent gap\cg_149.jpg
cg_151,Crescent gap,test,182,C:\Users\anmol\OneDrive\Desktop\Steel_Surface_Defect_NEU_DET-DATASET\SteelDefectX\train_by_class\Crescent gap\cg_151.jpg
cg_157,Crescent gap,test,187,C:\Users\anmol\OneDrive\Desktop\Steel_Surface_Defect_NEU_DET-DATASET\SteelDefectX\train_by_class\Crescent gap\cg_157.jpg
cg_16,Crescent gap,test,189,C:\Users\anmol\OneDrive\Desktop\Steel_Surface_Defect_NEU_DET-DATASET\SteelDefectX\train_by_class\Crescent gap\cg_16.jpg
cg_176,Crescent gap,test,202,C:\Users\anmol\OneDrive\Desktop\Steel_Surface_Defect_NEU_DET-DATASET\SteelDefectX\train_by_class\Crescent gap\cg_176.jpg
cg_19,Crescent gap,test,212,C:\Users\anmol\OneDrive\Desktop\Steel_Surface_Defect_NEU_DET-DATASET\SteelDefectX\train_by_class\Crescent gap\cg_19.jpg
cg_20,Crescent gap,test,219,C:\Users\anmol\OneDrive\Desktop\Steel_Surface_Defect_NEU_DET-DATASET\SteelDefectX\train_by_class\Crescent gap\cg_20.jpg
cg_204,Crescent gap,test,224,C:\Users\anmol\OneDrive\Desktop\Steel_Surface_Defect_NEU_DET-DATASET\SteelDefectX\train_by_class\Crescent gap\cg_204.jpg
cg_207,Crescent gap,test,226,C:\Users\anmol\OneDrive\Desktop\Steel_Surface_Defect_NEU_DET-DATASET\SteelDefectX\train_by_class\Crescent gap\cg_207.jpg
cg_21,Crescent gap,test,229,C:\Users\anmol\OneDrive\Desktop\Steel_Surface_Defect_NEU_DET-DATASET\SteelDefectX\train_by_class\Crescent gap\cg_21.jpg
cg_213,Crescent gap,test,233,C:\Users\anmol\OneDrive\Desktop\Steel_Surface_Defect_NEU_DET-DATASET\SteelDefectX\train_by_class\Crescent gap\cg_213.jpg
cg_219,Crescent gap,test,238,C:\Users\anmol\OneDrive\Desktop\Steel_Surface_Defect_NEU_DET-DATASET\SteelDefectX\train_by_class\Crescent gap\cg_219.jpg
cg_226,Crescent gap,test,241,C:\Users\anmol\OneDrive\Desktop\Steel_Surface_Defect_NEU_DET-DATASET\SteelDefectX\train_by_class\Crescent gap\cg_226.jpg
cg_230,Crescent gap,test,243,C:\Users\anmol\OneDrive\Desktop\Steel_Surface_Defect_NEU_DET-DATASET\SteelDefectX\train_by_class\Crescent gap\cg_230.jpg
cg_239,Crescent gap,test,251,C:\Users\anmol\OneDrive\Desktop\Steel_Surface_Defect_NEU_DET-DATASET\SteelDefectX\train_by_class\Crescent gap\cg_239.jpg
cg_240,Crescent gap,test,252,C:\Users\anmol\OneDrive\Desktop\Steel_Surface_Defect_NEU_DET-DATASET\SteelDefectX\train_by_class\Crescent gap\cg_240.jpg
cg_243,Crescent gap,test,254,C:\Users\anmol\OneDrive\Desktop\Steel_Surface_Defect_NEU_DET-DATASET\SteelDefectX\train_by_class\Crescent gap\cg_243.jpg
cg_25,Crescent gap,test,257,C:\Users\anmol\OneDrive\Desktop\Steel_Surface_Defect_NEU_DET-DATASET\SteelDefectX\train_by_class\Crescent gap\cg_25.jpg
cg_32,Crescent gap,test,261,C:\Users\anmol\OneDrive\Desktop\Steel_Surface_Defect_NEU_DET-DATASET\SteelDefectX\train_by_class\Crescent gap\cg_32.jpg
cg_33,Crescent gap,test,262,C:\Users\anmol\OneDrive\Desktop\Steel_Surface_Defect_NEU_DET-DATASET\SteelDefectX\train_by_class\Crescent gap\cg_33.jpg
cg_36,Crescent gap,test,265,C:\Users\anmol\OneDrive\Desktop\Steel_Surface_Defect_NEU_DET-DATASET\SteelDefectX\train_by_class\Crescent gap\cg_36.jpg
cg_39,Crescent gap,test,267,C:\Users\anmol\OneDrive\Desktop\Steel_Surface_Defect_NEU_DET-DATASET\SteelDefectX\train_by_class\Crescent gap\cg_39.jpg
cg_41,Crescent gap,test,269,C:\Users\anmol\OneDrive\Desktop\Steel_Surface_Defect_NEU_DET-DATASET\SteelDefectX\train_by_class\Crescent gap\cg_41.jpg
cg_42,Crescent gap,test,270,C:\Users\anmol\OneDrive\Desktop\Steel_Surface_Defect_NEU_DET-DATASET\SteelDefectX\train_by_class\Crescent gap\cg_42.jpg
cg_44,Crescent gap,test,212,C:\Users\anmol\OneDrive\Desktop\Steel_Surface_Defect_NEU_DET-DATASET\SteelDefectX\train_by_class\Crescent gap\cg_44.jpg
cg_47,Crescent gap,test,273,C:\Users\anmol\OneDrive\Desktop\Steel_Surface_Defect_NEU_DET-DATASET\SteelDefectX\train_by_class\Crescent gap\cg_47.jpg
cg_49,Crescent gap,test,274,C:\Users\anmol\OneDrive\Desktop\Steel_Surface_Defect_NEU_DET-DATASET\SteelDefectX\train_by_class\Crescent gap\cg_49.jpg
cg_68,Crescent gap,test,287,C:\Users\anmol\OneDrive\Desktop\Steel_Surface_Defect_NEU_DET-DATASET\SteelDefectX\train_by_class\Crescent gap\cg_68.jpg
cg_75,Crescent gap,test,292,C:\Users\anmol\OneDrive\Desktop\Steel_Surface_Defect_NEU_DET-DATASET\SteelDefectX\train_by_class\Crescent gap\cg_75.jpg
cg_83,Crescent gap,test,298,C:\Users\anmol\OneDrive\Desktop\Steel_Surface_Defect_NEU_DET-DATASET\SteelDefectX\train_by_class\Crescent gap\cg_83.jpg
cg_86,Crescent gap,test,299,C:\Users\anmol\OneDrive\Desktop\Steel_Surface_Defect_NEU_DET-DATASET\SteelDefectX\train_by_class\Crescent gap\cg_86.jpg
cg_01,Crescent gap,train,140,C:\Users\anmol\OneDrive\Desktop\Steel_Surface_Defect_NEU_DET-DATASET\SteelDefectX\train_by_class\Crescent gap\cg_01.jpg
cg_02,Crescent gap,train,141,C:\Users\anmol\OneDrive\Desktop\Steel_Surface_Defect_NEU_DET-DATASET\SteelDefectX\train_by_class\Crescent gap\cg_02.jpg
cg_04,Crescent gap,train,142,C:\Users\anmol\OneDrive\Desktop\Steel_Surface_Defect_NEU_DET-DATASET\SteelDefectX\train_by_class\Crescent gap\cg_04.jpg
cg_05,Crescent gap,train,143,C:\Users\anmol\OneDrive\Desktop\Steel_Surface_Defect_NEU_DET-DATASET\SteelDefectX\train_by_class\Crescent gap\cg_05.jpg
cg_06,Crescent gap,train,144,C:\Users\anmol\OneDrive\Desktop\Steel_Surface_Defect_NEU_DET-DATASET\SteelDefectX\train_by_class\Crescent gap\cg_06.jpg
cg_10,Crescent gap,train,146,C:\Users\anmol\OneDrive\Desktop\Steel_Surface_Defect_NEU_DET-DATASET\SteelDefectX\train_by_class\Crescent gap\cg_10.jpg
cg_100,Crescent gap,train,147,C:\Users\anmol\OneDrive\Desktop\Steel_Surface_Defect_NEU_DET-DATASET\SteelDefectX\train_by_class\Crescent gap\cg_100.jpg
cg_101,Crescent gap,train,148,C:\Users\anmol\OneDrive\Desktop\Steel_Surface_Defect_NEU_DET-DATASET\SteelDefectX\train_by_class\Crescent gap\cg_101.jpg
cg_103,Crescent gap,train,149,C:\Users\anmol\OneDrive\Desktop\Steel_Surface_Defect_NEU_DET-DATASET\SteelDefectX\train_by_class\Crescent gap\cg_103.jpg
cg_105,Crescent gap,train,150,C:\Users\anmol\OneDrive\Desktop\Steel_Surface_Defect_NEU_DET-DATASET\SteelDefectX\train_by_class\Crescent gap\cg_105.jpg
cg_106,Crescent gap,train,151,C:\Users\anmol\OneDrive\Desktop\Steel_Surface_Defect_NEU_DET-DATASET\SteelDefectX\train_by_class\Crescent gap\cg_106.jpg
cg_108,Crescent gap,train,152,C:\Users\anmol\OneDrive\Desktop\Steel_Surface_Defect_NEU_DET-DATASET\SteelDefectX\train_by_class\Crescent gap\cg_108.jpg
cg_109,Crescent gap,train,153,C:\Users\anmol\OneDrive\Desktop\Steel_Surface_Defect_NEU_DET-DATASET\SteelDefectX\train_by_class\Crescent gap\cg_109.jpg
cg_112,Crescent gap,train,154,C:\Users\anmol\OneDrive\Desktop\Steel_Surface_Defect_NEU_DET-DATASET\SteelDefectX\train_by_class\Crescent gap\cg_112.jpg
cg_114,Crescent gap,train,155,C:\Users\anmol\OneDrive\Desktop\Steel_Surface_Defect_NEU_DET-DATASET\SteelDefectX\train_by_class\Crescent gap\cg_114.jpg
cg_117,Crescent gap,train,157,C:\Users\anmol\OneDrive\Desktop\Steel_Surface_Defect_NEU_DET-DATASET\SteelDefectX\train_by_class\Crescent gap\cg_117.jpg
cg_118,Crescent gap,train,158,C:\Users\anmol\OneDrive\Desktop\Steel_Surface_Defect_NEU_DET-DATASET\SteelDefectX\train_by_class\Crescent gap\cg_118.jpg
cg_12,Crescent gap,train,159,C:\Users\anmol\OneDrive\Desktop\Steel_Surface_Defect_NEU_DET-DATASET\SteelDefectX\train_by_class\Crescent gap\cg_12.jpg
cg_122,Crescent gap,train,161,C:\Users\anmol\OneDrive\Desktop\Steel_Surface_Defect_NEU_DET-DATASET\SteelDefectX\train_by_class\Crescent gap\cg_122.jpg
cg_128,Crescent gap,train,164,C:\Users\anmol\OneDrive\Desktop\Steel_Surface_Defect_NEU_DET-DATASET\SteelDefectX\train_by_class\Crescent gap\cg_128.jpg
cg_129,Crescent gap,train,165,C:\Users\anmol\OneDrive\Desktop\Steel_Surface_Defect_NEU_DET-DATASET\SteelDefectX\train_by_class\Crescent gap\cg_129.jpg
cg_13,Crescent gap,train,166,C:\Users\anmol\OneDrive\Desktop\Steel_Surface_Defect_NEU_DET-DATASET\SteelDefectX\train_by_class\Crescent gap\cg_13.jpg
cg_130,Crescent gap,train,167,C:\Users\anmol\OneDrive\Desktop\Steel_Surface_Defect_NEU_DET-DATASET\SteelDefectX\train_by_class\Crescent gap\cg_130.jpg
cg_131,Crescent gap,train,168,C:\Users\anmol\OneDrive\Desktop\Steel_Surface_Defect_NEU_DET-DATASET\SteelDefectX\train_by_class\Crescent gap\cg_131.jpg
cg_132,Crescent gap,train,169,C:\Users\anmol\OneDrive\Desktop\Steel_Surface_Defect_NEU_DET-DATASET\SteelDefectX\train_by_class\Crescent gap\cg_132.jpg
cg_133,Crescent gap,train,170,C:\Users\anmol\OneDrive\Desktop\Steel_Surface_Defect_NEU_DET-DATASET\SteelDefectX\train_by_class\Crescent gap\cg_133.jpg
cg_136,Crescent gap,train,171,C:\Users\anmol\OneDrive\Desktop\Steel_Surface_Defect_NEU_DET-DATASET\SteelDefectX\train_by_class\Crescent gap\cg_136.jpg
cg_138,Crescent gap,train,172,C:\Users\anmol\OneDrive\Desktop\Steel_Surface_Defect_NEU_DET-DATASET\SteelDefectX\train_by_class\Crescent gap\cg_138.jpg
cg_14,Crescent gap,train,173,C:\Users\anmol\OneDrive\Desktop\Steel_Surface_Defect_NEU_DET-DATASET\SteelDefectX\train_by_class\Crescent gap\cg_14.jpg
cg_140,Crescent gap,train,174,C:\Users\anmol\OneDrive\Desktop\Steel_Surface_Defect_NEU_DET-DATASET\SteelDefectX\train_by_class\Crescent gap\cg_140.jpg
cg_144,Crescent gap,train,176,C:\Users\anmol\OneDrive\Desktop\Steel_Surface_Defect_NEU_DET-DATASET\SteelDefectX\train_by_class\Crescent gap\cg_144.jpg
cg_147,Crescent gap,train,178,C:\Users\anmol\OneDrive\Desktop\Steel_Surface_Defect_NEU_DET-DATASET\SteelDefectX\train_by_class\Crescent gap\cg_147.jpg
cg_148,Crescent gap,train,179,C:\Users\anmol\OneDrive\Desktop\Steel_Surface_Defect_NEU_DET-DATASET\SteelDefectX\train_by_class\Crescent gap\cg_148.jpg
cg_15,Crescent gap,train,181,C:\Users\anmol\OneDrive\Desktop\Steel_Surface_Defect_NEU_DET-DATASET\SteelDefectX\train_by_class\Crescent gap\cg_15.jpg
cg_152,Crescent gap,train,183,C:\Users\anmol\OneDrive\Desktop\Steel_Surface_Defect_NEU_DET-DATASET\SteelDefectX\train_by_class\Crescent gap\cg_152.jpg
cg_153,Crescent gap,train,184,C:\Users\anmol\OneDrive\Desktop\Steel_Surface_Defect_NEU_DET-DATASET\SteelDefectX\train_by_class\Crescent gap\cg_153.jpg
cg_154,Crescent gap,train,185,C:\Users\anmol\OneDrive\Desktop\Steel_Surface_Defect_NEU_DET-DATASET\SteelDefectX\train_by_class\Crescent gap\cg_154.jpg
cg_155,Crescent gap,train,186,C:\Users\anmol\OneDrive\Desktop\Steel_Surface_Defect_NEU_DET-DATASET\SteelDefectX\train_by_class\Crescent gap\cg_155.jpg
cg_159,Crescent gap,train,188,C:\Users\anmol\OneDrive\Desktop\Steel_Surface_Defect_NEU_DET-DATASET\SteelDefectX\train_by_class\Crescent gap\cg_159.jpg
cg_162,Crescent gap,train,191,C:\Users\anmol\OneDrive\Desktop\Steel_Surface_Defect_NEU_DET-DATASET\SteelDefectX\train_by_class\Crescent gap\cg_162.jpg
cg_163,Crescent gap,train,192,C:\Users\anmol\OneDrive\Desktop\Steel_Surface_Defect_NEU_DET-DATASET\SteelDefectX\train_by_class\Crescent gap\cg_163.jpg
cg_164,Crescent gap,train,193,C:\Users\anmol\OneDrive\Desktop\Steel_Surface_Defect_NEU_DET-DATASET\SteelDefectX\train_by_class\Crescent gap\cg_164.jpg
cg_165,Crescent gap,train,194,C:\Users\anmol\OneDrive\Desktop\Steel_Surface_Defect_NEU_DET-DATASET\SteelDefectX\train_by_class\Crescent gap\cg_165.jpg
cg_166,Crescent gap,train,195,C:\Users\anmol\OneDrive\Desktop\Steel_Surface_Defect_NEU_DET-DATASET\SteelDefectX\train_by_class\Crescent gap\cg_166.jpg
cg_167,Crescent gap,train,196,C:\Users\anmol\OneDrive\Desktop\Steel_Surface_Defect_NEU_DET-DATASET\SteelDefectX\train_by_class\Crescent gap\cg_167.jpg
cg_17,Crescent gap,train,198,C:\Users\anmol\OneDrive\Desktop\Steel_Surface_Defect_NEU_DET-DATASET\SteelDefectX\train_by_class\Crescent gap\cg_17.jpg
cg_170,Crescent gap,train,199,C:\Users\anmol\OneDrive\Desktop\Steel_Surface_Defect_NEU_DET-DATASET\SteelDefectX\train_by_class\Crescent gap\cg_170.jpg
cg_173,Crescent gap,train,200,C:\Users\anmol\OneDrive\Desktop\Steel_Surface_Defect_NEU_DET-DATASET\SteelDefectX\train_by_class\Crescent gap\cg_173.jpg
cg_174,Crescent gap,train,201,C:\Users\anmol\OneDrive\Desktop\Steel_Surface_Defect_NEU_DET-DATASET\SteelDefectX\train_by_class\Crescent gap\cg_174.jpg
cg_177,Crescent gap,train,203,C:\Users\anmol\OneDrive\Desktop\Steel_Surface_Defect_NEU_DET-DATASET\SteelDefectX\train_by_class\Crescent gap\cg_177.jpg
cg_179,Crescent gap,train,204,C:\Users\anmol\OneDrive\Desktop\Steel_Surface_Defect_NEU_DET-DATASET\SteelDefectX\train_by_class\Crescent gap\cg_179.jpg
cg_181,Crescent gap,train,205,C:\Users\anmol\OneDrive\Desktop\Steel_Surface_Defect_NEU_DET-DATASET\SteelDefectX\train_by_class\Crescent gap\cg_181.jpg
cg_182,Crescent gap,train,206,C:\Users\anmol\OneDrive\Desktop\Steel_Surface_Defect_NEU_DET-DATASET\SteelDefectX\train_by_class\Crescent gap\cg_182.jpg
cg_183,Crescent gap,train,207,C:\Users\anmol\OneDrive\Desktop\Steel_Surface_Defect_NEU_DET-DATASET\SteelDefectX\train_by_class\Crescent gap\cg_183.jpg
cg_185,Crescent gap,train,208,C:\Users\anmol\OneDrive\Desktop\Steel_Surface_Defect_NEU_DET-DATASET\SteelDefectX\train_by_class\Crescent gap\cg_185.jpg
cg_187,Crescent gap,train,209,C:\Users\anmol\OneDrive\Desktop\Steel_Surface_Defect_NEU_DET-DATASET\SteelDefectX\train_by_class\Crescent gap\cg_187.jpg
cg_194,Crescent gap,train,215,C:\Users\anmol\OneDrive\Desktop\Steel_Surface_Defect_NEU_DET-DATASET\SteelDefectX\train_by_class\Crescent gap\cg_194.jpg
cg_197,Crescent gap,train,216,C:\Users\anmol\OneDrive\Desktop\Steel_Surface_Defect_NEU_DET-DATASET\SteelDefectX\train_by_class\Crescent gap\cg_197.jpg
cg_199,Crescent gap,train,218,C:\Users\anmol\OneDrive\Desktop\Steel_Surface_Defect_NEU_DET-DATASET\SteelDefectX\train_by_class\Crescent gap\cg_199.jpg
cg_200,Crescent gap,train,220,C:\Users\anmol\OneDrive\Desktop\Steel_Surface_Defect_NEU_DET-DATASET\SteelDefectX\train_by_class\Crescent gap\cg_200.jpg
cg_201,Crescent gap,train,221,C:\Users\anmol\OneDrive\Desktop\Steel_Surface_Defect_NEU_DET-DATASET\SteelDefectX\train_by_class\Crescent gap\cg_201.jpg
cg_202,Crescent gap,train,222,C:\Users\anmol\OneDrive\Desktop\Steel_Surface_Defect_NEU_DET-DATASET\SteelDefectX\train_by_class\Crescent gap\cg_202.jpg
cg_203,Crescent gap,train,223,C:\Users\anmol\OneDrive\Desktop\Steel_Surface_Defect_NEU_DET-DATASET\SteelDefectX\train_by_class\Crescent gap\cg_203.jpg
cg_206,Crescent gap,train,225,C:\Users\anmol\OneDrive\Desktop\Steel_Surface_Defect_NEU_DET-DATASET\SteelDefectX\train_by_class\Crescent gap\cg_206.jpg
cg_208,Crescent gap,train,227,C:\Users\anmol\OneDrive\Desktop\Steel_Surface_Defect_NEU_DET-DATASET\SteelDefectX\train_by_class\Crescent gap\cg_208.jpg
cg_209,Crescent gap,train,228,C:\Users\anmol\OneDrive\Desktop\Steel_Surface_Defect_NEU_DET-DATASET\SteelDefectX\train_by_class\Crescent gap\cg_209.jpg
cg_210,Crescent gap,train,230,C:\Users\anmol\OneDrive\Desktop\Steel_Surface_Defect_NEU_DET-DATASET\SteelDefectX\train_by_class\Crescent gap\cg_210.jpg
cg_211,Crescent gap,train,231,C:\Users\anmol\OneDrive\Desktop\Steel_Surface_Defect_NEU_DET-DATASET\SteelDefectX\train_by_class\Crescent gap\cg_211.jpg
cg_212,Crescent gap,train,232,C:\Users\anmol\OneDrive\Desktop\Steel_Surface_Defect_NEU_DET-DATASET\SteelDefectX\train_by_class\Crescent gap\cg_212.jpg
cg_215,Crescent gap,train,234,C:\Users\anmol\OneDrive\Desktop\Steel_Surface_Defect_NEU_DET-DATASET\SteelDefectX\train_by_class\Crescent gap\cg_215.jpg
cg_216,Crescent gap,train,235,C:\Users\anmol\OneDrive\Desktop\Steel_Surface_Defect_NEU_DET-DATASET\SteelDefectX\train_by_class\Crescent gap\cg_216.jpg
cg_217,Crescent gap,train,236,C:\Users\anmol\OneDrive\Desktop\Steel_Surface_Defect_NEU_DET-DATASET\SteelDefectX\train_by_class\Crescent gap\cg_217.jpg
cg_218,Crescent gap,train,237,C:\Users\anmol\OneDrive\Desktop\Steel_Surface_Defect_NEU_DET-DATASET\SteelDefectX\train_by_class\Crescent gap\cg_218.jpg
cg_22,Crescent gap,train,181,C:\Users\anmol\OneDrive\Desktop\Steel_Surface_Defect_NEU_DET-DATASET\SteelDefectX\train_by_class\Crescent gap\cg_22.jpg
cg_223,Crescent gap,train,239,C:\Users\anmol\OneDrive\Desktop\Steel_Surface_Defect_NEU_DET-DATASET\SteelDefectX\train_by_class\Crescent gap\cg_223.jpg
cg_231,Crescent gap,train,244,C:\Users\anmol\OneDrive\Desktop\Steel_Surface_Defect_NEU_DET-DATASET\SteelDefectX\train_by_class\Crescent gap\cg_231.jpg
cg_232,Crescent gap,train,245,C:\Users\anmol\OneDrive\Desktop\Steel_Surface_Defect_NEU_DET-DATASET\SteelDefectX\train_by_class\Crescent gap\cg_232.jpg
cg_233,Crescent gap,train,246,C:\Users\anmol\OneDrive\Desktop\Steel_Surface_Defect_NEU_DET-DATASET\SteelDefectX\train_by_class\Crescent gap\cg_233.jpg
cg_234,Crescent gap,train,247,C:\Users\anmol\OneDrive\Desktop\Steel_Surface_Defect_NEU_DET-DATASET\SteelDefectX\train_by_class\Crescent gap\cg_234.jpg
cg_235,Crescent gap,train,248,C:\Users\anmol\OneDrive\Desktop\Steel_Surface_Defect_NEU_DET-DATASET\SteelDefectX\train_by_class\Crescent gap\cg_235.jpg
cg_241,Crescent gap,train,253,C:\Users\anmol\OneDrive\Desktop\Steel_Surface_Defect_NEU_DET-DATASET\SteelDefectX\train_by_class\Crescent gap\cg_241.jpg
cg_244,Crescent gap,train,255,C:\Users\anmol\OneDrive\Desktop\Steel_Surface_Defect_NEU_DET-DATASET\SteelDefectX\train_by_class\Crescent gap\cg_244.jpg
cg_26,Crescent gap,train,258,C:\Users\anmol\OneDrive\Desktop\Steel_Surface_Defect_NEU_DET-DATASET\SteelDefectX\train_by_class\Crescent gap\cg_26.jpg
cg_27,Crescent gap,train,259,C:\Users\anmol\OneDrive\Desktop\Steel_Surface_Defect_NEU_DET-DATASET\SteelDefectX\train_by_class\Crescent gap\cg_27.jpg
cg_29,Crescent gap,train,260,C:\Users\anmol\OneDrive\Desktop\Steel_Surface_Defect_NEU_DET-DATASET\SteelDefectX\train_by_class\Crescent gap\cg_29.jpg
cg_34,Crescent gap,train,263,C:\Users\anmol\OneDrive\Desktop\Steel_Surface_Defect_NEU_DET-DATASET\SteelDefectX\train_by_class\Crescent gap\cg_34.jpg
cg_35,Crescent gap,train,264,C:\Users\anmol\OneDrive\Desktop\Steel_Surface_Defect_NEU_DET-DATASET\SteelDefectX\train_by_class\Crescent gap\cg_35.jpg
cg_38,Crescent gap,train,266,C:\Users\anmol\OneDrive\Desktop\Steel_Surface_Defect_NEU_DET-DATASET\SteelDefectX\train_by_class\Crescent gap\cg_38.jpg
cg_40,Crescent gap,train,268,C:\Users\anmol\OneDrive\Desktop\Steel_Surface_Defect_NEU_DET-DATASET\SteelDefectX\train_by_class\Crescent gap\cg_40.jpg
cg_43,Crescent gap,train,271,C:\Users\anmol\OneDrive\Desktop\Steel_Surface_Defect_NEU_DET-DATASET\SteelDefectX\train_by_class\Crescent gap\cg_43.jpg
cg_51,Crescent gap,train,275,C:\Users\anmol\OneDrive\Desktop\Steel_Surface_Defect_NEU_DET-DATASET\SteelDefectX\train_by_class\Crescent gap\cg_51.jpg
cg_52,Crescent gap,train,276,C:\Users\anmol\OneDrive\Desktop\Steel_Surface_Defect_NEU_DET-DATASET\SteelDefectX\train_by_class\Crescent gap\cg_52.jpg
cg_53,Crescent gap,train,277,C:\Users\anmol\OneDrive\Desktop\Steel_Surface_Defect_NEU_DET-DATASET\SteelDefectX\train_by_class\Crescent gap\cg_53.jpg
cg_54,Crescent gap,train,278,C:\Users\anmol\OneDrive\Desktop\Steel_Surface_Defect_NEU_DET-DATASET\SteelDefectX\train_by_class\Crescent gap\cg_54.jpg
cg_56,Crescent gap,train,279,C:\Users\anmol\OneDrive\Desktop\Steel_Surface_Defect_NEU_DET-DATASET\SteelDefectX\train_by_class\Crescent gap\cg_56.jpg
cg_57,Crescent gap,train,280,C:\Users\anmol\OneDrive\Desktop\Steel_Surface_Defect_NEU_DET-DATASET\SteelDefectX\train_by_class\Crescent gap\cg_57.jpg
cg_60,Crescent gap,train,282,C:\Users\anmol\OneDrive\Desktop\Steel_Surface_Defect_NEU_DET-DATASET\SteelDefectX\train_by_class\Crescent gap\cg_60.jpg
cg_61,Crescent gap,train,283,C:\Users\anmol\OneDrive\Desktop\Steel_Surface_Defect_NEU_DET-DATASET\SteelDefectX\train_by_class\Crescent gap\cg_61.jpg
cg_62,Crescent gap,train,284,C:\Users\anmol\OneDrive\Desktop\Steel_Surface_Defect_NEU_DET-DATASET\SteelDefectX\train_by_class\Crescent gap\cg_62.jpg
cg_64,Crescent gap,train,285,C:\Users\anmol\OneDrive\Desktop\Steel_Surface_Defect_NEU_DET-DATASET\SteelDefectX\train_by_class\Crescent gap\cg_64.jpg
cg_65,Crescent gap,train,286,C:\Users\anmol\OneDrive\Desktop\Steel_Surface_Defect_NEU_DET-DATASET\SteelDefectX\train_by_class\Crescent gap\cg_65.jpg
cg_69,Crescent gap,train,288,C:\Users\anmol\OneDrive\Desktop\Steel_Surface_Defect_NEU_DET-DATASET\SteelDefectX\train_by_class\Crescent gap\cg_69.jpg
cg_71,Crescent gap,train,289,C:\Users\anmol\OneDrive\Desktop\Steel_Surface_Defect_NEU_DET-DATASET\SteelDefectX\train_by_class\Crescent gap\cg_71.jpg
cg_72,Crescent gap,train,290,C:\Users\anmol\OneDrive\Desktop\Steel_Surface_Defect_NEU_DET-DATASET\SteelDefectX\train_by_class\Crescent gap\cg_72.jpg
cg_73,Crescent gap,train,291,C:\Users\anmol\OneDrive\Desktop\Steel_Surface_Defect_NEU_DET-DATASET\SteelDefectX\train_by_class\Crescent gap\cg_73.jpg
cg_76,Crescent gap,train,293,C:\Users\anmol\OneDrive\Desktop\Steel_Surface_Defect_NEU_DET-DATASET\SteelDefectX\train_by_class\Crescent gap\cg_76.jpg
cg_77,Crescent gap,train,294,C:\Users\anmol\OneDrive\Desktop\Steel_Surface_Defect_NEU_DET-DATASET\SteelDefectX\train_by_class\Crescent gap\cg_77.jpg
cg_78,Crescent gap,train,295,C:\Users\anmol\OneDrive\Desktop\Steel_Surface_Defect_NEU_DET-DATASET\SteelDefectX\train_by_class\Crescent gap\cg_78.jpg
cg_79,Crescent gap,train,296,C:\Users\anmol\OneDrive\Desktop\Steel_Surface_Defect_NEU_DET-DATASET\SteelDefectX\train_by_class\Crescent gap\cg_79.jpg
cg_81,Crescent gap,train,297,C:\Users\anmol\OneDrive\Desktop\Steel_Surface_Defect_NEU_DET-DATASET\SteelDefectX\train_by_class\Crescent gap\cg_81.jpg
cg_88,Crescent gap,train,300,C:\Users\anmol\OneDrive\Desktop\Steel_Surface_Defect_NEU_DET-DATASET\SteelDefectX\train_by_class\Crescent gap\cg_88.jpg
cg_90,Crescent gap,train,301,C:\Users\anmol\OneDrive\Desktop\Steel_Surface_Defect_NEU_DET-DATASET\SteelDefectX\train_by_class\Crescent gap\cg_90.jpg
cg_92,Crescent gap,train,302,C:\Users\anmol\OneDrive\Desktop\Steel_Surface_Defect_NEU_DET-DATASET\SteelDefectX\train_by_class\Crescent gap\cg_92.jpg
cg_93,Crescent gap,train,303,C:\Users\anmol\OneDrive\Desktop\Steel_Surface_Defect_NEU_DET-DATASET\SteelDefectX\train_by_class\Crescent gap\cg_93.jpg
cg_94,Crescent gap,train,304,C:\Users\anmol\OneDrive\Desktop\Steel_Surface_Defect_NEU_DET-DATASET\SteelDefectX\train_by_class\Crescent gap\cg_94.jpg
cg_95,Crescent gap,train,305,C:\Users\anmol\OneDrive\Desktop\Steel_Surface_Defect_NEU_DET-DATASET\SteelDefectX\train_by_class\Crescent gap\cg_95.jpg
cg_96,Crescent gap,train,306,C:\Users\anmol\OneDrive\Desktop\Steel_Surface_Defect_NEU_DET-DATASET\SteelDefectX\train_by_class\Crescent gap\cg_96.jpg
cg_97,Crescent gap,train,307,C:\Users\anmol\OneDrive\Desktop\Steel_Surface_Defect_NEU_DET-DATASET\SteelDefectX\train_by_class\Crescent gap\cg_97.jpg
cg_98,Crescent gap,train,308,C:\Users\anmol\OneDrive\Desktop\Steel_Surface_Defect_NEU_DET-DATASET\SteelDefectX\train_by_class\Crescent gap\cg_98.jpg
cg_99,Crescent gap,train,309,C:\Users\anmol\OneDrive\Desktop\Steel_Surface_Defect_NEU_DET-DATASET\SteelDefectX\train_by_class\Crescent gap\cg_99.jpg
cg_08,Crescent gap,val,145,C:\Users\anmol\OneDrive\Desktop\Steel_Surface_Defect_NEU_DET-DATASET\SteelDefectX\train_by_class\Crescent gap\cg_08.jpg
cg_120,Crescent gap,val,160,C:\Users\anmol\OneDrive\Desktop\Steel_Surface_Defect_NEU_DET-DATASET\SteelDefectX\train_by_class\Crescent gap\cg_120.jpg
cg_141,Crescent gap,val,175,C:\Users\anmol\OneDrive\Desktop\Steel_Surface_Defect_NEU_DET-DATASET\SteelDefectX\train_by_class\Crescent gap\cg_141.jpg
cg_160,Crescent gap,val,190,C:\Users\anmol\OneDrive\Desktop\Steel_Surface_Defect_NEU_DET-DATASET\SteelDefectX\train_by_class\Crescent gap\cg_160.jpg
cg_168,Crescent gap,val,197,C:\Users\anmol\OneDrive\Desktop\Steel_Surface_Defect_NEU_DET-DATASET\SteelDefectX\train_by_class\Crescent gap\cg_168.jpg
cg_188,Crescent gap,val,210,C:\Users\anmol\OneDrive\Desktop\Steel_Surface_Defect_NEU_DET-DATASET\SteelDefectX\train_by_class\Crescent gap\cg_188.jpg
cg_189,Crescent gap,val,211,C:\Users\anmol\OneDrive\Desktop\Steel_Surface_Defect_NEU_DET-DATASET\SteelDefectX\train_by_class\Crescent gap\cg_189.jpg
cg_190,Crescent gap,val,213,C:\Users\anmol\OneDrive\Desktop\Steel_Surface_Defect_NEU_DET-DATASET\SteelDefectX\train_by_class\Crescent gap\cg_190.jpg
cg_191,Crescent gap,val,214,C:\Users\anmol\OneDrive\Desktop\Steel_Surface_Defect_NEU_DET-DATASET\SteelDefectX\train_by_class\Crescent gap\cg_191.jpg
cg_198,Crescent gap,val,217,C:\Users\anmol\OneDrive\Desktop\Steel_Surface_Defect_NEU_DET-DATASET\SteelDefectX\train_by_class\Crescent gap\cg_198.jpg
cg_224,Crescent gap,val,240,C:\Users\anmol\OneDrive\Desktop\Steel_Surface_Defect_NEU_DET-DATASET\SteelDefectX\train_by_class\Crescent gap\cg_224.jpg
cg_229,Crescent gap,val,242,C:\Users\anmol\OneDrive\Desktop\Steel_Surface_Defect_NEU_DET-DATASET\SteelDefectX\train_by_class\Crescent gap\cg_229.jpg
cg_236,Crescent gap,val,249,C:\Users\anmol\OneDrive\Desktop\Steel_Surface_Defect_NEU_DET-DATASET\SteelDefectX\train_by_class\Crescent gap\cg_236.jpg
cg_238,Crescent gap,val,250,C:\Users\anmol\OneDrive\Desktop\Steel_Surface_Defect_NEU_DET-DATASET\SteelDefectX\train_by_class\Crescent gap\cg_238.jpg
cg_245,Crescent gap,val,256,C:\Users\anmol\OneDrive\Desktop\Steel_Surface_Defect_NEU_DET-DATASET\SteelDefectX\train_by_class\Crescent gap\cg_245.jpg
cg_45,Crescent gap,val,272,C:\Users\anmol\OneDrive\Desktop\Steel_Surface_Defect_NEU_DET-DATASET\SteelDefectX\train_by_class\Crescent gap\cg_45.jpg
cg_59,Crescent gap,val,281,C:\Users\anmol\OneDrive\Desktop\Steel_Surface_Defect_NEU_DET-DATASET\SteelDefectX\train_by_class\Crescent gap\cg_59.jpg
frp_103,Finishing roll printing,test,317,C:\Users\anmol\OneDrive\Desktop\Steel_Surface_Defect_NEU_DET-DATASET\SteelDefectX\train_by_class\Finishing roll printing\frp_103.jpg
frp_11,Finishing roll printing,test,322,C:\Users\anmol\OneDrive\Desktop\Steel_Surface_Defect_NEU_DET-DATASET\SteelDefectX\train_by_class\Finishing roll printing\frp_11.jpg
frp_114,Finishing roll printing,test,325,C:\Users\anmol\OneDrive\Desktop\Steel_Surface_Defect_NEU_DET-DATASET\SteelDefectX\train_by_class\Finishing roll printing\frp_114.jpg
frp_116,Finishing roll printing,test,326,C:\Users\anmol\OneDrive\Desktop\Steel_Surface_Defect_NEU_DET-DATASET\SteelDefectX\train_by_class\Finishing roll printing\frp_116.jpg
frp_119,Finishing roll printing,test,329,C:\Users\anmol\OneDrive\Desktop\Steel_Surface_Defect_NEU_DET-DATASET\SteelDefectX\train_by_class\Finishing roll printing\frp_119.jpg
frp_127,Finishing roll printing,test,336,C:\Users\anmol\OneDrive\Desktop\Steel_Surface_Defect_NEU_DET-DATASET\SteelDefectX\train_by_class\Finishing roll printing\frp_127.jpg
frp_130,Finishing roll printing,test,339,C:\Users\anmol\OneDrive\Desktop\Steel_Surface_Defect_NEU_DET-DATASET\SteelDefectX\train_by_class\Finishing roll printing\frp_130.jpg
frp_133,Finishing roll printing,test,342,C:\Users\anmol\OneDrive\Desktop\Steel_Surface_Defect_NEU_DET-DATASET\SteelDefectX\train_by_class\Finishing roll printing\frp_133.jpg
frp_134,Finishing roll printing,test,343,C:\Users\anmol\OneDrive\Desktop\Steel_Surface_Defect_NEU_DET-DATASET\SteelDefectX\train_by_class\Finishing roll printing\frp_134.jpg
frp_138,Finishing roll printing,test,346,C:\Users\anmol\OneDrive\Desktop\Steel_Surface_Defect_NEU_DET-DATASET\SteelDefectX\train_by_class\Finishing roll printing\frp_138.jpg
frp_139,Finishing roll printing,test,347,C:\Users\anmol\OneDrive\Desktop\Steel_Surface_Defect_NEU_DET-DATASET\SteelDefectX\train_by_class\Finishing roll printing\frp_139.jpg
frp_145,Finishing roll printing,test,352,C:\Users\anmol\OneDrive\Desktop\Steel_Surface_Defect_NEU_DET-DATASET\SteelDefectX\train_by_class\Finishing roll printing\frp_145.jpg
frp_151,Finishing roll printing,test,358,C:\Users\anmol\OneDrive\Desktop\Steel_Surface_Defect_NEU_DET-DATASET\SteelDefectX\train_by_class\Finishing roll printing\frp_151.jpg
frp_169,Finishing roll printing,test,369,C:\Users\anmol\OneDrive\Desktop\Steel_Surface_Defect_NEU_DET-DATASET\SteelDefectX\train_by_class\Finishing roll printing\frp_169.jpg
frp_170,Finishing roll printing,test,370,C:\Users\anmol\OneDrive\Desktop\Steel_Surface_Defect_NEU_DET-DATASET\SteelDefectX\train_by_class\Finishing roll printing\frp_170.jpg
frp_172,Finishing roll printing,test,372,C:\Users\anmol\OneDrive\Desktop\Steel_Surface_Defect_NEU_DET-DATASET\SteelDefectX\train_by_class\Finishing roll printing\frp_172.jpg
frp_173,Finishing roll printing,test,373,C:\Users\anmol\OneDrive\Desktop\Steel_Surface_Defect_NEU_DET-DATASET\SteelDefectX\train_by_class\Finishing roll printing\frp_173.jpg
frp_174,Finishing roll printing,test,374,C:\Users\anmol\OneDrive\Desktop\Steel_Surface_Defect_NEU_DET-DATASET\SteelDefectX\train_by_class\Finishing roll printing\frp_174.jpg
frp_182,Finishing roll printing,test,379,C:\Users\anmol\OneDrive\Desktop\Steel_Surface_Defect_NEU_DET-DATASET\SteelDefectX\train_by_class\Finishing roll printing\frp_182.jpg
frp_183,Finishing roll printing,test,380,C:\Users\anmol\OneDrive\Desktop\Steel_Surface_Defect_NEU_DET-DATASET\SteelDefectX\train_by_class\Finishing roll printing\frp_183.jpg
frp_196,Finishing roll printing,test,390,C:\Users\anmol\OneDrive\Desktop\Steel_Surface_Defect_NEU_DET-DATASET\SteelDefectX\train_by_class\Finishing roll printing\frp_196.jpg
frp_197,Finishing roll printing,test,391,C:\Users\anmol\OneDrive\Desktop\Steel_Surface_Defect_NEU_DET-DATASET\SteelDefectX\train_by_class\Finishing roll printing\frp_197.jpg
frp_203,Finishing roll printing,test,397,C:\Users\anmol\OneDrive\Desktop\Steel_Surface_Defect_NEU_DET-DATASET\SteelDefectX\train_by_class\Finishing roll printing\frp_203.jpg
frp_36,Finishing roll printing,test,407,C:\Users\anmol\OneDrive\Desktop\Steel_Surface_Defect_NEU_DET-DATASET\SteelDefectX\train_by_class\Finishing roll printing\frp_36.jpg
frp_54,Finishing roll printing,test,421,C:\Users\anmol\OneDrive\Desktop\Steel_Surface_Defect_NEU_DET-DATASET\SteelDefectX\train_by_class\Finishing roll printing\frp_54.jpg
frp_56,Finishing roll printing,test,423,C:\Users\anmol\OneDrive\Desktop\Steel_Surface_Defect_NEU_DET-DATASET\SteelDefectX\train_by_class\Finishing roll printing\frp_56.jpg
frp_63,Finishing roll printing,test,429,C:\Users\anmol\OneDrive\Desktop\Steel_Surface_Defect_NEU_DET-DATASET\SteelDefectX\train_by_class\Finishing roll printing\frp_63.jpg
frp_73,Finishing roll printing,test,434,C:\Users\anmol\OneDrive\Desktop\Steel_Surface_Defect_NEU_DET-DATASET\SteelDefectX\train_by_class\Finishing roll printing\frp_73.jpg
frp_78,Finishing roll printing,test,438,C:\Users\anmol\OneDrive\Desktop\Steel_Surface_Defect_NEU_DET-DATASET\SteelDefectX\train_by_class\Finishing roll printing\frp_78.jpg
frp_01,Finishing roll printing,train,310,C:\Users\anmol\OneDrive\Desktop\Steel_Surface_Defect_NEU_DET-DATASET\SteelDefectX\train_by_class\Finishing roll printing\frp_01.jpg
frp_03,Finishing roll printing,train,311,C:\Users\anmol\OneDrive\Desktop\Steel_Surface_Defect_NEU_DET-DATASET\SteelDefectX\train_by_class\Finishing roll printing\frp_03.jpg
frp_04,Finishing roll printing,train,312,C:\Users\anmol\OneDrive\Desktop\Steel_Surface_Defect_NEU_DET-DATASET\SteelDefectX\train_by_class\Finishing roll printing\frp_04.jpg
frp_06,Finishing roll printing,train,314,C:\Users\anmol\OneDrive\Desktop\Steel_Surface_Defect_NEU_DET-DATASET\SteelDefectX\train_by_class\Finishing roll printing\frp_06.jpg
frp_08,Finishing roll printing,train,315,C:\Users\anmol\OneDrive\Desktop\Steel_Surface_Defect_NEU_DET-DATASET\SteelDefectX\train_by_class\Finishing roll printing\frp_08.jpg
frp_101,Finishing roll printing,train,316,C:\Users\anmol\OneDrive\Desktop\Steel_Surface_Defect_NEU_DET-DATASET\SteelDefectX\train_by_class\Finishing roll printing\frp_101.jpg
frp_104,Finishing roll printing,train,318,C:\Users\anmol\OneDrive\Desktop\Steel_Surface_Defect_NEU_DET-DATASET\SteelDefectX\train_by_class\Finishing roll printing\frp_104.jpg
frp_105,Finishing roll printing,train,319,C:\Users\anmol\OneDrive\Desktop\Steel_Surface_Defect_NEU_DET-DATASET\SteelDefectX\train_by_class\Finishing roll printing\frp_105.jpg
frp_106,Finishing roll printing,train,320,C:\Users\anmol\OneDrive\Desktop\Steel_Surface_Defect_NEU_DET-DATASET\SteelDefectX\train_by_class\Finishing roll printing\frp_106.jpg
frp_108,Finishing roll printing,train,321,C:\Users\anmol\OneDrive\Desktop\Steel_Surface_Defect_NEU_DET-DATASET\SteelDefectX\train_by_class\Finishing roll printing\frp_108.jpg
frp_113,Finishing roll printing,train,324,C:\Users\anmol\OneDrive\Desktop\Steel_Surface_Defect_NEU_DET-DATASET\SteelDefectX\train_by_class\Finishing roll printing\frp_113.jpg
frp_117,Finishing roll printing,train,327,C:\Users\anmol\OneDrive\Desktop\Steel_Surface_Defect_NEU_DET-DATASET\SteelDefectX\train_by_class\Finishing roll printing\frp_117.jpg
frp_118,Finishing roll printing,train,328,C:\Users\anmol\OneDrive\Desktop\Steel_Surface_Defect_NEU_DET-DATASET\SteelDefectX\train_by_class\Finishing roll printing\frp_118.jpg
frp_120,Finishing roll printing,train,330,C:\Users\anmol\OneDrive\Desktop\Steel_Surface_Defect_NEU_DET-DATASET\SteelDefectX\train_by_class\Finishing roll printing\frp_120.jpg
frp_122,Finishing roll printing,train,331,C:\Users\anmol\OneDrive\Desktop\Steel_Surface_Defect_NEU_DET-DATASET\SteelDefectX\train_by_class\Finishing roll printing\frp_122.jpg
frp_123,Finishing roll printing,train,332,C:\Users\anmol\OneDrive\Desktop\Steel_Surface_Defect_NEU_DET-DATASET\SteelDefectX\train_by_class\Finishing roll printing\frp_123.jpg
frp_124,Finishing roll printing,train,333,C:\Users\anmol\OneDrive\Desktop\Steel_Surface_Defect_NEU_DET-DATASET\SteelDefectX\train_by_class\Finishing roll printing\frp_124.jpg
frp_125,Finishing roll printing,train,334,C:\Users\anmol\OneDrive\Desktop\Steel_Surface_Defect_NEU_DET-DATASET\SteelDefectX\train_by_class\Finishing roll printing\frp_125.jpg
frp_126,Finishing roll printing,train,335,C:\Users\anmol\OneDrive\Desktop\Steel_Surface_Defect_NEU_DET-DATASET\SteelDefectX\train_by_class\Finishing roll printing\frp_126.jpg
frp_13,Finishing roll printing,train,338,C:\Users\anmol\OneDrive\Desktop\Steel_Surface_Defect_NEU_DET-DATASET\SteelDefectX\train_by_class\Finishing roll printing\frp_13.jpg
frp_131,Finishing roll printing,train,340,C:\Users\anmol\OneDrive\Desktop\Steel_Surface_Defect_NEU_DET-DATASET\SteelDefectX\train_by_class\Finishing roll printing\frp_131.jpg
frp_132,Finishing roll printing,train,341,C:\Users\anmol\OneDrive\Desktop\Steel_Surface_Defect_NEU_DET-DATASET\SteelDefectX\train_by_class\Finishing roll printing\frp_132.jpg
frp_135,Finishing roll printing,train,344,C:\Users\anmol\OneDrive\Desktop\Steel_Surface_Defect_NEU_DET-DATASET\SteelDefectX\train_by_class\Finishing roll printing\frp_135.jpg
frp_136,Finishing roll printing,train,345,C:\Users\anmol\OneDrive\Desktop\Steel_Surface_Defect_NEU_DET-DATASET\SteelDefectX\train_by_class\Finishing roll printing\frp_136.jpg
frp_14,Finishing roll printing,train,348,C:\Users\anmol\OneDrive\Desktop\Steel_Surface_Defect_NEU_DET-DATASET\SteelDefectX\train_by_class\Finishing roll printing\frp_14.jpg
frp_141,Finishing roll printing,train,349,C:\Users\anmol\OneDrive\Desktop\Steel_Surface_Defect_NEU_DET-DATASET\SteelDefectX\train_by_class\Finishing roll printing\frp_141.jpg
frp_142,Finishing roll printing,train,350,C:\Users\anmol\OneDrive\Desktop\Steel_Surface_Defect_NEU_DET-DATASET\SteelDefectX\train_by_class\Finishing roll printing\frp_142.jpg
frp_143,Finishing roll printing,train,351,C:\Users\anmol\OneDrive\Desktop\Steel_Surface_Defect_NEU_DET-DATASET\SteelDefectX\train_by_class\Finishing roll printing\frp_143.jpg
frp_146,Finishing roll printing,train,353,C:\Users\anmol\OneDrive\Desktop\Steel_Surface_Defect_NEU_DET-DATASET\SteelDefectX\train_by_class\Finishing roll printing\frp_146.jpg
frp_148,Finishing roll printing,train,354,C:\Users\anmol\OneDrive\Desktop\Steel_Surface_Defect_NEU_DET-DATASET\SteelDefectX\train_by_class\Finishing roll printing\frp_148.jpg
frp_15,Finishing roll printing,train,356,C:\Users\anmol\OneDrive\Desktop\Steel_Surface_Defect_NEU_DET-DATASET\SteelDefectX\train_by_class\Finishing roll printing\frp_15.jpg
frp_150,Finishing roll printing,train,357,C:\Users\anmol\OneDrive\Desktop\Steel_Surface_Defect_NEU_DET-DATASET\SteelDefectX\train_by_class\Finishing roll printing\frp_150.jpg
frp_153,Finishing roll printing,train,359,C:\Users\anmol\OneDrive\Desktop\Steel_Surface_Defect_NEU_DET-DATASET\SteelDefectX\train_by_class\Finishing roll printing\frp_153.jpg
frp_157,Finishing roll printing,train,361,C:\Users\anmol\OneDrive\Desktop\Steel_Surface_Defect_NEU_DET-DATASET\SteelDefectX\train_by_class\Finishing roll printing\frp_157.jpg
frp_158,Finishing roll printing,train,362,C:\Users\anmol\OneDrive\Desktop\Steel_Surface_Defect_NEU_DET-DATASET\SteelDefectX\train_by_class\Finishing roll printing\frp_158.jpg
frp_159,Finishing roll printing,train,363,C:\Users\anmol\OneDrive\Desktop\Steel_Surface_Defect_NEU_DET-DATASET\SteelDefectX\train_by_class\Finishing roll printing\frp_159.jpg
frp_160,Finishing roll printing,train,364,C:\Users\anmol\OneDrive\Desktop\Steel_Surface_Defect_NEU_DET-DATASET\SteelDefectX\train_by_class\Finishing roll printing\frp_160.jpg
frp_163,Finishing roll printing,train,365,C:\Users\anmol\OneDrive\Desktop\Steel_Surface_Defect_NEU_DET-DATASET\SteelDefectX\train_by_class\Finishing roll printing\frp_163.jpg
frp_166,Finishing roll printing,train,366,C:\Users\anmol\OneDrive\Desktop\Steel_Surface_Defect_NEU_DET-DATASET\SteelDefectX\train_by_class\Finishing roll printing\frp_166.jpg
frp_167,Finishing roll printing,train,367,C:\Users\anmol\OneDrive\Desktop\Steel_Surface_Defect_NEU_DET-DATASET\SteelDefectX\train_by_class\Finishing roll printing\frp_167.jpg
frp_168,Finishing roll printing,train,368,C:\Users\anmol\OneDrive\Desktop\Steel_Surface_Defect_NEU_DET-DATASET\SteelDefectX\train_by_class\Finishing roll printing\frp_168.jpg
frp_171,Finishing roll printing,train,371,C:\Users\anmol\OneDrive\Desktop\Steel_Surface_Defect_NEU_DET-DATASET\SteelDefectX\train_by_class\Finishing roll printing\frp_171.jpg
frp_176,Finishing roll printing,train,375,C:\Users\anmol\OneDrive\Desktop\Steel_Surface_Defect_NEU_DET-DATASET\SteelDefectX\train_by_class\Finishing roll printing\frp_176.jpg
frp_178,Finishing roll printing,train,376,C:\Users\anmol\OneDrive\Desktop\Steel_Surface_Defect_NEU_DET-DATASET\SteelDefectX\train_by_class\Finishing roll printing\frp_178.jpg
frp_180,Finishing roll printing,train,377,C:\Users\anmol\OneDrive\Desktop\Steel_Surface_Defect_NEU_DET-DATASET\SteelDefectX\train_by_class\Finishing roll printing\frp_180.jpg
frp_181,Finishing roll printing,train,378,C:\Users\anmol\OneDrive\Desktop\Steel_Surface_Defect_NEU_DET-DATASET\SteelDefectX\train_by_class\Finishing roll printing\frp_181.jpg
frp_184,Finishing roll printing,train,381,C:\Users\anmol\OneDrive\Desktop\Steel_Surface_Defect_NEU_DET-DATASET\SteelDefectX\train_by_class\Finishing roll printing\frp_184.jpg
frp_185,Finishing roll printing,train,382,C:\Users\anmol\OneDrive\Desktop\Steel_Surface_Defect_NEU_DET-DATASET\SteelDefectX\train_by_class\Finishing roll printing\frp_185.jpg
frp_187,Finishing roll printing,train,383,C:\Users\anmol\OneDrive\Desktop\Steel_Surface_Defect_NEU_DET-DATASET\SteelDefectX\train_by_class\Finishing roll printing\frp_187.jpg
frp_189,Finishing roll printing,train,384,C:\Users\anmol\OneDrive\Desktop\Steel_Surface_Defect_NEU_DET-DATASET\SteelDefectX\train_by_class\Finishing roll printing\frp_189.jpg
frp_190,Finishing roll printing,train,385,C:\Users\anmol\OneDrive\Desktop\Steel_Surface_Defect_NEU_DET-DATASET\SteelDefectX\train_by_class\Finishing roll printing\frp_190.jpg
frp_191,Finishing roll printing,train,386,C:\Users\anmol\OneDrive\Desktop\Steel_Surface_Defect_NEU_DET-DATASET\SteelDefectX\train_by_class\Finishing roll printing\frp_191.jpg
frp_195,Finishing roll printing,train,389,C:\Users\anmol\OneDrive\Desktop\Steel_Surface_Defect_NEU_DET-DATASET\SteelDefectX\train_by_class\Finishing roll printing\frp_195.jpg
frp_198,Finishing roll printing,train,392,C:\Users\anmol\OneDrive\Desktop\Steel_Surface_Defect_NEU_DET-DATASET\SteelDefectX\train_by_class\Finishing roll printing\frp_198.jpg
frp_199,Finishing roll printing,train,393,C:\Users\anmol\OneDrive\Desktop\Steel_Surface_Defect_NEU_DET-DATASET\SteelDefectX\train_by_class\Finishing roll printing\frp_199.jpg
frp_20,Finishing roll printing,train,394,C:\Users\anmol\OneDrive\Desktop\Steel_Surface_Defect_NEU_DET-DATASET\SteelDefectX\train_by_class\Finishing roll printing\frp_20.jpg
frp_200,Finishing roll printing,train,395,C:\Users\anmol\OneDrive\Desktop\Steel_Surface_Defect_NEU_DET-DATASET\SteelDefectX\train_by_class\Finishing roll printing\frp_200.jpg
frp_201,Finishing roll printing,train,396,C:\Users\anmol\OneDrive\Desktop\Steel_Surface_Defect_NEU_DET-DATASET\SteelDefectX\train_by_class\Finishing roll printing\frp_201.jpg
frp_21,Finishing roll printing,train,398,C:\Users\anmol\OneDrive\Desktop\Steel_Surface_Defect_NEU_DET-DATASET\SteelDefectX\train_by_class\Finishing roll printing\frp_21.jpg
frp_22,Finishing roll printing,train,399,C:\Users\anmol\OneDrive\Desktop\Steel_Surface_Defect_NEU_DET-DATASET\SteelDefectX\train_by_class\Finishing roll printing\frp_22.jpg
frp_23,Finishing roll printing,train,400,C:\Users\anmol\OneDrive\Desktop\Steel_Surface_Defect_NEU_DET-DATASET\SteelDefectX\train_by_class\Finishing roll printing\frp_23.jpg
frp_28,Finishing roll printing,train,401,C:\Users\anmol\OneDrive\Desktop\Steel_Surface_Defect_NEU_DET-DATASET\SteelDefectX\train_by_class\Finishing roll printing\frp_28.jpg
frp_30,Finishing roll printing,train,403,C:\Users\anmol\OneDrive\Desktop\Steel_Surface_Defect_NEU_DET-DATASET\SteelDefectX\train_by_class\Finishing roll printing\frp_30.jpg
frp_31,Finishing roll printing,train,404,C:\Users\anmol\OneDrive\Desktop\Steel_Surface_Defect_NEU_DET-DATASET\SteelDefectX\train_by_class\Finishing roll printing\frp_31.jpg
frp_32,Finishing roll printing,train,405,C:\Users\anmol\OneDrive\Desktop\Steel_Surface_Defect_NEU_DET-DATASET\SteelDefectX\train_by_class\Finishing roll printing\frp_32.jpg
frp_34,Finishing roll printing,train,406,C:\Users\anmol\OneDrive\Desktop\Steel_Surface_Defect_NEU_DET-DATASET\SteelDefectX\train_by_class\Finishing roll printing\frp_34.jpg
frp_37,Finishing roll printing,train,408,C:\Users\anmol\OneDrive\Desktop\Steel_Surface_Defect_NEU_DET-DATASET\SteelDefectX\train_by_class\Finishing roll printing\frp_37.jpg
frp_38,Finishing roll printing,train,409,C:\Users\anmol\OneDrive\Desktop\Steel_Surface_Defect_NEU_DET-DATASET\SteelDefectX\train_by_class\Finishing roll printing\frp_38.jpg
frp_39,Finishing roll printing,train,410,C:\Users\anmol\OneDrive\Desktop\Steel_Surface_Defect_NEU_DET-DATASET\SteelDefectX\train_by_class\Finishing roll printing\frp_39.jpg
frp_40,Finishing roll printing,train,411,C:\Users\anmol\OneDrive\Desktop\Steel_Surface_Defect_NEU_DET-DATASET\SteelDefectX\train_by_class\Finishing roll printing\frp_40.jpg
frp_41,Finishing roll printing,train,412,C:\Users\anmol\OneDrive\Desktop\Steel_Surface_Defect_NEU_DET-DATASET\SteelDefectX\train_by_class\Finishing roll printing\frp_41.jpg
frp_44,Finishing roll printing,train,413,C:\Users\anmol\OneDrive\Desktop\Steel_Surface_Defect_NEU_DET-DATASET\SteelDefectX\train_by_class\Finishing roll printing\frp_44.jpg
frp_46,Finishing roll printing,train,415,C:\Users\anmol\OneDrive\Desktop\Steel_Surface_Defect_NEU_DET-DATASET\SteelDefectX\train_by_class\Finishing roll printing\frp_46.jpg
frp_49,Finishing roll printing,train,417,C:\Users\anmol\OneDrive\Desktop\Steel_Surface_Defect_NEU_DET-DATASET\SteelDefectX\train_by_class\Finishing roll printing\frp_49.jpg
frp_50,Finishing roll printing,train,418,C:\Users\anmol\OneDrive\Desktop\Steel_Surface_Defect_NEU_DET-DATASET\SteelDefectX\train_by_class\Finishing roll printing\frp_50.jpg
frp_51,Finishing roll printing,train,419,C:\Users\anmol\OneDrive\Desktop\Steel_Surface_Defect_NEU_DET-DATASET\SteelDefectX\train_by_class\Finishing roll printing\frp_51.jpg
frp_53,Finishing roll printing,train,420,C:\Users\anmol\OneDrive\Desktop\Steel_Surface_Defect_NEU_DET-DATASET\SteelDefectX\train_by_class\Finishing roll printing\frp_53.jpg
frp_55,Finishing roll printing,train,422,C:\Users\anmol\OneDrive\Desktop\Steel_Surface_Defect_NEU_DET-DATASET\SteelDefectX\train_by_class\Finishing roll printing\frp_55.jpg
frp_58,Finishing roll printing,train,424,C:\Users\anmol\OneDrive\Desktop\Steel_Surface_Defect_NEU_DET-DATASET\SteelDefectX\train_by_class\Finishing roll printing\frp_58.jpg
frp_59,Finishing roll printing,train,425,C:\Users\anmol\OneDrive\Desktop\Steel_Surface_Defect_NEU_DET-DATASET\SteelDefectX\train_by_class\Finishing roll printing\frp_59.jpg
frp_60,Finishing roll printing,train,426,C:\Users\anmol\OneDrive\Desktop\Steel_Surface_Defect_NEU_DET-DATASET\SteelDefectX\train_by_class\Finishing roll printing\frp_60.jpg
frp_61,Finishing roll printing,train,427,C:\Users\anmol\OneDrive\Desktop\Steel_Surface_Defect_NEU_DET-DATASET\SteelDefectX\train_by_class\Finishing roll printing\frp_61.jpg
frp_62,Finishing roll printing,train,428,C:\Users\anmol\OneDrive\Desktop\Steel_Surface_Defect_NEU_DET-DATASET\SteelDefectX\train_by_class\Finishing roll printing\frp_62.jpg
frp_66,Finishing roll printing,train,430,C:\Users\anmol\OneDrive\Desktop\Steel_Surface_Defect_NEU_DET-DATASET\SteelDefectX\train_by_class\Finishing roll printing\frp_66.jpg
frp_69,Finishing roll printing,train,431,C:\Users\anmol\OneDrive\Desktop\Steel_Surface_Defect_NEU_DET-DATASET\SteelDefectX\train_by_class\Finishing roll printing\frp_69.jpg
frp_70,Finishing roll printing,train,432,C:\Users\anmol\OneDrive\Desktop\Steel_Surface_Defect_NEU_DET-DATASET\SteelDefectX\train_by_class\Finishing roll printing\frp_70.jpg
frp_71,Finishing roll printing,train,433,C:\Users\anmol\OneDrive\Desktop\Steel_Surface_Defect_NEU_DET-DATASET\SteelDefectX\train_by_class\Finishing roll printing\frp_71.jpg
frp_75,Finishing roll printing,train,436,C:\Users\anmol\OneDrive\Desktop\Steel_Surface_Defect_NEU_DET-DATASET\SteelDefectX\train_by_class\Finishing roll printing\frp_75.jpg
frp_76,Finishing roll printing,train,437,C:\Users\anmol\OneDrive\Desktop\Steel_Surface_Defect_NEU_DET-DATASET\SteelDefectX\train_by_class\Finishing roll printing\frp_76.jpg
frp_79,Finishing roll printing,train,439,C:\Users\anmol\OneDrive\Desktop\Steel_Surface_Defect_NEU_DET-DATASET\SteelDefectX\train_by_class\Finishing roll printing\frp_79.jpg
frp_81,Finishing roll printing,train,441,C:\Users\anmol\OneDrive\Desktop\Steel_Surface_Defect_NEU_DET-DATASET\SteelDefectX\train_by_class\Finishing roll printing\frp_81.jpg
frp_83,Finishing roll printing,train,443,C:\Users\anmol\OneDrive\Desktop\Steel_Surface_Defect_NEU_DET-DATASET\SteelDefectX\train_by_class\Finishing roll printing\frp_83.jpg
frp_84,Finishing roll printing,train,444,C:\Users\anmol\OneDrive\Desktop\Steel_Surface_Defect_NEU_DET-DATASET\SteelDefectX\train_by_class\Finishing roll printing\frp_84.jpg
frp_85,Finishing roll printing,train,445,C:\Users\anmol\OneDrive\Desktop\Steel_Surface_Defect_NEU_DET-DATASET\SteelDefectX\train_by_class\Finishing roll printing\frp_85.jpg
frp_87,Finishing roll printing,train,446,C:\Users\anmol\OneDrive\Desktop\Steel_Surface_Defect_NEU_DET-DATASET\SteelDefectX\train_by_class\Finishing roll printing\frp_87.jpg
frp_90,Finishing roll printing,train,448,C:\Users\anmol\OneDrive\Desktop\Steel_Surface_Defect_NEU_DET-DATASET\SteelDefectX\train_by_class\Finishing roll printing\frp_90.jpg
frp_92,Finishing roll printing,train,449,C:\Users\anmol\OneDrive\Desktop\Steel_Surface_Defect_NEU_DET-DATASET\SteelDefectX\train_by_class\Finishing roll printing\frp_92.jpg
frp_93,Finishing roll printing,train,450,C:\Users\anmol\OneDrive\Desktop\Steel_Surface_Defect_NEU_DET-DATASET\SteelDefectX\train_by_class\Finishing roll printing\frp_93.jpg
frp_98,Finishing roll printing,train,451,C:\Users\anmol\OneDrive\Desktop\Steel_Surface_Defect_NEU_DET-DATASET\SteelDefectX\train_by_class\Finishing roll printing\frp_98.jpg
frp_99,Finishing roll printing,train,452,C:\Users\anmol\OneDrive\Desktop\Steel_Surface_Defect_NEU_DET-DATASET\SteelDefectX\train_by_class\Finishing roll printing\frp_99.jpg
frp_05,Finishing roll printing,val,313,C:\Users\anmol\OneDrive\Desktop\Steel_Surface_Defect_NEU_DET-DATASET\SteelDefectX\train_by_class\Finishing roll printing\frp_05.jpg
frp_110,Finishing roll printing,val,323,C:\Users\anmol\OneDrive\Desktop\Steel_Surface_Defect_NEU_DET-DATASET\SteelDefectX\train_by_class\Finishing roll printing\frp_110.jpg
frp_129,Finishing roll printing,val,337,C:\Users\anmol\OneDrive\Desktop\Steel_Surface_Defect_NEU_DET-DATASET\SteelDefectX\train_by_class\Finishing roll printing\frp_129.jpg
frp_149,Finishing roll printing,val,355,C:\Users\anmol\OneDrive\Desktop\Steel_Surface_Defect_NEU_DET-DATASET\SteelDefectX\train_by_class\Finishing roll printing\frp_149.jpg
frp_156,Finishing roll printing,val,360,C:\Users\anmol\OneDrive\Desktop\Steel_Surface_Defect_NEU_DET-DATASET\SteelDefectX\train_by_class\Finishing roll printing\frp_156.jpg
frp_192,Finishing roll printing,val,387,C:\Users\anmol\OneDrive\Desktop\Steel_Surface_Defect_NEU_DET-DATASET\SteelDefectX\train_by_class\Finishing roll printing\frp_192.jpg
frp_193,Finishing roll printing,val,388,C:\Users\anmol\OneDrive\Desktop\Steel_Surface_Defect_NEU_DET-DATASET\SteelDefectX\train_by_class\Finishing roll printing\frp_193.jpg
frp_29,Finishing roll printing,val,402,C:\Users\anmol\OneDrive\Desktop\Steel_Surface_Defect_NEU_DET-DATASET\SteelDefectX\train_by_class\Finishing roll printing\frp_29.jpg
frp_45,Finishing roll printing,val,414,C:\Users\anmol\OneDrive\Desktop\Steel_Surface_Defect_NEU_DET-DATASET\SteelDefectX\train_by_class\Finishing roll printing\frp_45.jpg
frp_47,Finishing roll printing,val,416,C:\Users\anmol\OneDrive\Desktop\Steel_Surface_Defect_NEU_DET-DATASET\SteelDefectX\train_by_class\Finishing roll printing\frp_47.jpg
frp_74,Finishing roll printing,val,435,C:\Users\anmol\OneDrive\Desktop\Steel_Surface_Defect_NEU_DET-DATASET\SteelDefectX\train_by_class\Finishing roll printing\frp_74.jpg
frp_80,Finishing roll printing,val,440,C:\Users\anmol\OneDrive\Desktop\Steel_Surface_Defect_NEU_DET-DATASET\SteelDefectX\train_by_class\Finishing roll printing\frp_80.jpg
frp_82,Finishing roll printing,val,442,C:\Users\anmol\OneDrive\Desktop\Steel_Surface_Defect_NEU_DET-DATASET\SteelDefectX\train_by_class\Finishing roll printing\frp_82.jpg
frp_88,Finishing roll printing,val,447,C:\Users\anmol\OneDrive\Desktop\Steel_Surface_Defect_NEU_DET-DATASET\SteelDefectX\train_by_class\Finishing roll printing\frp_88.jpg
in_10,Inclusion,test,458,C:\Users\anmol\OneDrive\Desktop\Steel_Surface_Defect_NEU_DET-DATASET\SteelDefectX\train_by_class\Inclusion\in_10.jpg
in_102,Inclusion,test,460,C:\Users\anmol\OneDrive\Desktop\Steel_Surface_Defect_NEU_DET-DATASET\SteelDefectX\train_by_class\Inclusion\in_102.jpg
in_105,Inclusion,test,461,C:\Users\anmol\OneDrive\Desktop\Steel_Surface_Defect_NEU_DET-DATASET\SteelDefectX\train_by_class\Inclusion\in_105.jpg
in_107,Inclusion,test,463,C:\Users\anmol\OneDrive\Desktop\Steel_Surface_Defect_NEU_DET-DATASET\SteelDefectX\train_by_class\Inclusion\in_107.jpg
in_112,Inclusion,test,467,C:\Users\anmol\OneDrive\Desktop\Steel_Surface_Defect_NEU_DET-DATASET\SteelDefectX\train_by_class\Inclusion\in_112.jpg
in_123,Inclusion,test,477,C:\Users\anmol\OneDrive\Desktop\Steel_Surface_Defect_NEU_DET-DATASET\SteelDefectX\train_by_class\Inclusion\in_123.jpg
in_134,Inclusion,test,483,C:\Users\anmol\OneDrive\Desktop\Steel_Surface_Defect_NEU_DET-DATASET\SteelDefectX\train_by_class\Inclusion\in_134.jpg
in_135,Inclusion,test,484,C:\Users\anmol\OneDrive\Desktop\Steel_Surface_Defect_NEU_DET-DATASET\SteelDefectX\train_by_class\Inclusion\in_135.jpg
in_138,Inclusion,test,487,C:\Users\anmol\OneDrive\Desktop\Steel_Surface_Defect_NEU_DET-DATASET\SteelDefectX\train_by_class\Inclusion\in_138.jpg
in_146,Inclusion,test,492,C:\Users\anmol\OneDrive\Desktop\Steel_Surface_Defect_NEU_DET-DATASET\SteelDefectX\train_by_class\Inclusion\in_146.jpg
in_149,Inclusion,test,493,C:\Users\anmol\OneDrive\Desktop\Steel_Surface_Defect_NEU_DET-DATASET\SteelDefectX\train_by_class\Inclusion\in_149.jpg
in_15,Inclusion,test,494,C:\Users\anmol\OneDrive\Desktop\Steel_Surface_Defect_NEU_DET-DATASET\SteelDefectX\train_by_class\Inclusion\in_15.jpg
in_155,Inclusion,test,498,C:\Users\anmol\OneDrive\Desktop\Steel_Surface_Defect_NEU_DET-DATASET\SteelDefectX\train_by_class\Inclusion\in_155.jpg
in_164,Inclusion,test,506,C:\Users\anmol\OneDrive\Desktop\Steel_Surface_Defect_NEU_DET-DATASET\SteelDefectX\train_by_class\Inclusion\in_164.jpg
in_174,Inclusion,test,514,C:\Users\anmol\OneDrive\Desktop\Steel_Surface_Defect_NEU_DET-DATASET\SteelDefectX\train_by_class\Inclusion\in_174.jpg
in_176,Inclusion,test,516,C:\Users\anmol\OneDrive\Desktop\Steel_Surface_Defect_NEU_DET-DATASET\SteelDefectX\train_by_class\Inclusion\in_176.jpg
in_182,Inclusion,test,520,C:\Users\anmol\OneDrive\Desktop\Steel_Surface_Defect_NEU_DET-DATASET\SteelDefectX\train_by_class\Inclusion\in_182.jpg
in_184,Inclusion,test,522,C:\Users\anmol\OneDrive\Desktop\Steel_Surface_Defect_NEU_DET-DATASET\SteelDefectX\train_by_class\Inclusion\in_184.jpg
in_216,Inclusion,test,547,C:\Users\anmol\OneDrive\Desktop\Steel_Surface_Defect_NEU_DET-DATASET\SteelDefectX\train_by_class\Inclusion\in_216.jpg
in_223,Inclusion,test,551,C:\Users\anmol\OneDrive\Desktop\Steel_Surface_Defect_NEU_DET-DATASET\SteelDefectX\train_by_class\Inclusion\in_223.jpg
in_224,Inclusion,test,552,C:\Users\anmol\OneDrive\Desktop\Steel_Surface_Defect_NEU_DET-DATASET\SteelDefectX\train_by_class\Inclusion\in_224.jpg
in_225,Inclusion,test,553,C:\Users\anmol\OneDrive\Desktop\Steel_Surface_Defect_NEU_DET-DATASET\SteelDefectX\train_by_class\Inclusion\in_225.jpg
in_227,Inclusion,test,555,C:\Users\anmol\OneDrive\Desktop\Steel_Surface_Defect_NEU_DET-DATASET\SteelDefectX\train_by_class\Inclusion\in_227.jpg
in_241,Inclusion,test,565,C:\Users\anmol\OneDrive\Desktop\Steel_Surface_Defect_NEU_DET-DATASET\SteelDefectX\train_by_class\Inclusion\in_241.jpg
in_242,Inclusion,test,566,C:\Users\anmol\OneDrive\Desktop\Steel_Surface_Defect_NEU_DET-DATASET\SteelDefectX\train_by_class\Inclusion\in_242.jpg
in_243,Inclusion,test,567,C:\Users\anmol\OneDrive\Desktop\Steel_Surface_Defect_NEU_DET-DATASET\SteelDefectX\train_by_class\Inclusion\in_243.jpg
in_248,Inclusion,test,571,C:\Users\anmol\OneDrive\Desktop\Steel_Surface_Defect_NEU_DET-DATASET\SteelDefectX\train_by_class\Inclusion\in_248.jpg
in_263,Inclusion,test,582,C:\Users\anmol\OneDrive\Desktop\Steel_Surface_Defect_NEU_DET-DATASET\SteelDefectX\train_by_class\Inclusion\in_263.jpg
in_264,Inclusion,test,583,C:\Users\anmol\OneDrive\Desktop\Steel_Surface_Defect_NEU_DET-DATASET\SteelDefectX\train_by_class\Inclusion\in_264.jpg
in_276,Inclusion,test,593,C:\Users\anmol\OneDrive\Desktop\Steel_Surface_Defect_NEU_DET-DATASET\SteelDefectX\train_by_class\Inclusion\in_276.jpg
in_288,Inclusion,test,602,C:\Users\anmol\OneDrive\Desktop\Steel_Surface_Defect_NEU_DET-DATASET\SteelDefectX\train_by_class\Inclusion\in_288.jpg
in_294,Inclusion,test,607,C:\Users\anmol\OneDrive\Desktop\Steel_Surface_Defect_NEU_DET-DATASET\SteelDefectX\train_by_class\Inclusion\in_294.jpg
in_302,Inclusion,test,614,C:\Users\anmol\OneDrive\Desktop\Steel_Surface_Defect_NEU_DET-DATASET\SteelDefectX\train_by_class\Inclusion\in_302.jpg
in_323,Inclusion,test,634,C:\Users\anmol\OneDrive\Desktop\Steel_Surface_Defect_NEU_DET-DATASET\SteelDefectX\train_by_class\Inclusion\in_323.jpg
in_33,Inclusion,test,638,C:\Users\anmol\OneDrive\Desktop\Steel_Surface_Defect_NEU_DET-DATASET\SteelDefectX\train_by_class\Inclusion\in_33.jpg
in_331,Inclusion,test,640,C:\Users\anmol\OneDrive\Desktop\Steel_Surface_Defect_NEU_DET-DATASET\SteelDefectX\train_by_class\Inclusion\in_331.jpg
in_346,Inclusion,test,651,C:\Users\anmol\OneDrive\Desktop\Steel_Surface_Defect_NEU_DET-DATASET\SteelDefectX\train_by_class\Inclusion\in_346.jpg
in_349,Inclusion,test,653,C:\Users\anmol\OneDrive\Desktop\Steel_Surface_Defect_NEU_DET-DATASET\SteelDefectX\train_by_class\Inclusion\in_349.jpg
in_357,Inclusion,test,661,C:\Users\anmol\OneDrive\Desktop\Steel_Surface_Defect_NEU_DET-DATASET\SteelDefectX\train_by_class\Inclusion\in_357.jpg
in_360,Inclusion,test,664,C:\Users\anmol\OneDrive\Desktop\Steel_Surface_Defect_NEU_DET-DATASET\SteelDefectX\train_by_class\Inclusion\in_360.jpg
in_362,Inclusion,test,666,C:\Users\anmol\OneDrive\Desktop\Steel_Surface_Defect_NEU_DET-DATASET\SteelDefectX\train_by_class\Inclusion\in_362.jpg
in_363,Inclusion,test,667,C:\Users\anmol\OneDrive\Desktop\Steel_Surface_Defect_NEU_DET-DATASET\SteelDefectX\train_by_class\Inclusion\in_363.jpg
in_37,Inclusion,test,672,C:\Users\anmol\OneDrive\Desktop\Steel_Surface_Defect_NEU_DET-DATASET\SteelDefectX\train_by_class\Inclusion\in_37.jpg
in_373,Inclusion,test,675,C:\Users\anmol\OneDrive\Desktop\Steel_Surface_Defect_NEU_DET-DATASET\SteelDefectX\train_by_class\Inclusion\in_373.jpg
in_401,Inclusion,test,692,C:\Users\anmol\OneDrive\Desktop\Steel_Surface_Defect_NEU_DET-DATASET\SteelDefectX\train_by_class\Inclusion\in_401.jpg
in_409,Inclusion,test,697,C:\Users\anmol\OneDrive\Desktop\Steel_Surface_Defect_NEU_DET-DATASET\SteelDefectX\train_by_class\Inclusion\in_409.jpg
in_412,Inclusion,test,701,C:\Users\anmol\OneDrive\Desktop\Steel_Surface_Defect_NEU_DET-DATASET\SteelDefectX\train_by_class\Inclusion\in_412.jpg
in_418,Inclusion,test,707,C:\Users\anmol\OneDrive\Desktop\Steel_Surface_Defect_NEU_DET-DATASET\SteelDefectX\train_by_class\Inclusion\in_418.jpg
in_428,Inclusion,test,714,C:\Users\anmol\OneDrive\Desktop\Steel_Surface_Defect_NEU_DET-DATASET\SteelDefectX\train_by_class\Inclusion\in_428.jpg
in_432,Inclusion,test,716,C:\Users\anmol\OneDrive\Desktop\Steel_Surface_Defect_NEU_DET-DATASET\SteelDefectX\train_by_class\Inclusion\in_432.jpg
in_435,Inclusion,test,718,C:\Users\anmol\OneDrive\Desktop\Steel_Surface_Defect_NEU_DET-DATASET\SteelDefectX\train_by_class\Inclusion\in_435.jpg
in_440,Inclusion,test,722,C:\Users\anmol\OneDrive\Desktop\Steel_Surface_Defect_NEU_DET-DATASET\SteelDefectX\train_by_class\Inclusion\in_440.jpg
in_456,Inclusion,test,733,C:\Users\anmol\OneDrive\Desktop\Steel_Surface_Defect_NEU_DET-DATASET\SteelDefectX\train_by_class\Inclusion\in_456.jpg
in_461,Inclusion,test,739,C:\Users\anmol\OneDrive\Desktop\Steel_Surface_Defect_NEU_DET-DATASET\SteelDefectX\train_by_class\Inclusion\in_461.jpg
in_466,Inclusion,test,741,C:\Users\anmol\OneDrive\Desktop\Steel_Surface_Defect_NEU_DET-DATASET\SteelDefectX\train_by_class\Inclusion\in_466.jpg
in_47,Inclusion,test,743,C:\Users\anmol\OneDrive\Desktop\Steel_Surface_Defect_NEU_DET-DATASET\SteelDefectX\train_by_class\Inclusion\in_47.jpg
in_471,Inclusion,test,744,C:\Users\anmol\OneDrive\Desktop\Steel_Surface_Defect_NEU_DET-DATASET\SteelDefectX\train_by_class\Inclusion\in_471.jpg
in_472,Inclusion,test,745,C:\Users\anmol\OneDrive\Desktop\Steel_Surface_Defect_NEU_DET-DATASET\SteelDefectX\train_by_class\Inclusion\in_472.jpg
in_478,Inclusion,test,750,C:\Users\anmol\OneDrive\Desktop\Steel_Surface_Defect_NEU_DET-DATASET\SteelDefectX\train_by_class\Inclusion\in_478.jpg
in_479,Inclusion,test,751,C:\Users\anmol\OneDrive\Desktop\Steel_Surface_Defect_NEU_DET-DATASET\SteelDefectX\train_by_class\Inclusion\in_479.jpg
in_482,Inclusion,test,754,C:\Users\anmol\OneDrive\Desktop\Steel_Surface_Defect_NEU_DET-DATASET\SteelDefectX\train_by_class\Inclusion\in_482.jpg
in_49,Inclusion,test,757,C:\Users\anmol\OneDrive\Desktop\Steel_Surface_Defect_NEU_DET-DATASET\SteelDefectX\train_by_class\Inclusion\in_49.jpg
in_491,Inclusion,test,759,C:\Users\anmol\OneDrive\Desktop\Steel_Surface_Defect_NEU_DET-DATASET\SteelDefectX\train_by_class\Inclusion\in_491.jpg
in_493,Inclusion,test,760,C:\Users\anmol\OneDrive\Desktop\Steel_Surface_Defect_NEU_DET-DATASET\SteelDefectX\train_by_class\Inclusion\in_493.jpg
in_51,Inclusion,test,763,C:\Users\anmol\OneDrive\Desktop\Steel_Surface_Defect_NEU_DET-DATASET\SteelDefectX\train_by_class\Inclusion\in_51.jpg
in_54,Inclusion,test,765,C:\Users\anmol\OneDrive\Desktop\Steel_Surface_Defect_NEU_DET-DATASET\SteelDefectX\train_by_class\Inclusion\in_54.jpg
in_70,Inclusion,test,777,C:\Users\anmol\OneDrive\Desktop\Steel_Surface_Defect_NEU_DET-DATASET\SteelDefectX\train_by_class\Inclusion\in_70.jpg
in_78,Inclusion,test,782,C:\Users\anmol\OneDrive\Desktop\Steel_Surface_Defect_NEU_DET-DATASET\SteelDefectX\train_by_class\Inclusion\in_78.jpg
in_81,Inclusion,test,785,C:\Users\anmol\OneDrive\Desktop\Steel_Surface_Defect_NEU_DET-DATASET\SteelDefectX\train_by_class\Inclusion\in_81.jpg
in_91,Inclusion,test,794,C:\Users\anmol\OneDrive\Desktop\Steel_Surface_Defect_NEU_DET-DATASET\SteelDefectX\train_by_class\Inclusion\in_91.jpg
in_03,Inclusion,train,453,C:\Users\anmol\OneDrive\Desktop\Steel_Surface_Defect_NEU_DET-DATASET\SteelDefectX\train_by_class\Inclusion\in_03.jpg
in_04,Inclusion,train,454,C:\Users\anmol\OneDrive\Desktop\Steel_Surface_Defect_NEU_DET-DATASET\SteelDefectX\train_by_class\Inclusion\in_04.jpg
in_05,Inclusion,train,455,C:\Users\anmol\OneDrive\Desktop\Steel_Surface_Defect_NEU_DET-DATASET\SteelDefectX\train_by_class\Inclusion\in_05.jpg
in_06,Inclusion,train,456,C:\Users\anmol\OneDrive\Desktop\Steel_Surface_Defect_NEU_DET-DATASET\SteelDefectX\train_by_class\Inclusion\in_06.jpg
in_100,Inclusion,train,459,C:\Users\anmol\OneDrive\Desktop\Steel_Surface_Defect_NEU_DET-DATASET\SteelDefectX\train_by_class\Inclusion\in_100.jpg
in_108,Inclusion,train,464,C:\Users\anmol\OneDrive\Desktop\Steel_Surface_Defect_NEU_DET-DATASET\SteelDefectX\train_by_class\Inclusion\in_108.jpg
in_109,Inclusion,train,465,C:\Users\anmol\OneDrive\Desktop\Steel_Surface_Defect_NEU_DET-DATASET\SteelDefectX\train_by_class\Inclusion\in_109.jpg
in_11,Inclusion,train,466,C:\Users\anmol\OneDrive\Desktop\Steel_Surface_Defect_NEU_DET-DATASET\SteelDefectX\train_by_class\Inclusion\in_11.jpg
in_113,Inclusion,train,468,C:\Users\anmol\OneDrive\Desktop\Steel_Surface_Defect_NEU_DET-DATASET\SteelDefectX\train_by_class\Inclusion\in_113.jpg
in_115,Inclusion,train,470,C:\Users\anmol\OneDrive\Desktop\Steel_Surface_Defect_NEU_DET-DATASET\SteelDefectX\train_by_class\Inclusion\in_115.jpg
in_117,Inclusion,train,471,C:\Users\anmol\OneDrive\Desktop\Steel_Surface_Defect_NEU_DET-DATASET\SteelDefectX\train_by_class\Inclusion\in_117.jpg
in_119,Inclusion,train,472,C:\Users\anmol\OneDrive\Desktop\Steel_Surface_Defect_NEU_DET-DATASET\SteelDefectX\train_by_class\Inclusion\in_119.jpg
in_12,Inclusion,train,473,C:\Users\anmol\OneDrive\Desktop\Steel_Surface_Defect_NEU_DET-DATASET\SteelDefectX\train_by_class\Inclusion\in_12.jpg
in_120,Inclusion,train,474,C:\Users\anmol\OneDrive\Desktop\Steel_Surface_Defect_NEU_DET-DATASET\SteelDefectX\train_by_class\Inclusion\in_120.jpg
in_121,Inclusion,train,475,C:\Users\anmol\OneDrive\Desktop\Steel_Surface_Defect_NEU_DET-DATASET\SteelDefectX\train_by_class\Inclusion\in_121.jpg
in_122,Inclusion,train,476,C:\Users\anmol\OneDrive\Desktop\Steel_Surface_Defect_NEU_DET-DATASET\SteelDefectX\train_by_class\Inclusion\in_122.jpg
in_126,Inclusion,train,478,C:\Users\anmol\OneDrive\Desktop\Steel_Surface_Defect_NEU_DET-DATASET\SteelDefectX\train_by_class\Inclusion\in_126.jpg
in_127,Inclusion,train,479,C:\Users\anmol\OneDrive\Desktop\Steel_Surface_Defect_NEU_DET-DATASET\SteelDefectX\train_by_class\Inclusion\in_127.jpg
in_128,Inclusion,train,480,C:\Users\anmol\OneDrive\Desktop\Steel_Surface_Defect_NEU_DET-DATASET\SteelDefectX\train_by_class\Inclusion\in_128.jpg
in_13,Inclusion,train,481,C:\Users\anmol\OneDrive\Desktop\Steel_Surface_Defect_NEU_DET-DATASET\SteelDefectX\train_by_class\Inclusion\in_13.jpg
in_131,Inclusion,train,482,C:\Users\anmol\OneDrive\Desktop\Steel_Surface_Defect_NEU_DET-DATASET\SteelDefectX\train_by_class\Inclusion\in_131.jpg
in_136,Inclusion,train,485,C:\Users\anmol\OneDrive\Desktop\Steel_Surface_Defect_NEU_DET-DATASET\SteelDefectX\train_by_class\Inclusion\in_136.jpg
in_137,Inclusion,train,486,C:\Users\anmol\OneDrive\Desktop\Steel_Surface_Defect_NEU_DET-DATASET\SteelDefectX\train_by_class\Inclusion\in_137.jpg
in_139,Inclusion,train,488,C:\Users\anmol\OneDrive\Desktop\Steel_Surface_Defect_NEU_DET-DATASET\SteelDefectX\train_by_class\Inclusion\in_139.jpg
in_140,Inclusion,train,489,C:\Users\anmol\OneDrive\Desktop\Steel_Surface_Defect_NEU_DET-DATASET\SteelDefectX\train_by_class\Inclusion\in_140.jpg
in_141,Inclusion,train,490,C:\Users\anmol\OneDrive\Desktop\Steel_Surface_Defect_NEU_DET-DATASET\SteelDefectX\train_by_class\Inclusion\in_141.jpg
in_142,Inclusion,train,491,C:\Users\anmol\OneDrive\Desktop\Steel_Surface_Defect_NEU_DET-DATASET\SteelDefectX\train_by_class\Inclusion\in_142.jpg
in_151,Inclusion,train,495,C:\Users\anmol\OneDrive\Desktop\Steel_Surface_Defect_NEU_DET-DATASET\SteelDefectX\train_by_class\Inclusion\in_151.jpg
in_153,Inclusion,train,496,C:\Users\anmol\OneDrive\Desktop\Steel_Surface_Defect_NEU_DET-DATASET\SteelDefectX\train_by_class\Inclusion\in_153.jpg
in_154,Inclusion,train,497,C:\Users\anmol\OneDrive\Desktop\Steel_Surface_Defect_NEU_DET-DATASET\SteelDefectX\train_by_class\Inclusion\in_154.jpg
in_156,Inclusion,train,499,C:\Users\anmol\OneDrive\Desktop\Steel_Surface_Defect_NEU_DET-DATASET\SteelDefectX\train_by_class\Inclusion\in_156.jpg
in_158,Inclusion,train,501,C:\Users\anmol\OneDrive\Desktop\Steel_Surface_Defect_NEU_DET-DATASET\SteelDefectX\train_by_class\Inclusion\in_158.jpg
in_159,Inclusion,train,502,C:\Users\anmol\OneDrive\Desktop\Steel_Surface_Defect_NEU_DET-DATASET\SteelDefectX\train_by_class\Inclusion\in_159.jpg
in_16,Inclusion,train,503,C:\Users\anmol\OneDrive\Desktop\Steel_Surface_Defect_NEU_DET-DATASET\SteelDefectX\train_by_class\Inclusion\in_16.jpg
in_161,Inclusion,train,504,C:\Users\anmol\OneDrive\Desktop\Steel_Surface_Defect_NEU_DET-DATASET\SteelDefectX\train_by_class\Inclusion\in_161.jpg
in_163,Inclusion,train,505,C:\Users\anmol\OneDrive\Desktop\Steel_Surface_Defect_NEU_DET-DATASET\SteelDefectX\train_by_class\Inclusion\in_163.jpg
in_167,Inclusion,train,507,C:\Users\anmol\OneDrive\Desktop\Steel_Surface_Defect_NEU_DET-DATASET\SteelDefectX\train_by_class\Inclusion\in_167.jpg
in_168,Inclusion,train,508,C:\Users\anmol\OneDrive\Desktop\Steel_Surface_Defect_NEU_DET-DATASET\SteelDefectX\train_by_class\Inclusion\in_168.jpg
in_169,Inclusion,train,509,C:\Users\anmol\OneDrive\Desktop\Steel_Surface_Defect_NEU_DET-DATASET\SteelDefectX\train_by_class\Inclusion\in_169.jpg
in_17,Inclusion,train,510,C:\Users\anmol\OneDrive\Desktop\Steel_Surface_Defect_NEU_DET-DATASET\SteelDefectX\train_by_class\Inclusion\in_17.jpg
in_171,Inclusion,train,511,C:\Users\anmol\OneDrive\Desktop\Steel_Surface_Defect_NEU_DET-DATASET\SteelDefectX\train_by_class\Inclusion\in_171.jpg
in_172,Inclusion,train,512,C:\Users\anmol\OneDrive\Desktop\Steel_Surface_Defect_NEU_DET-DATASET\SteelDefectX\train_by_class\Inclusion\in_172.jpg
in_173,Inclusion,train,513,C:\Users\anmol\OneDrive\Desktop\Steel_Surface_Defect_NEU_DET-DATASET\SteelDefectX\train_by_class\Inclusion\in_173.jpg
in_175,Inclusion,train,515,C:\Users\anmol\OneDrive\Desktop\Steel_Surface_Defect_NEU_DET-DATASET\SteelDefectX\train_by_class\Inclusion\in_175.jpg
in_177,Inclusion,train,517,C:\Users\anmol\OneDrive\Desktop\Steel_Surface_Defect_NEU_DET-DATASET\SteelDefectX\train_by_class\Inclusion\in_177.jpg
in_18,Inclusion,train,518,C:\Users\anmol\OneDrive\Desktop\Steel_Surface_Defect_NEU_DET-DATASET\SteelDefectX\train_by_class\Inclusion\in_18.jpg
in_181,Inclusion,train,519,C:\Users\anmol\OneDrive\Desktop\Steel_Surface_Defect_NEU_DET-DATASET\SteelDefectX\train_by_class\Inclusion\in_181.jpg
in_183,Inclusion,train,521,C:\Users\anmol\OneDrive\Desktop\Steel_Surface_Defect_NEU_DET-DATASET\SteelDefectX\train_by_class\Inclusion\in_183.jpg
in_186,Inclusion,train,524,C:\Users\anmol\OneDrive\Desktop\Steel_Surface_Defect_NEU_DET-DATASET\SteelDefectX\train_by_class\Inclusion\in_186.jpg
in_187,Inclusion,train,525,C:\Users\anmol\OneDrive\Desktop\Steel_Surface_Defect_NEU_DET-DATASET\SteelDefectX\train_by_class\Inclusion\in_187.jpg
in_189,Inclusion,train,526,C:\Users\anmol\OneDrive\Desktop\Steel_Surface_Defect_NEU_DET-DATASET\SteelDefectX\train_by_class\Inclusion\in_189.jpg
in_19,Inclusion,train,527,C:\Users\anmol\OneDrive\Desktop\Steel_Surface_Defect_NEU_DET-DATASET\SteelDefectX\train_by_class\Inclusion\in_19.jpg
in_191,Inclusion,train,528,C:\Users\anmol\OneDrive\Desktop\Steel_Surface_Defect_NEU_DET-DATASET\SteelDefectX\train_by_class\Inclusion\in_191.jpg
in_192,Inclusion,train,529,C:\Users\anmol\OneDrive\Desktop\Steel_Surface_Defect_NEU_DET-DATASET\SteelDefectX\train_by_class\Inclusion\in_192.jpg
in_193,Inclusion,train,530,C:\Users\anmol\OneDrive\Desktop\Steel_Surface_Defect_NEU_DET-DATASET\SteelDefectX\train_by_class\Inclusion\in_193.jpg
in_194,Inclusion,train,531,C:\Users\anmol\OneDrive\Desktop\Steel_Surface_Defect_NEU_DET-DATASET\SteelDefectX\train_by_class\Inclusion\in_194.jpg
in_196,Inclusion,train,532,C:\Users\anmol\OneDrive\Desktop\Steel_Surface_Defect_NEU_DET-DATASET\SteelDefectX\train_by_class\Inclusion\in_196.jpg
in_197,Inclusion,train,533,C:\Users\anmol\OneDrive\Desktop\Steel_Surface_Defect_NEU_DET-DATASET\SteelDefectX\train_by_class\Inclusion\in_197.jpg
in_198,Inclusion,train,534,C:\Users\anmol\OneDrive\Desktop\Steel_Surface_Defect_NEU_DET-DATASET\SteelDefectX\train_by_class\Inclusion\in_198.jpg
in_199,Inclusion,train,535,C:\Users\anmol\OneDrive\Desktop\Steel_Surface_Defect_NEU_DET-DATASET\SteelDefectX\train_by_class\Inclusion\in_199.jpg
in_20,Inclusion,train,536,C:\Users\anmol\OneDrive\Desktop\Steel_Surface_Defect_NEU_DET-DATASET\SteelDefectX\train_by_class\Inclusion\in_20.jpg
in_200,Inclusion,train,537,C:\Users\anmol\OneDrive\Desktop\Steel_Surface_Defect_NEU_DET-DATASET\SteelDefectX\train_by_class\Inclusion\in_200.jpg
in_202,Inclusion,train,539,C:\Users\anmol\OneDrive\Desktop\Steel_Surface_Defect_NEU_DET-DATASET\SteelDefectX\train_by_class\Inclusion\in_202.jpg
in_203,Inclusion,train,540,C:\Users\anmol\OneDrive\Desktop\Steel_Surface_Defect_NEU_DET-DATASET\SteelDefectX\train_by_class\Inclusion\in_203.jpg
in_204,Inclusion,train,541,C:\Users\anmol\OneDrive\Desktop\Steel_Surface_Defect_NEU_DET-DATASET\SteelDefectX\train_by_class\Inclusion\in_204.jpg
in_207,Inclusion,train,542,C:\Users\anmol\OneDrive\Desktop\Steel_Surface_Defect_NEU_DET-DATASET\SteelDefectX\train_by_class\Inclusion\in_207.jpg
in_210,Inclusion,train,543,C:\Users\anmol\OneDrive\Desktop\Steel_Surface_Defect_NEU_DET-DATASET\SteelDefectX\train_by_class\Inclusion\in_210.jpg
in_213,Inclusion,train,545,C:\Users\anmol\OneDrive\Desktop\Steel_Surface_Defect_NEU_DET-DATASET\SteelDefectX\train_by_class\Inclusion\in_213.jpg
in_218,Inclusion,train,548,C:\Users\anmol\OneDrive\Desktop\Steel_Surface_Defect_NEU_DET-DATASET\SteelDefectX\train_by_class\Inclusion\in_218.jpg
in_220,Inclusion,train,549,C:\Users\anmol\OneDrive\Desktop\Steel_Surface_Defect_NEU_DET-DATASET\SteelDefectX\train_by_class\Inclusion\in_220.jpg
in_221,Inclusion,train,550,C:\Users\anmol\OneDrive\Desktop\Steel_Surface_Defect_NEU_DET-DATASET\SteelDefectX\train_by_class\Inclusion\in_221.jpg
in_226,Inclusion,train,554,C:\Users\anmol\OneDrive\Desktop\Steel_Surface_Defect_NEU_DET-DATASET\SteelDefectX\train_by_class\Inclusion\in_226.jpg
in_230,Inclusion,train,557,C:\Users\anmol\OneDrive\Desktop\Steel_Surface_Defect_NEU_DET-DATASET\SteelDefectX\train_by_class\Inclusion\in_230.jpg
in_231,Inclusion,train,558,C:\Users\anmol\OneDrive\Desktop\Steel_Surface_Defect_NEU_DET-DATASET\SteelDefectX\train_by_class\Inclusion\in_231.jpg
in_233,Inclusion,train,559,C:\Users\anmol\OneDrive\Desktop\Steel_Surface_Defect_NEU_DET-DATASET\SteelDefectX\train_by_class\Inclusion\in_233.jpg
in_235,Inclusion,train,560,C:\Users\anmol\OneDrive\Desktop\Steel_Surface_Defect_NEU_DET-DATASET\SteelDefectX\train_by_class\Inclusion\in_235.jpg
in_238,Inclusion,train,562,C:\Users\anmol\OneDrive\Desktop\Steel_Surface_Defect_NEU_DET-DATASET\SteelDefectX\train_by_class\Inclusion\in_238.jpg
in_239,Inclusion,train,563,C:\Users\anmol\OneDrive\Desktop\Steel_Surface_Defect_NEU_DET-DATASET\SteelDefectX\train_by_class\Inclusion\in_239.jpg
in_244,Inclusion,train,568,C:\Users\anmol\OneDrive\Desktop\Steel_Surface_Defect_NEU_DET-DATASET\SteelDefectX\train_by_class\Inclusion\in_244.jpg
in_245,Inclusion,train,569,C:\Users\anmol\OneDrive\Desktop\Steel_Surface_Defect_NEU_DET-DATASET\SteelDefectX\train_by_class\Inclusion\in_245.jpg
in_246,Inclusion,train,570,C:\Users\anmol\OneDrive\Desktop\Steel_Surface_Defect_NEU_DET-DATASET\SteelDefectX\train_by_class\Inclusion\in_246.jpg
in_249,Inclusion,train,572,C:\Users\anmol\OneDrive\Desktop\Steel_Surface_Defect_NEU_DET-DATASET\SteelDefectX\train_by_class\Inclusion\in_249.jpg
in_250,Inclusion,train,573,C:\Users\anmol\OneDrive\Desktop\Steel_Surface_Defect_NEU_DET-DATASET\SteelDefectX\train_by_class\Inclusion\in_250.jpg
in_251,Inclusion,train,574,C:\Users\anmol\OneDrive\Desktop\Steel_Surface_Defect_NEU_DET-DATASET\SteelDefectX\train_by_class\Inclusion\in_251.jpg
in_252,Inclusion,train,575,C:\Users\anmol\OneDrive\Desktop\Steel_Surface_Defect_NEU_DET-DATASET\SteelDefectX\train_by_class\Inclusion\in_252.jpg
in_253,Inclusion,train,576,C:\Users\anmol\OneDrive\Desktop\Steel_Surface_Defect_NEU_DET-DATASET\SteelDefectX\train_by_class\Inclusion\in_253.jpg
in_256,Inclusion,train,577,C:\Users\anmol\OneDrive\Desktop\Steel_Surface_Defect_NEU_DET-DATASET\SteelDefectX\train_by_class\Inclusion\in_256.jpg
in_258,Inclusion,train,578,C:\Users\anmol\OneDrive\Desktop\Steel_Surface_Defect_NEU_DET-DATASET\SteelDefectX\train_by_class\Inclusion\in_258.jpg
in_26,Inclusion,train,579,C:\Users\anmol\OneDrive\Desktop\Steel_Surface_Defect_NEU_DET-DATASET\SteelDefectX\train_by_class\Inclusion\in_26.jpg
in_260,Inclusion,train,580,C:\Users\anmol\OneDrive\Desktop\Steel_Surface_Defect_NEU_DET-DATASET\SteelDefectX\train_by_class\Inclusion\in_260.jpg
in_261,Inclusion,train,581,C:\Users\anmol\OneDrive\Desktop\Steel_Surface_Defect_NEU_DET-DATASET\SteelDefectX\train_by_class\Inclusion\in_261.jpg
in_265,Inclusion,train,584,C:\Users\anmol\OneDrive\Desktop\Steel_Surface_Defect_NEU_DET-DATASET\SteelDefectX\train_by_class\Inclusion\in_265.jpg
in_266,Inclusion,train,585,C:\Users\anmol\OneDrive\Desktop\Steel_Surface_Defect_NEU_DET-DATASET\SteelDefectX\train_by_class\Inclusion\in_266.jpg
in_27,Inclusion,train,588,C:\Users\anmol\OneDrive\Desktop\Steel_Surface_Defect_NEU_DET-DATASET\SteelDefectX\train_by_class\Inclusion\in_27.jpg
in_270,Inclusion,train,589,C:\Users\anmol\OneDrive\Desktop\Steel_Surface_Defect_NEU_DET-DATASET\SteelDefectX\train_by_class\Inclusion\in_270.jpg
in_273,Inclusion,train,590,C:\Users\anmol\OneDrive\Desktop\Steel_Surface_Defect_NEU_DET-DATASET\SteelDefectX\train_by_class\Inclusion\in_273.jpg
in_274,Inclusion,train,591,C:\Users\anmol\OneDrive\Desktop\Steel_Surface_Defect_NEU_DET-DATASET\SteelDefectX\train_by_class\Inclusion\in_274.jpg
in_275,Inclusion,train,592,C:\Users\anmol\OneDrive\Desktop\Steel_Surface_Defect_NEU_DET-DATASET\SteelDefectX\train_by_class\Inclusion\in_275.jpg
in_278,Inclusion,train,594,C:\Users\anmol\OneDrive\Desktop\Steel_Surface_Defect_NEU_DET-DATASET\SteelDefectX\train_by_class\Inclusion\in_278.jpg
in_28,Inclusion,train,595,C:\Users\anmol\OneDrive\Desktop\Steel_Surface_Defect_NEU_DET-DATASET\SteelDefectX\train_by_class\Inclusion\in_28.jpg
in_280,Inclusion,train,596,C:\Users\anmol\OneDrive\Desktop\Steel_Surface_Defect_NEU_DET-DATASET\SteelDefectX\train_by_class\Inclusion\in_280.jpg
in_281,Inclusion,train,597,C:\Users\anmol\OneDrive\Desktop\Steel_Surface_Defect_NEU_DET-DATASET\SteelDefectX\train_by_class\Inclusion\in_281.jpg
in_282,Inclusion,train,598,C:\Users\anmol\OneDrive\Desktop\Steel_Surface_Defect_NEU_DET-DATASET\SteelDefectX\train_by_class\Inclusion\in_282.jpg
in_283,Inclusion,train,599,C:\Users\anmol\OneDrive\Desktop\Steel_Surface_Defect_NEU_DET-DATASET\SteelDefectX\train_by_class\Inclusion\in_283.jpg
in_286,Inclusion,train,600,C:\Users\anmol\OneDrive\Desktop\Steel_Surface_Defect_NEU_DET-DATASET\SteelDefectX\train_by_class\Inclusion\in_286.jpg
in_287,Inclusion,train,601,C:\Users\anmol\OneDrive\Desktop\Steel_Surface_Defect_NEU_DET-DATASET\SteelDefectX\train_by_class\Inclusion\in_287.jpg
in_29,Inclusion,train,603,C:\Users\anmol\OneDrive\Desktop\Steel_Surface_Defect_NEU_DET-DATASET\SteelDefectX\train_by_class\Inclusion\in_29.jpg
in_290,Inclusion,train,604,C:\Users\anmol\OneDrive\Desktop\Steel_Surface_Defect_NEU_DET-DATASET\SteelDefectX\train_by_class\Inclusion\in_290.jpg
in_292,Inclusion,train,605,C:\Users\anmol\OneDrive\Desktop\Steel_Surface_Defect_NEU_DET-DATASET\SteelDefectX\train_by_class\Inclusion\in_292.jpg
in_293,Inclusion,train,606,C:\Users\anmol\OneDrive\Desktop\Steel_Surface_Defect_NEU_DET-DATASET\SteelDefectX\train_by_class\Inclusion\in_293.jpg
in_296,Inclusion,train,608,C:\Users\anmol\OneDrive\Desktop\Steel_Surface_Defect_NEU_DET-DATASET\SteelDefectX\train_by_class\Inclusion\in_296.jpg
in_298,Inclusion,train,609,C:\Users\anmol\OneDrive\Desktop\Steel_Surface_Defect_NEU_DET-DATASET\SteelDefectX\train_by_class\Inclusion\in_298.jpg
in_299,Inclusion,train,610,C:\Users\anmol\OneDrive\Desktop\Steel_Surface_Defect_NEU_DET-DATASET\SteelDefectX\train_by_class\Inclusion\in_299.jpg
in_30,Inclusion,train,611,C:\Users\anmol\OneDrive\Desktop\Steel_Surface_Defect_NEU_DET-DATASET\SteelDefectX\train_by_class\Inclusion\in_30.jpg
in_300,Inclusion,train,612,C:\Users\anmol\OneDrive\Desktop\Steel_Surface_Defect_NEU_DET-DATASET\SteelDefectX\train_by_class\Inclusion\in_300.jpg
in_303,Inclusion,train,615,C:\Users\anmol\OneDrive\Desktop\Steel_Surface_Defect_NEU_DET-DATASET\SteelDefectX\train_by_class\Inclusion\in_303.jpg
in_304,Inclusion,train,616,C:\Users\anmol\OneDrive\Desktop\Steel_Surface_Defect_NEU_DET-DATASET\SteelDefectX\train_by_class\Inclusion\in_304.jpg
in_305,Inclusion,train,617,C:\Users\anmol\OneDrive\Desktop\Steel_Surface_Defect_NEU_DET-DATASET\SteelDefectX\train_by_class\Inclusion\in_305.jpg
in_306,Inclusion,train,618,C:\Users\anmol\OneDrive\Desktop\Steel_Surface_Defect_NEU_DET-DATASET\SteelDefectX\train_by_class\Inclusion\in_306.jpg
in_307,Inclusion,train,619,C:\Users\anmol\OneDrive\Desktop\Steel_Surface_Defect_NEU_DET-DATASET\SteelDefectX\train_by_class\Inclusion\in_307.jpg
in_308,Inclusion,train,620,C:\Users\anmol\OneDrive\Desktop\Steel_Surface_Defect_NEU_DET-DATASET\SteelDefectX\train_by_class\Inclusion\in_308.jpg
in_309,Inclusion,train,621,C:\Users\anmol\OneDrive\Desktop\Steel_Surface_Defect_NEU_DET-DATASET\SteelDefectX\train_by_class\Inclusion\in_309.jpg
in_31,Inclusion,train,622,C:\Users\anmol\OneDrive\Desktop\Steel_Surface_Defect_NEU_DET-DATASET\SteelDefectX\train_by_class\Inclusion\in_31.jpg
in_310,Inclusion,train,623,C:\Users\anmol\OneDrive\Desktop\Steel_Surface_Defect_NEU_DET-DATASET\SteelDefectX\train_by_class\Inclusion\in_310.jpg
in_311,Inclusion,train,624,C:\Users\anmol\OneDrive\Desktop\Steel_Surface_Defect_NEU_DET-DATASET\SteelDefectX\train_by_class\Inclusion\in_311.jpg
in_312,Inclusion,train,625,C:\Users\anmol\OneDrive\Desktop\Steel_Surface_Defect_NEU_DET-DATASET\SteelDefectX\train_by_class\Inclusion\in_312.jpg
in_316,Inclusion,train,627,C:\Users\anmol\OneDrive\Desktop\Steel_Surface_Defect_NEU_DET-DATASET\SteelDefectX\train_by_class\Inclusion\in_316.jpg
in_318,Inclusion,train,629,C:\Users\anmol\OneDrive\Desktop\Steel_Surface_Defect_NEU_DET-DATASET\SteelDefectX\train_by_class\Inclusion\in_318.jpg
in_320,Inclusion,train,631,C:\Users\anmol\OneDrive\Desktop\Steel_Surface_Defect_NEU_DET-DATASET\SteelDefectX\train_by_class\Inclusion\in_320.jpg
in_321,Inclusion,train,632,C:\Users\anmol\OneDrive\Desktop\Steel_Surface_Defect_NEU_DET-DATASET\SteelDefectX\train_by_class\Inclusion\in_321.jpg
in_322,Inclusion,train,633,C:\Users\anmol\OneDrive\Desktop\Steel_Surface_Defect_NEU_DET-DATASET\SteelDefectX\train_by_class\Inclusion\in_322.jpg
in_326,Inclusion,train,635,C:\Users\anmol\OneDrive\Desktop\Steel_Surface_Defect_NEU_DET-DATASET\SteelDefectX\train_by_class\Inclusion\in_326.jpg
in_327,Inclusion,train,636,C:\Users\anmol\OneDrive\Desktop\Steel_Surface_Defect_NEU_DET-DATASET\SteelDefectX\train_by_class\Inclusion\in_327.jpg
in_328,Inclusion,train,637,C:\Users\anmol\OneDrive\Desktop\Steel_Surface_Defect_NEU_DET-DATASET\SteelDefectX\train_by_class\Inclusion\in_328.jpg
in_330,Inclusion,train,639,C:\Users\anmol\OneDrive\Desktop\Steel_Surface_Defect_NEU_DET-DATASET\SteelDefectX\train_by_class\Inclusion\in_330.jpg
in_333,Inclusion,train,641,C:\Users\anmol\OneDrive\Desktop\Steel_Surface_Defect_NEU_DET-DATASET\SteelDefectX\train_by_class\Inclusion\in_333.jpg
in_335,Inclusion,train,642,C:\Users\anmol\OneDrive\Desktop\Steel_Surface_Defect_NEU_DET-DATASET\SteelDefectX\train_by_class\Inclusion\in_335.jpg
in_336,Inclusion,train,643,C:\Users\anmol\OneDrive\Desktop\Steel_Surface_Defect_NEU_DET-DATASET\SteelDefectX\train_by_class\Inclusion\in_336.jpg
in_337,Inclusion,train,644,C:\Users\anmol\OneDrive\Desktop\Steel_Surface_Defect_NEU_DET-DATASET\SteelDefectX\train_by_class\Inclusion\in_337.jpg
in_339,Inclusion,train,645,C:\Users\anmol\OneDrive\Desktop\Steel_Surface_Defect_NEU_DET-DATASET\SteelDefectX\train_by_class\Inclusion\in_339.jpg
in_340,Inclusion,train,646,C:\Users\anmol\OneDrive\Desktop\Steel_Surface_Defect_NEU_DET-DATASET\SteelDefectX\train_by_class\Inclusion\in_340.jpg
in_341,Inclusion,train,647,C:\Users\anmol\OneDrive\Desktop\Steel_Surface_Defect_NEU_DET-DATASET\SteelDefectX\train_by_class\Inclusion\in_341.jpg
in_342,Inclusion,train,648,C:\Users\anmol\OneDrive\Desktop\Steel_Surface_Defect_NEU_DET-DATASET\SteelDefectX\train_by_class\Inclusion\in_342.jpg
in_344,Inclusion,train,649,C:\Users\anmol\OneDrive\Desktop\Steel_Surface_Defect_NEU_DET-DATASET\SteelDefectX\train_by_class\Inclusion\in_344.jpg
in_345,Inclusion,train,650,C:\Users\anmol\OneDrive\Desktop\Steel_Surface_Defect_NEU_DET-DATASET\SteelDefectX\train_by_class\Inclusion\in_345.jpg
in_348,Inclusion,train,652,C:\Users\anmol\OneDrive\Desktop\Steel_Surface_Defect_NEU_DET-DATASET\SteelDefectX\train_by_class\Inclusion\in_348.jpg
in_35,Inclusion,train,654,C:\Users\anmol\OneDrive\Desktop\Steel_Surface_Defect_NEU_DET-DATASET\SteelDefectX\train_by_class\Inclusion\in_35.jpg
in_350,Inclusion,train,655,C:\Users\anmol\OneDrive\Desktop\Steel_Surface_Defect_NEU_DET-DATASET\SteelDefectX\train_by_class\Inclusion\in_350.jpg
in_351,Inclusion,train,656,C:\Users\anmol\OneDrive\Desktop\Steel_Surface_Defect_NEU_DET-DATASET\SteelDefectX\train_by_class\Inclusion\in_351.jpg
in_352,Inclusion,train,657,C:\Users\anmol\OneDrive\Desktop\Steel_Surface_Defect_NEU_DET-DATASET\SteelDefectX\train_by_class\Inclusion\in_352.jpg
in_354,Inclusion,train,658,C:\Users\anmol\OneDrive\Desktop\Steel_Surface_Defect_NEU_DET-DATASET\SteelDefectX\train_by_class\Inclusion\in_354.jpg
in_356,Inclusion,train,660,C:\Users\anmol\OneDrive\Desktop\Steel_Surface_Defect_NEU_DET-DATASET\SteelDefectX\train_by_class\Inclusion\in_356.jpg
in_358,Inclusion,train,662,C:\Users\anmol\OneDrive\Desktop\Steel_Surface_Defect_NEU_DET-DATASET\SteelDefectX\train_by_class\Inclusion\in_358.jpg
in_36,Inclusion,train,663,C:\Users\anmol\OneDrive\Desktop\Steel_Surface_Defect_NEU_DET-DATASET\SteelDefectX\train_by_class\Inclusion\in_36.jpg
in_361,Inclusion,train,665,C:\Users\anmol\OneDrive\Desktop\Steel_Surface_Defect_NEU_DET-DATASET\SteelDefectX\train_by_class\Inclusion\in_361.jpg
in_364,Inclusion,train,668,C:\Users\anmol\OneDrive\Desktop\Steel_Surface_Defect_NEU_DET-DATASET\SteelDefectX\train_by_class\Inclusion\in_364.jpg
in_365,Inclusion,train,669,C:\Users\anmol\OneDrive\Desktop\Steel_Surface_Defect_NEU_DET-DATASET\SteelDefectX\train_by_class\Inclusion\in_365.jpg
in_366,Inclusion,train,670,C:\Users\anmol\OneDrive\Desktop\Steel_Surface_Defect_NEU_DET-DATASET\SteelDefectX\train_by_class\Inclusion\in_366.jpg
in_369,Inclusion,train,671,C:\Users\anmol\OneDrive\Desktop\Steel_Surface_Defect_NEU_DET-DATASET\SteelDefectX\train_by_class\Inclusion\in_369.jpg
in_371,Inclusion,train,673,C:\Users\anmol\OneDrive\Desktop\Steel_Surface_Defect_NEU_DET-DATASET\SteelDefectX\train_by_class\Inclusion\in_371.jpg
in_374,Inclusion,train,676,C:\Users\anmol\OneDrive\Desktop\Steel_Surface_Defect_NEU_DET-DATASET\SteelDefectX\train_by_class\Inclusion\in_374.jpg
in_376,Inclusion,train,677,C:\Users\anmol\OneDrive\Desktop\Steel_Surface_Defect_NEU_DET-DATASET\SteelDefectX\train_by_class\Inclusion\in_376.jpg
in_377,Inclusion,train,678,C:\Users\anmol\OneDrive\Desktop\Steel_Surface_Defect_NEU_DET-DATASET\SteelDefectX\train_by_class\Inclusion\in_377.jpg
in_380,Inclusion,train,679,C:\Users\anmol\OneDrive\Desktop\Steel_Surface_Defect_NEU_DET-DATASET\SteelDefectX\train_by_class\Inclusion\in_380.jpg
in_382,Inclusion,train,680,C:\Users\anmol\OneDrive\Desktop\Steel_Surface_Defect_NEU_DET-DATASET\SteelDefectX\train_by_class\Inclusion\in_382.jpg
in_386,Inclusion,train,682,C:\Users\anmol\OneDrive\Desktop\Steel_Surface_Defect_NEU_DET-DATASET\SteelDefectX\train_by_class\Inclusion\in_386.jpg
in_387,Inclusion,train,683,C:\Users\anmol\OneDrive\Desktop\Steel_Surface_Defect_NEU_DET-DATASET\SteelDefectX\train_by_class\Inclusion\in_387.jpg
in_39,Inclusion,train,685,C:\Users\anmol\OneDrive\Desktop\Steel_Surface_Defect_NEU_DET-DATASET\SteelDefectX\train_by_class\Inclusion\in_39.jpg
in_396,Inclusion,train,689,C:\Users\anmol\OneDrive\Desktop\Steel_Surface_Defect_NEU_DET-DATASET\SteelDefectX\train_by_class\Inclusion\in_396.jpg
in_398,Inclusion,train,690,C:\Users\anmol\OneDrive\Desktop\Steel_Surface_Defect_NEU_DET-DATASET\SteelDefectX\train_by_class\Inclusion\in_398.jpg
in_399,Inclusion,train,691,C:\Users\anmol\OneDrive\Desktop\Steel_Surface_Defect_NEU_DET-DATASET\SteelDefectX\train_by_class\Inclusion\in_399.jpg
in_402,Inclusion,train,693,C:\Users\anmol\OneDrive\Desktop\Steel_Surface_Defect_NEU_DET-DATASET\SteelDefectX\train_by_class\Inclusion\in_402.jpg
in_406,Inclusion,train,696,C:\Users\anmol\OneDrive\Desktop\Steel_Surface_Defect_NEU_DET-DATASET\SteelDefectX\train_by_class\Inclusion\in_406.jpg
in_41,Inclusion,train,698,C:\Users\anmol\OneDrive\Desktop\Steel_Surface_Defect_NEU_DET-DATASET\SteelDefectX\train_by_class\Inclusion\in_41.jpg
in_410,Inclusion,train,699,C:\Users\anmol\OneDrive\Desktop\Steel_Surface_Defect_NEU_DET-DATASET\SteelDefectX\train_by_class\Inclusion\in_410.jpg
in_411,Inclusion,train,700,C:\Users\anmol\OneDrive\Desktop\Steel_Surface_Defect_NEU_DET-DATASET\SteelDefectX\train_by_class\Inclusion\in_411.jpg
in_413,Inclusion,train,702,C:\Users\anmol\OneDrive\Desktop\Steel_Surface_Defect_NEU_DET-DATASET\SteelDefectX\train_by_class\Inclusion\in_413.jpg
in_415,Inclusion,train,704,C:\Users\anmol\OneDrive\Desktop\Steel_Surface_Defect_NEU_DET-DATASET\SteelDefectX\train_by_class\Inclusion\in_415.jpg
in_416,Inclusion,train,705,C:\Users\anmol\OneDrive\Desktop\Steel_Surface_Defect_NEU_DET-DATASET\SteelDefectX\train_by_class\Inclusion\in_416.jpg
in_417,Inclusion,train,706,C:\Users\anmol\OneDrive\Desktop\Steel_Surface_Defect_NEU_DET-DATASET\SteelDefectX\train_by_class\Inclusion\in_417.jpg
in_420,Inclusion,train,708,C:\Users\anmol\OneDrive\Desktop\Steel_Surface_Defect_NEU_DET-DATASET\SteelDefectX\train_by_class\Inclusion\in_420.jpg
in_423,Inclusion,train,709,C:\Users\anmol\OneDrive\Desktop\Steel_Surface_Defect_NEU_DET-DATASET\SteelDefectX\train_by_class\Inclusion\in_423.jpg
in_424,Inclusion,train,710,C:\Users\anmol\OneDrive\Desktop\Steel_Surface_Defect_NEU_DET-DATASET\SteelDefectX\train_by_class\Inclusion\in_424.jpg
in_425,Inclusion,train,711,C:\Users\anmol\OneDrive\Desktop\Steel_Surface_Defect_NEU_DET-DATASET\SteelDefectX\train_by_class\Inclusion\in_425.jpg
in_426,Inclusion,train,712,C:\Users\anmol\OneDrive\Desktop\Steel_Surface_Defect_NEU_DET-DATASET\SteelDefectX\train_by_class\Inclusion\in_426.jpg
in_427,Inclusion,train,713,C:\Users\anmol\OneDrive\Desktop\Steel_Surface_Defect_NEU_DET-DATASET\SteelDefectX\train_by_class\Inclusion\in_427.jpg
in_431,Inclusion,train,715,C:\Users\anmol\OneDrive\Desktop\Steel_Surface_Defect_NEU_DET-DATASET\SteelDefectX\train_by_class\Inclusion\in_431.jpg
in_433,Inclusion,train,717,C:\Users\anmol\OneDrive\Desktop\Steel_Surface_Defect_NEU_DET-DATASET\SteelDefectX\train_by_class\Inclusion\in_433.jpg
in_437,Inclusion,train,719,C:\Users\anmol\OneDrive\Desktop\Steel_Surface_Defect_NEU_DET-DATASET\SteelDefectX\train_by_class\Inclusion\in_437.jpg
in_438,Inclusion,train,720,C:\Users\anmol\OneDrive\Desktop\Steel_Surface_Defect_NEU_DET-DATASET\SteelDefectX\train_by_class\Inclusion\in_438.jpg
in_44,Inclusion,train,721,C:\Users\anmol\OneDrive\Desktop\Steel_Surface_Defect_NEU_DET-DATASET\SteelDefectX\train_by_class\Inclusion\in_44.jpg
in_441,Inclusion,train,723,C:\Users\anmol\OneDrive\Desktop\Steel_Surface_Defect_NEU_DET-DATASET\SteelDefectX\train_by_class\Inclusion\in_441.jpg
in_442,Inclusion,train,724,C:\Users\anmol\OneDrive\Desktop\Steel_Surface_Defect_NEU_DET-DATASET\SteelDefectX\train_by_class\Inclusion\in_442.jpg
in_445,Inclusion,train,725,C:\Users\anmol\OneDrive\Desktop\Steel_Surface_Defect_NEU_DET-DATASET\SteelDefectX\train_by_class\Inclusion\in_445.jpg
in_447,Inclusion,train,727,C:\Users\anmol\OneDrive\Desktop\Steel_Surface_Defect_NEU_DET-DATASET\SteelDefectX\train_by_class\Inclusion\in_447.jpg
in_45,Inclusion,train,728,C:\Users\anmol\OneDrive\Desktop\Steel_Surface_Defect_NEU_DET-DATASET\SteelDefectX\train_by_class\Inclusion\in_45.jpg
in_450,Inclusion,train,729,C:\Users\anmol\OneDrive\Desktop\Steel_Surface_Defect_NEU_DET-DATASET\SteelDefectX\train_by_class\Inclusion\in_450.jpg
in_452,Inclusion,train,730,C:\Users\anmol\OneDrive\Desktop\Steel_Surface_Defect_NEU_DET-DATASET\SteelDefectX\train_by_class\Inclusion\in_452.jpg
in_454,Inclusion,train,731,C:\Users\anmol\OneDrive\Desktop\Steel_Surface_Defect_NEU_DET-DATASET\SteelDefectX\train_by_class\Inclusion\in_454.jpg
in_457,Inclusion,train,734,C:\Users\anmol\OneDrive\Desktop\Steel_Surface_Defect_NEU_DET-DATASET\SteelDefectX\train_by_class\Inclusion\in_457.jpg
in_458,Inclusion,train,735,C:\Users\anmol\OneDrive\Desktop\Steel_Surface_Defect_NEU_DET-DATASET\SteelDefectX\train_by_class\Inclusion\in_458.jpg
in_459,Inclusion,train,736,C:\Users\anmol\OneDrive\Desktop\Steel_Surface_Defect_NEU_DET-DATASET\SteelDefectX\train_by_class\Inclusion\in_459.jpg
in_46,Inclusion,train,737,C:\Users\anmol\OneDrive\Desktop\Steel_Surface_Defect_NEU_DET-DATASET\SteelDefectX\train_by_class\Inclusion\in_46.jpg
in_460,Inclusion,train,738,C:\Users\anmol\OneDrive\Desktop\Steel_Surface_Defect_NEU_DET-DATASET\SteelDefectX\train_by_class\Inclusion\in_460.jpg
in_462,Inclusion,train,740,C:\Users\anmol\OneDrive\Desktop\Steel_Surface_Defect_NEU_DET-DATASET\SteelDefectX\train_by_class\Inclusion\in_462.jpg
in_473,Inclusion,train,746,C:\Users\anmol\OneDrive\Desktop\Steel_Surface_Defect_NEU_DET-DATASET\SteelDefectX\train_by_class\Inclusion\in_473.jpg
in_474,Inclusion,train,747,C:\Users\anmol\OneDrive\Desktop\Steel_Surface_Defect_NEU_DET-DATASET\SteelDefectX\train_by_class\Inclusion\in_474.jpg
in_476,Inclusion,train,748,C:\Users\anmol\OneDrive\Desktop\Steel_Surface_Defect_NEU_DET-DATASET\SteelDefectX\train_by_class\Inclusion\in_476.jpg
in_477,Inclusion,train,749,C:\Users\anmol\OneDrive\Desktop\Steel_Surface_Defect_NEU_DET-DATASET\SteelDefectX\train_by_class\Inclusion\in_477.jpg
in_48,Inclusion,train,752,C:\Users\anmol\OneDrive\Desktop\Steel_Surface_Defect_NEU_DET-DATASET\SteelDefectX\train_by_class\Inclusion\in_48.jpg
in_481,Inclusion,train,753,C:\Users\anmol\OneDrive\Desktop\Steel_Surface_Defect_NEU_DET-DATASET\SteelDefectX\train_by_class\Inclusion\in_481.jpg
in_484,Inclusion,train,755,C:\Users\anmol\OneDrive\Desktop\Steel_Surface_Defect_NEU_DET-DATASET\SteelDefectX\train_by_class\Inclusion\in_484.jpg
in_487,Inclusion,train,756,C:\Users\anmol\OneDrive\Desktop\Steel_Surface_Defect_NEU_DET-DATASET\SteelDefectX\train_by_class\Inclusion\in_487.jpg
in_490,Inclusion,train,758,C:\Users\anmol\OneDrive\Desktop\Steel_Surface_Defect_NEU_DET-DATASET\SteelDefectX\train_by_class\Inclusion\in_490.jpg
in_494,Inclusion,train,761,C:\Users\anmol\OneDrive\Desktop\Steel_Surface_Defect_NEU_DET-DATASET\SteelDefectX\train_by_class\Inclusion\in_494.jpg
in_50,Inclusion,train,762,C:\Users\anmol\OneDrive\Desktop\Steel_Surface_Defect_NEU_DET-DATASET\SteelDefectX\train_by_class\Inclusion\in_50.jpg
in_53,Inclusion,train,764,C:\Users\anmol\OneDrive\Desktop\Steel_Surface_Defect_NEU_DET-DATASET\SteelDefectX\train_by_class\Inclusion\in_53.jpg
in_56,Inclusion,train,767,C:\Users\anmol\OneDrive\Desktop\Steel_Surface_Defect_NEU_DET-DATASET\SteelDefectX\train_by_class\Inclusion\in_56.jpg
in_57,Inclusion,train,768,C:\Users\anmol\OneDrive\Desktop\Steel_Surface_Defect_NEU_DET-DATASET\SteelDefectX\train_by_class\Inclusion\in_57.jpg
in_59,Inclusion,train,769,C:\Users\anmol\OneDrive\Desktop\Steel_Surface_Defect_NEU_DET-DATASET\SteelDefectX\train_by_class\Inclusion\in_59.jpg
in_61,Inclusion,train,770,C:\Users\anmol\OneDrive\Desktop\Steel_Surface_Defect_NEU_DET-DATASET\SteelDefectX\train_by_class\Inclusion\in_61.jpg
in_62,Inclusion,train,771,C:\Users\anmol\OneDrive\Desktop\Steel_Surface_Defect_NEU_DET-DATASET\SteelDefectX\train_by_class\Inclusion\in_62.jpg
in_65,Inclusion,train,772,C:\Users\anmol\OneDrive\Desktop\Steel_Surface_Defect_NEU_DET-DATASET\SteelDefectX\train_by_class\Inclusion\in_65.jpg
in_66,Inclusion,train,773,C:\Users\anmol\OneDrive\Desktop\Steel_Surface_Defect_NEU_DET-DATASET\SteelDefectX\train_by_class\Inclusion\in_66.jpg
in_68,Inclusion,train,775,C:\Users\anmol\OneDrive\Desktop\Steel_Surface_Defect_NEU_DET-DATASET\SteelDefectX\train_by_class\Inclusion\in_68.jpg
in_69,Inclusion,train,776,C:\Users\anmol\OneDrive\Desktop\Steel_Surface_Defect_NEU_DET-DATASET\SteelDefectX\train_by_class\Inclusion\in_69.jpg
in_73,Inclusion,train,778,C:\Users\anmol\OneDrive\Desktop\Steel_Surface_Defect_NEU_DET-DATASET\SteelDefectX\train_by_class\Inclusion\in_73.jpg
in_74,Inclusion,train,779,C:\Users\anmol\OneDrive\Desktop\Steel_Surface_Defect_NEU_DET-DATASET\SteelDefectX\train_by_class\Inclusion\in_74.jpg
in_75,Inclusion,train,780,C:\Users\anmol\OneDrive\Desktop\Steel_Surface_Defect_NEU_DET-DATASET\SteelDefectX\train_by_class\Inclusion\in_75.jpg
in_76,Inclusion,train,781,C:\Users\anmol\OneDrive\Desktop\Steel_Surface_Defect_NEU_DET-DATASET\SteelDefectX\train_by_class\Inclusion\in_76.jpg
in_79,Inclusion,train,783,C:\Users\anmol\OneDrive\Desktop\Steel_Surface_Defect_NEU_DET-DATASET\SteelDefectX\train_by_class\Inclusion\in_79.jpg
in_80,Inclusion,train,784,C:\Users\anmol\OneDrive\Desktop\Steel_Surface_Defect_NEU_DET-DATASET\SteelDefectX\train_by_class\Inclusion\in_80.jpg
in_82,Inclusion,train,786,C:\Users\anmol\OneDrive\Desktop\Steel_Surface_Defect_NEU_DET-DATASET\SteelDefectX\train_by_class\Inclusion\in_82.jpg
in_83,Inclusion,train,787,C:\Users\anmol\OneDrive\Desktop\Steel_Surface_Defect_NEU_DET-DATASET\SteelDefectX\train_by_class\Inclusion\in_83.jpg
in_84,Inclusion,train,788,C:\Users\anmol\OneDrive\Desktop\Steel_Surface_Defect_NEU_DET-DATASET\SteelDefectX\train_by_class\Inclusion\in_84.jpg
in_87,Inclusion,train,790,C:\Users\anmol\OneDrive\Desktop\Steel_Surface_Defect_NEU_DET-DATASET\SteelDefectX\train_by_class\Inclusion\in_87.jpg
in_88,Inclusion,train,791,C:\Users\anmol\OneDrive\Desktop\Steel_Surface_Defect_NEU_DET-DATASET\SteelDefectX\train_by_class\Inclusion\in_88.jpg
in_89,Inclusion,train,792,C:\Users\anmol\OneDrive\Desktop\Steel_Surface_Defect_NEU_DET-DATASET\SteelDefectX\train_by_class\Inclusion\in_89.jpg
in_90,Inclusion,train,793,C:\Users\anmol\OneDrive\Desktop\Steel_Surface_Defect_NEU_DET-DATASET\SteelDefectX\train_by_class\Inclusion\in_90.jpg
in_92,Inclusion,train,795,C:\Users\anmol\OneDrive\Desktop\Steel_Surface_Defect_NEU_DET-DATASET\SteelDefectX\train_by_class\Inclusion\in_92.jpg
in_94,Inclusion,train,797,C:\Users\anmol\OneDrive\Desktop\Steel_Surface_Defect_NEU_DET-DATASET\SteelDefectX\train_by_class\Inclusion\in_94.jpg
in_95,Inclusion,train,798,C:\Users\anmol\OneDrive\Desktop\Steel_Surface_Defect_NEU_DET-DATASET\SteelDefectX\train_by_class\Inclusion\in_95.jpg
in_96,Inclusion,train,799,C:\Users\anmol\OneDrive\Desktop\Steel_Surface_Defect_NEU_DET-DATASET\SteelDefectX\train_by_class\Inclusion\in_96.jpg
in_97,Inclusion,train,800,C:\Users\anmol\OneDrive\Desktop\Steel_Surface_Defect_NEU_DET-DATASET\SteelDefectX\train_by_class\Inclusion\in_97.jpg
in_99,Inclusion,train,802,C:\Users\anmol\OneDrive\Desktop\Steel_Surface_Defect_NEU_DET-DATASET\SteelDefectX\train_by_class\Inclusion\in_99.jpg
in_09,Inclusion,val,457,C:\Users\anmol\OneDrive\Desktop\Steel_Surface_Defect_NEU_DET-DATASET\SteelDefectX\train_by_class\Inclusion\in_09.jpg
in_106,Inclusion,val,462,C:\Users\anmol\OneDrive\Desktop\Steel_Surface_Defect_NEU_DET-DATASET\SteelDefectX\train_by_class\Inclusion\in_106.jpg
in_114,Inclusion,val,469,C:\Users\anmol\OneDrive\Desktop\Steel_Surface_Defect_NEU_DET-DATASET\SteelDefectX\train_by_class\Inclusion\in_114.jpg
in_157,Inclusion,val,500,C:\Users\anmol\OneDrive\Desktop\Steel_Surface_Defect_NEU_DET-DATASET\SteelDefectX\train_by_class\Inclusion\in_157.jpg
in_185,Inclusion,val,523,C:\Users\anmol\OneDrive\Desktop\Steel_Surface_Defect_NEU_DET-DATASET\SteelDefectX\train_by_class\Inclusion\in_185.jpg
in_201,Inclusion,val,538,C:\Users\anmol\OneDrive\Desktop\Steel_Surface_Defect_NEU_DET-DATASET\SteelDefectX\train_by_class\Inclusion\in_201.jpg
in_212,Inclusion,val,544,C:\Users\anmol\OneDrive\Desktop\Steel_Surface_Defect_NEU_DET-DATASET\SteelDefectX\train_by_class\Inclusion\in_212.jpg
in_215,Inclusion,val,546,C:\Users\anmol\OneDrive\Desktop\Steel_Surface_Defect_NEU_DET-DATASET\SteelDefectX\train_by_class\Inclusion\in_215.jpg
in_229,Inclusion,val,556,C:\Users\anmol\OneDrive\Desktop\Steel_Surface_Defect_NEU_DET-DATASET\SteelDefectX\train_by_class\Inclusion\in_229.jpg
in_236,Inclusion,val,561,C:\Users\anmol\OneDrive\Desktop\Steel_Surface_Defect_NEU_DET-DATASET\SteelDefectX\train_by_class\Inclusion\in_236.jpg
in_24,Inclusion,val,564,C:\Users\anmol\OneDrive\Desktop\Steel_Surface_Defect_NEU_DET-DATASET\SteelDefectX\train_by_class\Inclusion\in_24.jpg
in_267,Inclusion,val,586,C:\Users\anmol\OneDrive\Desktop\Steel_Surface_Defect_NEU_DET-DATASET\SteelDefectX\train_by_class\Inclusion\in_267.jpg
in_269,Inclusion,val,587,C:\Users\anmol\OneDrive\Desktop\Steel_Surface_Defect_NEU_DET-DATASET\SteelDefectX\train_by_class\Inclusion\in_269.jpg
in_301,Inclusion,val,613,C:\Users\anmol\OneDrive\Desktop\Steel_Surface_Defect_NEU_DET-DATASET\SteelDefectX\train_by_class\Inclusion\in_301.jpg
in_313,Inclusion,val,626,C:\Users\anmol\OneDrive\Desktop\Steel_Surface_Defect_NEU_DET-DATASET\SteelDefectX\train_by_class\Inclusion\in_313.jpg
in_317,Inclusion,val,628,C:\Users\anmol\OneDrive\Desktop\Steel_Surface_Defect_NEU_DET-DATASET\SteelDefectX\train_by_class\Inclusion\in_317.jpg
in_32,Inclusion,val,630,C:\Users\anmol\OneDrive\Desktop\Steel_Surface_Defect_NEU_DET-DATASET\SteelDefectX\train_by_class\Inclusion\in_32.jpg
in_355,Inclusion,val,659,C:\Users\anmol\OneDrive\Desktop\Steel_Surface_Defect_NEU_DET-DATASET\SteelDefectX\train_by_class\Inclusion\in_355.jpg
in_372,Inclusion,val,674,C:\Users\anmol\OneDrive\Desktop\Steel_Surface_Defect_NEU_DET-DATASET\SteelDefectX\train_by_class\Inclusion\in_372.jpg
in_383,Inclusion,val,681,C:\Users\anmol\OneDrive\Desktop\Steel_Surface_Defect_NEU_DET-DATASET\SteelDefectX\train_by_class\Inclusion\in_383.jpg
in_388,Inclusion,val,684,C:\Users\anmol\OneDrive\Desktop\Steel_Surface_Defect_NEU_DET-DATASET\SteelDefectX\train_by_class\Inclusion\in_388.jpg
in_392,Inclusion,val,686,C:\Users\anmol\OneDrive\Desktop\Steel_Surface_Defect_NEU_DET-DATASET\SteelDefectX\train_by_class\Inclusion\in_392.jpg
in_393,Inclusion,val,687,C:\Users\anmol\OneDrive\Desktop\Steel_Surface_Defect_NEU_DET-DATASET\SteelDefectX\train_by_class\Inclusion\in_393.jpg
in_395,Inclusion,val,688,C:\Users\anmol\OneDrive\Desktop\Steel_Surface_Defect_NEU_DET-DATASET\SteelDefectX\train_by_class\Inclusion\in_395.jpg
in_403,Inclusion,val,694,C:\Users\anmol\OneDrive\Desktop\Steel_Surface_Defect_NEU_DET-DATASET\SteelDefectX\train_by_class\Inclusion\in_403.jpg
in_404,Inclusion,val,695,C:\Users\anmol\OneDrive\Desktop\Steel_Surface_Defect_NEU_DET-DATASET\SteelDefectX\train_by_class\Inclusion\in_404.jpg
in_414,Inclusion,val,703,C:\Users\anmol\OneDrive\Desktop\Steel_Surface_Defect_NEU_DET-DATASET\SteelDefectX\train_by_class\Inclusion\in_414.jpg
in_446,Inclusion,val,726,C:\Users\anmol\OneDrive\Desktop\Steel_Surface_Defect_NEU_DET-DATASET\SteelDefectX\train_by_class\Inclusion\in_446.jpg
in_455,Inclusion,val,732,C:\Users\anmol\OneDrive\Desktop\Steel_Surface_Defect_NEU_DET-DATASET\SteelDefectX\train_by_class\Inclusion\in_455.jpg
in_468,Inclusion,val,742,C:\Users\anmol\OneDrive\Desktop\Steel_Surface_Defect_NEU_DET-DATASET\SteelDefectX\train_by_class\Inclusion\in_468.jpg
in_55,Inclusion,val,766,C:\Users\anmol\OneDrive\Desktop\Steel_Surface_Defect_NEU_DET-DATASET\SteelDefectX\train_by_class\Inclusion\in_55.jpg
in_67,Inclusion,val,774,C:\Users\anmol\OneDrive\Desktop\Steel_Surface_Defect_NEU_DET-DATASET\SteelDefectX\train_by_class\Inclusion\in_67.jpg
in_85,Inclusion,val,789,C:\Users\anmol\OneDrive\Desktop\Steel_Surface_Defect_NEU_DET-DATASET\SteelDefectX\train_by_class\Inclusion\in_85.jpg
in_93,Inclusion,val,796,C:\Users\anmol\OneDrive\Desktop\Steel_Surface_Defect_NEU_DET-DATASET\SteelDefectX\train_by_class\Inclusion\in_93.jpg
in_98,Inclusion,val,801,C:\Users\anmol\OneDrive\Desktop\Steel_Surface_Defect_NEU_DET-DATASET\SteelDefectX\train_by_class\Inclusion\in_98.jpg
Isc_01,Iron scale compression,test,803,C:\Users\anmol\OneDrive\Desktop\Steel_Surface_Defect_NEU_DET-DATASET\SteelDefectX\train_by_class\Iron scale compression\Isc_01.jpg
Isc_02,Iron scale compression,test,804,C:\Users\anmol\OneDrive\Desktop\Steel_Surface_Defect_NEU_DET-DATASET\SteelDefectX\train_by_class\Iron scale compression\Isc_02.jpg
Isc_122,Iron scale compression,test,831,C:\Users\anmol\OneDrive\Desktop\Steel_Surface_Defect_NEU_DET-DATASET\SteelDefectX\train_by_class\Iron scale compression\Isc_122.jpg
Isc_135,Iron scale compression,test,840,C:\Users\anmol\OneDrive\Desktop\Steel_Surface_Defect_NEU_DET-DATASET\SteelDefectX\train_by_class\Iron scale compression\Isc_135.jpg
Isc_137,Iron scale compression,test,842,C:\Users\anmol\OneDrive\Desktop\Steel_Surface_Defect_NEU_DET-DATASET\SteelDefectX\train_by_class\Iron scale compression\Isc_137.jpg
Isc_142,Iron scale compression,test,846,C:\Users\anmol\OneDrive\Desktop\Steel_Surface_Defect_NEU_DET-DATASET\SteelDefectX\train_by_class\Iron scale compression\Isc_142.jpg
Isc_143,Iron scale compression,test,847,C:\Users\anmol\OneDrive\Desktop\Steel_Surface_Defect_NEU_DET-DATASET\SteelDefectX\train_by_class\Iron scale compression\Isc_143.jpg
Isc_144,Iron scale compression,test,848,C:\Users\anmol\OneDrive\Desktop\Steel_Surface_Defect_NEU_DET-DATASET\SteelDefectX\train_by_class\Iron scale compression\Isc_144.jpg
Isc_148,Iron scale compression,test,851,C:\Users\anmol\OneDrive\Desktop\Steel_Surface_Defect_NEU_DET-DATASET\SteelDefectX\train_by_class\Iron scale compression\Isc_148.jpg
Isc_150,Iron scale compression,test,852,C:\Users\anmol\OneDrive\Desktop\Steel_Surface_Defect_NEU_DET-DATASET\SteelDefectX\train_by_class\Iron scale compression\Isc_150.jpg
Isc_158,Iron scale compression,test,859,C:\Users\anmol\OneDrive\Desktop\Steel_Surface_Defect_NEU_DET-DATASET\SteelDefectX\train_by_class\Iron scale compression\Isc_158.jpg
Isc_166,Iron scale compression,test,865,C:\Users\anmol\OneDrive\Desktop\Steel_Surface_Defect_NEU_DET-DATASET\SteelDefectX\train_by_class\Iron scale compression\Isc_166.jpg
Isc_176,Iron scale compression,test,872,C:\Users\anmol\OneDrive\Desktop\Steel_Surface_Defect_NEU_DET-DATASET\SteelDefectX\train_by_class\Iron scale compression\Isc_176.jpg
Isc_18,Iron scale compression,test,875,C:\Users\anmol\OneDrive\Desktop\Steel_Surface_Defect_NEU_DET-DATASET\SteelDefectX\train_by_class\Iron scale compression\Isc_18.jpg
Isc_181,Iron scale compression,test,877,C:\Users\anmol\OneDrive\Desktop\Steel_Surface_Defect_NEU_DET-DATASET\SteelDefectX\train_by_class\Iron scale compression\Isc_181.jpg
Isc_192,Iron scale compression,test,886,C:\Users\anmol\OneDrive\Desktop\Steel_Surface_Defect_NEU_DET-DATASET\SteelDefectX\train_by_class\Iron scale compression\Isc_192.jpg
Isc_193,Iron scale compression,test,887,C:\Users\anmol\OneDrive\Desktop\Steel_Surface_Defect_NEU_DET-DATASET\SteelDefectX\train_by_class\Iron scale compression\Isc_193.jpg
Isc_26,Iron scale compression,test,896,C:\Users\anmol\OneDrive\Desktop\Steel_Surface_Defect_NEU_DET-DATASET\SteelDefectX\train_by_class\Iron scale compression\Isc_26.jpg
Isc_38,Iron scale compression,test,904,C:\Users\anmol\OneDrive\Desktop\Steel_Surface_Defect_NEU_DET-DATASET\SteelDefectX\train_by_class\Iron scale compression\Isc_38.jpg
Isc_43,Iron scale compression,test,907,C:\Users\anmol\OneDrive\Desktop\Steel_Surface_Defect_NEU_DET-DATASET\SteelDefectX\train_by_class\Iron scale compression\Isc_43.jpg
Isc_45,Iron scale compression,test,908,C:\Users\anmol\OneDrive\Desktop\Steel_Surface_Defect_NEU_DET-DATASET\SteelDefectX\train_by_class\Iron scale compression\Isc_45.jpg
Isc_46,Iron scale compression,test,909,C:\Users\anmol\OneDrive\Desktop\Steel_Surface_Defect_NEU_DET-DATASET\SteelDefectX\train_by_class\Iron scale compression\Isc_46.jpg
Isc_49,Iron scale compression,test,910,C:\Users\anmol\OneDrive\Desktop\Steel_Surface_Defect_NEU_DET-DATASET\SteelDefectX\train_by_class\Iron scale compression\Isc_49.jpg
Isc_50,Iron scale compression,test,911,C:\Users\anmol\OneDrive\Desktop\Steel_Surface_Defect_NEU_DET-DATASET\SteelDefectX\train_by_class\Iron scale compression\Isc_50.jpg
Isc_66,Iron scale compression,test,924,C:\Users\anmol\OneDrive\Desktop\Steel_Surface_Defect_NEU_DET-DATASET\SteelDefectX\train_by_class\Iron scale compression\Isc_66.jpg
Isc_67,Iron scale compression,test,925,C:\Users\anmol\OneDrive\Desktop\Steel_Surface_Defect_NEU_DET-DATASET\SteelDefectX\train_by_class\Iron scale compression\Isc_67.jpg
Isc_88,Iron scale compression,test,936,C:\Users\anmol\OneDrive\Desktop\Steel_Surface_Defect_NEU_DET-DATASET\SteelDefectX\train_by_class\Iron scale compression\Isc_88.jpg
Isc_99,Iron scale compression,test,942,C:\Users\anmol\OneDrive\Desktop\Steel_Surface_Defect_NEU_DET-DATASET\SteelDefectX\train_by_class\Iron scale compression\Isc_99.jpg
Isc_03,Iron scale compression,train,805,C:\Users\anmol\OneDrive\Desktop\Steel_Surface_Defect_NEU_DET-DATASET\SteelDefectX\train_by_class\Iron scale compression\Isc_03.jpg
Isc_04,Iron scale compression,train,806,C:\Users\anmol\OneDrive\Desktop\Steel_Surface_Defect_NEU_DET-DATASET\SteelDefectX\train_by_class\Iron scale compression\Isc_04.jpg
Isc_05,Iron scale compression,train,807,C:\Users\anmol\OneDrive\Desktop\Steel_Surface_Defect_NEU_DET-DATASET\SteelDefectX\train_by_class\Iron scale compression\Isc_05.jpg
Isc_06,Iron scale compression,train,808,C:\Users\anmol\OneDrive\Desktop\Steel_Surface_Defect_NEU_DET-DATASET\SteelDefectX\train_by_class\Iron scale compression\Isc_06.jpg
Isc_07,Iron scale compression,train,809,C:\Users\anmol\OneDrive\Desktop\Steel_Surface_Defect_NEU_DET-DATASET\SteelDefectX\train_by_class\Iron scale compression\Isc_07.jpg
Isc_09,Iron scale compression,train,811,C:\Users\anmol\OneDrive\Desktop\Steel_Surface_Defect_NEU_DET-DATASET\SteelDefectX\train_by_class\Iron scale compression\Isc_09.jpg
Isc_10,Iron scale compression,train,812,C:\Users\anmol\OneDrive\Desktop\Steel_Surface_Defect_NEU_DET-DATASET\SteelDefectX\train_by_class\Iron scale compression\Isc_10.jpg
Isc_100,Iron scale compression,train,813,C:\Users\anmol\OneDrive\Desktop\Steel_Surface_Defect_NEU_DET-DATASET\SteelDefectX\train_by_class\Iron scale compression\Isc_100.jpg
Isc_102,Iron scale compression,train,814,C:\Users\anmol\OneDrive\Desktop\Steel_Surface_Defect_NEU_DET-DATASET\SteelDefectX\train_by_class\Iron scale compression\Isc_102.jpg
Isc_103,Iron scale compression,train,815,C:\Users\anmol\OneDrive\Desktop\Steel_Surface_Defect_NEU_DET-DATASET\SteelDefectX\train_by_class\Iron scale compression\Isc_103.jpg
Isc_104,Iron scale compression,train,816,C:\Users\anmol\OneDrive\Desktop\Steel_Surface_Defect_NEU_DET-DATASET\SteelDefectX\train_by_class\Iron scale compression\Isc_104.jpg
Isc_106,Iron scale compression,train,817,C:\Users\anmol\OneDrive\Desktop\Steel_Surface_Defect_NEU_DET-DATASET\SteelDefectX\train_by_class\Iron scale compression\Isc_106.jpg
Isc_107,Iron scale compression,train,818,C:\Users\anmol\OneDrive\Desktop\Steel_Surface_Defect_NEU_DET-DATASET\SteelDefectX\train_by_class\Iron scale compression\Isc_107.jpg
Isc_108,Iron scale compression,train,819,C:\Users\anmol\OneDrive\Desktop\Steel_Surface_Defect_NEU_DET-DATASET\SteelDefectX\train_by_class\Iron scale compression\Isc_108.jpg
Isc_109,Iron scale compression,train,820,C:\Users\anmol\OneDrive\Desktop\Steel_Surface_Defect_NEU_DET-DATASET\SteelDefectX\train_by_class\Iron scale compression\Isc_109.jpg
Isc_11,Iron scale compression,train,821,C:\Users\anmol\OneDrive\Desktop\Steel_Surface_Defect_NEU_DET-DATASET\SteelDefectX\train_by_class\Iron scale compression\Isc_11.jpg
Isc_113,Iron scale compression,train,823,C:\Users\anmol\OneDrive\Desktop\Steel_Surface_Defect_NEU_DET-DATASET\SteelDefectX\train_by_class\Iron scale compression\Isc_113.jpg
Isc_115,Iron scale compression,train,824,C:\Users\anmol\OneDrive\Desktop\Steel_Surface_Defect_NEU_DET-DATASET\SteelDefectX\train_by_class\Iron scale compression\Isc_115.jpg
Isc_116,Iron scale compression,train,825,C:\Users\anmol\OneDrive\Desktop\Steel_Surface_Defect_NEU_DET-DATASET\SteelDefectX\train_by_class\Iron scale compression\Isc_116.jpg
Isc_117,Iron scale compression,train,826,C:\Users\anmol\OneDrive\Desktop\Steel_Surface_Defect_NEU_DET-DATASET\SteelDefectX\train_by_class\Iron scale compression\Isc_117.jpg
Isc_118,Iron scale compression,train,827,C:\Users\anmol\OneDrive\Desktop\Steel_Surface_Defect_NEU_DET-DATASET\SteelDefectX\train_by_class\Iron scale compression\Isc_118.jpg
Isc_119,Iron scale compression,train,828,C:\Users\anmol\OneDrive\Desktop\Steel_Surface_Defect_NEU_DET-DATASET\SteelDefectX\train_by_class\Iron scale compression\Isc_119.jpg
Isc_123,Iron scale compression,train,832,C:\Users\anmol\OneDrive\Desktop\Steel_Surface_Defect_NEU_DET-DATASET\SteelDefectX\train_by_class\Iron scale compression\Isc_123.jpg
Isc_128,Iron scale compression,train,835,C:\Users\anmol\OneDrive\Desktop\Steel_Surface_Defect_NEU_DET-DATASET\SteelDefectX\train_by_class\Iron scale compression\Isc_128.jpg
Isc_13,Iron scale compression,train,836,C:\Users\anmol\OneDrive\Desktop\Steel_Surface_Defect_NEU_DET-DATASET\SteelDefectX\train_by_class\Iron scale compression\Isc_13.jpg
Isc_130,Iron scale compression,train,837,C:\Users\anmol\OneDrive\Desktop\Steel_Surface_Defect_NEU_DET-DATASET\SteelDefectX\train_by_class\Iron scale compression\Isc_130.jpg
Isc_131,Iron scale compression,train,838,C:\Users\anmol\OneDrive\Desktop\Steel_Surface_Defect_NEU_DET-DATASET\SteelDefectX\train_by_class\Iron scale compression\Isc_131.jpg
Isc_134,Iron scale compression,train,839,C:\Users\anmol\OneDrive\Desktop\Steel_Surface_Defect_NEU_DET-DATASET\SteelDefectX\train_by_class\Iron scale compression\Isc_134.jpg
Isc_136,Iron scale compression,train,841,C:\Users\anmol\OneDrive\Desktop\Steel_Surface_Defect_NEU_DET-DATASET\SteelDefectX\train_by_class\Iron scale compression\Isc_136.jpg
Isc_139,Iron scale compression,train,844,C:\Users\anmol\OneDrive\Desktop\Steel_Surface_Defect_NEU_DET-DATASET\SteelDefectX\train_by_class\Iron scale compression\Isc_139.jpg
Isc_141,Iron scale compression,train,845,C:\Users\anmol\OneDrive\Desktop\Steel_Surface_Defect_NEU_DET-DATASET\SteelDefectX\train_by_class\Iron scale compression\Isc_141.jpg
Isc_145,Iron scale compression,train,849,C:\Users\anmol\OneDrive\Desktop\Steel_Surface_Defect_NEU_DET-DATASET\SteelDefectX\train_by_class\Iron scale compression\Isc_145.jpg
Isc_147,Iron scale compression,train,850,C:\Users\anmol\OneDrive\Desktop\Steel_Surface_Defect_NEU_DET-DATASET\SteelDefectX\train_by_class\Iron scale compression\Isc_147.jpg
Isc_151,Iron scale compression,train,853,C:\Users\anmol\OneDrive\Desktop\Steel_Surface_Defect_NEU_DET-DATASET\SteelDefectX\train_by_class\Iron scale compression\Isc_151.jpg
Isc_152,Iron scale compression,train,854,C:\Users\anmol\OneDrive\Desktop\Steel_Surface_Defect_NEU_DET-DATASET\SteelDefectX\train_by_class\Iron scale compression\Isc_152.jpg
Isc_154,Iron scale compression,train,855,C:\Users\anmol\OneDrive\Desktop\Steel_Surface_Defect_NEU_DET-DATASET\SteelDefectX\train_by_class\Iron scale compression\Isc_154.jpg
Isc_156,Iron scale compression,train,857,C:\Users\anmol\OneDrive\Desktop\Steel_Surface_Defect_NEU_DET-DATASET\SteelDefectX\train_by_class\Iron scale compression\Isc_156.jpg
Isc_159,Iron scale compression,train,860,C:\Users\anmol\OneDrive\Desktop\Steel_Surface_Defect_NEU_DET-DATASET\SteelDefectX\train_by_class\Iron scale compression\Isc_159.jpg
Isc_16,Iron scale compression,train,861,C:\Users\anmol\OneDrive\Desktop\Steel_Surface_Defect_NEU_DET-DATASET\SteelDefectX\train_by_class\Iron scale compression\Isc_16.jpg
Isc_160,Iron scale compression,train,862,C:\Users\anmol\OneDrive\Desktop\Steel_Surface_Defect_NEU_DET-DATASET\SteelDefectX\train_by_class\Iron scale compression\Isc_160.jpg
Isc_161,Iron scale compression,train,863,C:\Users\anmol\OneDrive\Desktop\Steel_Surface_Defect_NEU_DET-DATASET\SteelDefectX\train_by_class\Iron scale compression\Isc_161.jpg
Isc_162,Iron scale compression,train,864,C:\Users\anmol\OneDrive\Desktop\Steel_Surface_Defect_NEU_DET-DATASET\SteelDefectX\train_by_class\Iron scale compression\Isc_162.jpg
Isc_167,Iron scale compression,train,866,C:\Users\anmol\OneDrive\Desktop\Steel_Surface_Defect_NEU_DET-DATASET\SteelDefectX\train_by_class\Iron scale compression\Isc_167.jpg
Isc_169,Iron scale compression,train,867,C:\Users\anmol\OneDrive\Desktop\Steel_Surface_Defect_NEU_DET-DATASET\SteelDefectX\train_by_class\Iron scale compression\Isc_169.jpg
Isc_170,Iron scale compression,train,868,C:\Users\anmol\OneDrive\Desktop\Steel_Surface_Defect_NEU_DET-DATASET\SteelDefectX\train_by_class\Iron scale compression\Isc_170.jpg
Isc_173,Iron scale compression,train,869,C:\Users\anmol\OneDrive\Desktop\Steel_Surface_Defect_NEU_DET-DATASET\SteelDefectX\train_by_class\Iron scale compression\Isc_173.jpg
Isc_174,Iron scale compression,train,870,C:\Users\anmol\OneDrive\Desktop\Steel_Surface_Defect_NEU_DET-DATASET\SteelDefectX\train_by_class\Iron scale compression\Isc_174.jpg
Isc_175,Iron scale compression,train,871,C:\Users\anmol\OneDrive\Desktop\Steel_Surface_Defect_NEU_DET-DATASET\SteelDefectX\train_by_class\Iron scale compression\Isc_175.jpg
Isc_178,Iron scale compression,train,873,C:\Users\anmol\OneDrive\Desktop\Steel_Surface_Defect_NEU_DET-DATASET\SteelDefectX\train_by_class\Iron scale compression\Isc_178.jpg
Isc_179,Iron scale compression,train,874,C:\Users\anmol\OneDrive\Desktop\Steel_Surface_Defect_NEU_DET-DATASET\SteelDefectX\train_by_class\Iron scale compression\Isc_179.jpg
Isc_180,Iron scale compression,train,876,C:\Users\anmol\OneDrive\Desktop\Steel_Surface_Defect_NEU_DET-DATASET\SteelDefectX\train_by_class\Iron scale compression\Isc_180.jpg
Isc_182,Iron scale compression,train,878,C:\Users\anmol\OneDrive\Desktop\Steel_Surface_Defect_NEU_DET-DATASET\SteelDefectX\train_by_class\Iron scale compression\Isc_182.jpg
Isc_184,Iron scale compression,train,879,C:\Users\anmol\OneDrive\Desktop\Steel_Surface_Defect_NEU_DET-DATASET\SteelDefectX\train_by_class\Iron scale compression\Isc_184.jpg
Isc_185,Iron scale compression,train,880,C:\Users\anmol\OneDrive\Desktop\Steel_Surface_Defect_NEU_DET-DATASET\SteelDefectX\train_by_class\Iron scale compression\Isc_185.jpg
Isc_186,Iron scale compression,train,881,C:\Users\anmol\OneDrive\Desktop\Steel_Surface_Defect_NEU_DET-DATASET\SteelDefectX\train_by_class\Iron scale compression\Isc_186.jpg
Isc_187,Iron scale compression,train,882,C:\Users\anmol\OneDrive\Desktop\Steel_Surface_Defect_NEU_DET-DATASET\SteelDefectX\train_by_class\Iron scale compression\Isc_187.jpg
Isc_189,Iron scale compression,train,883,C:\Users\anmol\OneDrive\Desktop\Steel_Surface_Defect_NEU_DET-DATASET\SteelDefectX\train_by_class\Iron scale compression\Isc_189.jpg
Isc_190,Iron scale compression,train,885,C:\Users\anmol\OneDrive\Desktop\Steel_Surface_Defect_NEU_DET-DATASET\SteelDefectX\train_by_class\Iron scale compression\Isc_190.jpg
Isc_194,Iron scale compression,train,888,C:\Users\anmol\OneDrive\Desktop\Steel_Surface_Defect_NEU_DET-DATASET\SteelDefectX\train_by_class\Iron scale compression\Isc_194.jpg
Isc_195,Iron scale compression,train,889,C:\Users\anmol\OneDrive\Desktop\Steel_Surface_Defect_NEU_DET-DATASET\SteelDefectX\train_by_class\Iron scale compression\Isc_195.jpg
Isc_197,Iron scale compression,train,890,C:\Users\anmol\OneDrive\Desktop\Steel_Surface_Defect_NEU_DET-DATASET\SteelDefectX\train_by_class\Iron scale compression\Isc_197.jpg
Isc_199,Iron scale compression,train,891,C:\Users\anmol\OneDrive\Desktop\Steel_Surface_Defect_NEU_DET-DATASET\SteelDefectX\train_by_class\Iron scale compression\Isc_199.jpg
Isc_20,Iron scale compression,train,892,C:\Users\anmol\OneDrive\Desktop\Steel_Surface_Defect_NEU_DET-DATASET\SteelDefectX\train_by_class\Iron scale compression\Isc_20.jpg
Isc_22,Iron scale compression,train,893,C:\Users\anmol\OneDrive\Desktop\Steel_Surface_Defect_NEU_DET-DATASET\SteelDefectX\train_by_class\Iron scale compression\Isc_22.jpg
Isc_23,Iron scale compression,train,894,C:\Users\anmol\OneDrive\Desktop\Steel_Surface_Defect_NEU_DET-DATASET\SteelDefectX\train_by_class\Iron scale compression\Isc_23.jpg
Isc_25,Iron scale compression,train,895,C:\Users\anmol\OneDrive\Desktop\Steel_Surface_Defect_NEU_DET-DATASET\SteelDefectX\train_by_class\Iron scale compression\Isc_25.jpg
Isc_29,Iron scale compression,train,898,C:\Users\anmol\OneDrive\Desktop\Steel_Surface_Defect_NEU_DET-DATASET\SteelDefectX\train_by_class\Iron scale compression\Isc_29.jpg
Isc_30,Iron scale compression,train,899,C:\Users\anmol\OneDrive\Desktop\Steel_Surface_Defect_NEU_DET-DATASET\SteelDefectX\train_by_class\Iron scale compression\Isc_30.jpg
Isc_31,Iron scale compression,train,900,C:\Users\anmol\OneDrive\Desktop\Steel_Surface_Defect_NEU_DET-DATASET\SteelDefectX\train_by_class\Iron scale compression\Isc_31.jpg
Isc_32,Iron scale compression,train,901,C:\Users\anmol\OneDrive\Desktop\Steel_Surface_Defect_NEU_DET-DATASET\SteelDefectX\train_by_class\Iron scale compression\Isc_32.jpg
Isc_34,Iron scale compression,train,902,C:\Users\anmol\OneDrive\Desktop\Steel_Surface_Defect_NEU_DET-DATASET\SteelDefectX\train_by_class\Iron scale compression\Isc_34.jpg
Isc_37,Iron scale compression,train,903,C:\Users\anmol\OneDrive\Desktop\Steel_Surface_Defect_NEU_DET-DATASET\SteelDefectX\train_by_class\Iron scale compression\Isc_37.jpg
Isc_40,Iron scale compression,train,905,C:\Users\anmol\OneDrive\Desktop\Steel_Surface_Defect_NEU_DET-DATASET\SteelDefectX\train_by_class\Iron scale compression\Isc_40.jpg
Isc_51,Iron scale compression,train,912,C:\Users\anmol\OneDrive\Desktop\Steel_Surface_Defect_NEU_DET-DATASET\SteelDefectX\train_by_class\Iron scale compression\Isc_51.jpg
Isc_52,Iron scale compression,train,913,C:\Users\anmol\OneDrive\Desktop\Steel_Surface_Defect_NEU_DET-DATASET\SteelDefectX\train_by_class\Iron scale compression\Isc_52.jpg
Isc_54,Iron scale compression,train,914,C:\Users\anmol\OneDrive\Desktop\Steel_Surface_Defect_NEU_DET-DATASET\SteelDefectX\train_by_class\Iron scale compression\Isc_54.jpg
Isc_56,Iron scale compression,train,915,C:\Users\anmol\OneDrive\Desktop\Steel_Surface_Defect_NEU_DET-DATASET\SteelDefectX\train_by_class\Iron scale compression\Isc_56.jpg
Isc_57,Iron scale compression,train,916,C:\Users\anmol\OneDrive\Desktop\Steel_Surface_Defect_NEU_DET-DATASET\SteelDefectX\train_by_class\Iron scale compression\Isc_57.jpg
Isc_58,Iron scale compression,train,917,C:\Users\anmol\OneDrive\Desktop\Steel_Surface_Defect_NEU_DET-DATASET\SteelDefectX\train_by_class\Iron scale compression\Isc_58.jpg
Isc_59,Iron scale compression,train,918,C:\Users\anmol\OneDrive\Desktop\Steel_Surface_Defect_NEU_DET-DATASET\SteelDefectX\train_by_class\Iron scale compression\Isc_59.jpg
Isc_60,Iron scale compression,train,919,C:\Users\anmol\OneDrive\Desktop\Steel_Surface_Defect_NEU_DET-DATASET\SteelDefectX\train_by_class\Iron scale compression\Isc_60.jpg
Isc_61,Iron scale compression,train,920,C:\Users\anmol\OneDrive\Desktop\Steel_Surface_Defect_NEU_DET-DATASET\SteelDefectX\train_by_class\Iron scale compression\Isc_61.jpg
Isc_62,Iron scale compression,train,921,C:\Users\anmol\OneDrive\Desktop\Steel_Surface_Defect_NEU_DET-DATASET\SteelDefectX\train_by_class\Iron scale compression\Isc_62.jpg
Isc_63,Iron scale compression,train,922,C:\Users\anmol\OneDrive\Desktop\Steel_Surface_Defect_NEU_DET-DATASET\SteelDefectX\train_by_class\Iron scale compression\Isc_63.jpg
Isc_65,Iron scale compression,train,923,C:\Users\anmol\OneDrive\Desktop\Steel_Surface_Defect_NEU_DET-DATASET\SteelDefectX\train_by_class\Iron scale compression\Isc_65.jpg
Isc_68,Iron scale compression,train,926,C:\Users\anmol\OneDrive\Desktop\Steel_Surface_Defect_NEU_DET-DATASET\SteelDefectX\train_by_class\Iron scale compression\Isc_68.jpg
Isc_70,Iron scale compression,train,927,C:\Users\anmol\OneDrive\Desktop\Steel_Surface_Defect_NEU_DET-DATASET\SteelDefectX\train_by_class\Iron scale compression\Isc_70.jpg
Isc_76,Iron scale compression,train,930,C:\Users\anmol\OneDrive\Desktop\Steel_Surface_Defect_NEU_DET-DATASET\SteelDefectX\train_by_class\Iron scale compression\Isc_76.jpg
Isc_78,Iron scale compression,train,931,C:\Users\anmol\OneDrive\Desktop\Steel_Surface_Defect_NEU_DET-DATASET\SteelDefectX\train_by_class\Iron scale compression\Isc_78.jpg
Isc_80,Iron scale compression,train,932,C:\Users\anmol\OneDrive\Desktop\Steel_Surface_Defect_NEU_DET-DATASET\SteelDefectX\train_by_class\Iron scale compression\Isc_80.jpg
Isc_83,Iron scale compression,train,933,C:\Users\anmol\OneDrive\Desktop\Steel_Surface_Defect_NEU_DET-DATASET\SteelDefectX\train_by_class\Iron scale compression\Isc_83.jpg
Isc_84,Iron scale compression,train,934,C:\Users\anmol\OneDrive\Desktop\Steel_Surface_Defect_NEU_DET-DATASET\SteelDefectX\train_by_class\Iron scale compression\Isc_84.jpg
Isc_87,Iron scale compression,train,935,C:\Users\anmol\OneDrive\Desktop\Steel_Surface_Defect_NEU_DET-DATASET\SteelDefectX\train_by_class\Iron scale compression\Isc_87.jpg
Isc_89,Iron scale compression,train,937,C:\Users\anmol\OneDrive\Desktop\Steel_Surface_Defect_NEU_DET-DATASET\SteelDefectX\train_by_class\Iron scale compression\Isc_89.jpg
Isc_90,Iron scale compression,train,938,C:\Users\anmol\OneDrive\Desktop\Steel_Surface_Defect_NEU_DET-DATASET\SteelDefectX\train_by_class\Iron scale compression\Isc_90.jpg
Isc_93,Iron scale compression,train,939,C:\Users\anmol\OneDrive\Desktop\Steel_Surface_Defect_NEU_DET-DATASET\SteelDefectX\train_by_class\Iron scale compression\Isc_93.jpg
Isc_95,Iron scale compression,train,940,C:\Users\anmol\OneDrive\Desktop\Steel_Surface_Defect_NEU_DET-DATASET\SteelDefectX\train_by_class\Iron scale compression\Isc_95.jpg
Isc_96,Iron scale compression,train,941,C:\Users\anmol\OneDrive\Desktop\Steel_Surface_Defect_NEU_DET-DATASET\SteelDefectX\train_by_class\Iron scale compression\Isc_96.jpg
Isc_08,Iron scale compression,val,810,C:\Users\anmol\OneDrive\Desktop\Steel_Surface_Defect_NEU_DET-DATASET\SteelDefectX\train_by_class\Iron scale compression\Isc_08.jpg
Isc_111,Iron scale compression,val,822,C:\Users\anmol\OneDrive\Desktop\Steel_Surface_Defect_NEU_DET-DATASET\SteelDefectX\train_by_class\Iron scale compression\Isc_111.jpg
Isc_12,Iron scale compression,val,829,C:\Users\anmol\OneDrive\Desktop\Steel_Surface_Defect_NEU_DET-DATASET\SteelDefectX\train_by_class\Iron scale compression\Isc_12.jpg
Isc_121,Iron scale compression,val,830,C:\Users\anmol\OneDrive\Desktop\Steel_Surface_Defect_NEU_DET-DATASET\SteelDefectX\train_by_class\Iron scale compression\Isc_121.jpg
Isc_124,Iron scale compression,val,833,C:\Users\anmol\OneDrive\Desktop\Steel_Surface_Defect_NEU_DET-DATASET\SteelDefectX\train_by_class\Iron scale compression\Isc_124.jpg
Isc_127,Iron scale compression,val,834,C:\Users\anmol\OneDrive\Desktop\Steel_Surface_Defect_NEU_DET-DATASET\SteelDefectX\train_by_class\Iron scale compression\Isc_127.jpg
Isc_138,Iron scale compression,val,843,C:\Users\anmol\OneDrive\Desktop\Steel_Surface_Defect_NEU_DET-DATASET\SteelDefectX\train_by_class\Iron scale compression\Isc_138.jpg
Isc_155,Iron scale compression,val,856,C:\Users\anmol\OneDrive\Desktop\Steel_Surface_Defect_NEU_DET-DATASET\SteelDefectX\train_by_class\Iron scale compression\Isc_155.jpg
Isc_157,Iron scale compression,val,858,C:\Users\anmol\OneDrive\Desktop\Steel_Surface_Defect_NEU_DET-DATASET\SteelDefectX\train_by_class\Iron scale compression\Isc_157.jpg
Isc_19,Iron scale compression,val,884,C:\Users\anmol\OneDrive\Desktop\Steel_Surface_Defect_NEU_DET-DATASET\SteelDefectX\train_by_class\Iron scale compression\Isc_19.jpg
Isc_28,Iron scale compression,val,897,C:\Users\anmol\OneDrive\Desktop\Steel_Surface_Defect_NEU_DET-DATASET\SteelDefectX\train_by_class\Iron scale compression\Isc_28.jpg
Isc_42,Iron scale compression,val,906,C:\Users\anmol\OneDrive\Desktop\Steel_Surface_Defect_NEU_DET-DATASET\SteelDefectX\train_by_class\Iron scale compression\Isc_42.jpg
Isc_71,Iron scale compression,val,928,C:\Users\anmol\OneDrive\Desktop\Steel_Surface_Defect_NEU_DET-DATASET\SteelDefectX\train_by_class\Iron scale compression\Isc_71.jpg
Isc_74,Iron scale compression,val,929,C:\Users\anmol\OneDrive\Desktop\Steel_Surface_Defect_NEU_DET-DATASET\SteelDefectX\train_by_class\Iron scale compression\Isc_74.jpg
Isa_05,Iron sheet ash,test,945,C:\Users\anmol\OneDrive\Desktop\Steel_Surface_Defect_NEU_DET-DATASET\SteelDefectX\train_by_class\Iron sheet ash\Isa_05.jpg
Isa_09,Iron sheet ash,test,949,C:\Users\anmol\OneDrive\Desktop\Steel_Surface_Defect_NEU_DET-DATASET\SteelDefectX\train_by_class\Iron sheet ash\Isa_09.jpg
Isa_102,Iron sheet ash,test,953,C:\Users\anmol\OneDrive\Desktop\Steel_Surface_Defect_NEU_DET-DATASET\SteelDefectX\train_by_class\Iron sheet ash\Isa_102.jpg
Isa_110,Iron sheet ash,test,959,C:\Users\anmol\OneDrive\Desktop\Steel_Surface_Defect_NEU_DET-DATASET\SteelDefectX\train_by_class\Iron sheet ash\Isa_110.jpg
Isa_111,Iron sheet ash,test,960,C:\Users\anmol\OneDrive\Desktop\Steel_Surface_Defect_NEU_DET-DATASET\SteelDefectX\train_by_class\Iron sheet ash\Isa_111.jpg
Isa_114,Iron sheet ash,test,962,C:\Users\anmol\OneDrive\Desktop\Steel_Surface_Defect_NEU_DET-DATASET\SteelDefectX\train_by_class\Iron sheet ash\Isa_114.jpg
Isa_18,Iron sheet ash,test,971,C:\Users\anmol\OneDrive\Desktop\Steel_Surface_Defect_NEU_DET-DATASET\SteelDefectX\train_by_class\Iron sheet ash\Isa_18.jpg
Isa_20,Iron sheet ash,test,972,C:\Users\anmol\OneDrive\Desktop\Steel_Surface_Defect_NEU_DET-DATASET\SteelDefectX\train_by_class\Iron sheet ash\Isa_20.jpg
Isa_29,Iron sheet ash,test,976,C:\Users\anmol\OneDrive\Desktop\Steel_Surface_Defect_NEU_DET-DATASET\SteelDefectX\train_by_class\Iron sheet ash\Isa_29.jpg
Isa_32,Iron sheet ash,test,979,C:\Users\anmol\OneDrive\Desktop\Steel_Surface_Defect_NEU_DET-DATASET\SteelDefectX\train_by_class\Iron sheet ash\Isa_32.jpg
Isa_51,Iron sheet ash,test,991,C:\Users\anmol\OneDrive\Desktop\Steel_Surface_Defect_NEU_DET-DATASET\SteelDefectX\train_by_class\Iron sheet ash\Isa_51.jpg
Isa_55,Iron sheet ash,test,995,C:\Users\anmol\OneDrive\Desktop\Steel_Surface_Defect_NEU_DET-DATASET\SteelDefectX\train_by_class\Iron sheet ash\Isa_55.jpg
Isa_64,Iron sheet ash,test,999,C:\Users\anmol\OneDrive\Desktop\Steel_Surface_Defect_NEU_DET-DATASET\SteelDefectX\train_by_class\Iron sheet ash\Isa_64.jpg
Isa_73,Iron sheet ash,test,1006,C:\Users\anmol\OneDrive\Desktop\Steel_Surface_Defect_NEU_DET-DATASET\SteelDefectX\train_by_class\Iron sheet ash\Isa_73.jpg
Isa_74,Iron sheet ash,test,1007,C:\Users\anmol\OneDrive\Desktop\Steel_Surface_Defect_NEU_DET-DATASET\SteelDefectX\train_by_class\Iron sheet ash\Isa_74.jpg
Isa_79,Iron sheet ash,test,1010,C:\Users\anmol\OneDrive\Desktop\Steel_Surface_Defect_NEU_DET-DATASET\SteelDefectX\train_by_class\Iron sheet ash\Isa_79.jpg
Isa_94,Iron sheet ash,test,1023,C:\Users\anmol\OneDrive\Desktop\Steel_Surface_Defect_NEU_DET-DATASET\SteelDefectX\train_by_class\Iron sheet ash\Isa_94.jpg
Isa_02,Iron sheet ash,train,943,C:\Users\anmol\OneDrive\Desktop\Steel_Surface_Defect_NEU_DET-DATASET\SteelDefectX\train_by_class\Iron sheet ash\Isa_02.jpg
Isa_03,Iron sheet ash,train,944,C:\Users\anmol\OneDrive\Desktop\Steel_Surface_Defect_NEU_DET-DATASET\SteelDefectX\train_by_class\Iron sheet ash\Isa_03.jpg
Isa_06,Iron sheet ash,train,946,C:\Users\anmol\OneDrive\Desktop\Steel_Surface_Defect_NEU_DET-DATASET\SteelDefectX\train_by_class\Iron sheet ash\Isa_06.jpg
Isa_07,Iron sheet ash,train,947,C:\Users\anmol\OneDrive\Desktop\Steel_Surface_Defect_NEU_DET-DATASET\SteelDefectX\train_by_class\Iron sheet ash\Isa_07.jpg
Isa_08,Iron sheet ash,train,948,C:\Users\anmol\OneDrive\Desktop\Steel_Surface_Defect_NEU_DET-DATASET\SteelDefectX\train_by_class\Iron sheet ash\Isa_08.jpg
Isa_100,Iron sheet ash,train,951,C:\Users\anmol\OneDrive\Desktop\Steel_Surface_Defect_NEU_DET-DATASET\SteelDefectX\train_by_class\Iron sheet ash\Isa_100.jpg
Isa_101,Iron sheet ash,train,952,C:\Users\anmol\OneDrive\Desktop\Steel_Surface_Defect_NEU_DET-DATASET\SteelDefectX\train_by_class\Iron sheet ash\Isa_101.jpg
Isa_105,Iron sheet ash,train,954,C:\Users\anmol\OneDrive\Desktop\Steel_Surface_Defect_NEU_DET-DATASET\SteelDefectX\train_by_class\Iron sheet ash\Isa_105.jpg
Isa_107,Iron sheet ash,train,955,C:\Users\anmol\OneDrive\Desktop\Steel_Surface_Defect_NEU_DET-DATASET\SteelDefectX\train_by_class\Iron sheet ash\Isa_107.jpg
Isa_109,Iron sheet ash,train,957,C:\Users\anmol\OneDrive\Desktop\Steel_Surface_Defect_NEU_DET-DATASET\SteelDefectX\train_by_class\Iron sheet ash\Isa_109.jpg
Isa_11,Iron sheet ash,train,958,C:\Users\anmol\OneDrive\Desktop\Steel_Surface_Defect_NEU_DET-DATASET\SteelDefectX\train_by_class\Iron sheet ash\Isa_11.jpg
Isa_113,Iron sheet ash,train,961,C:\Users\anmol\OneDrive\Desktop\Steel_Surface_Defect_NEU_DET-DATASET\SteelDefectX\train_by_class\Iron sheet ash\Isa_113.jpg
Isa_116,Iron sheet ash,train,963,C:\Users\anmol\OneDrive\Desktop\Steel_Surface_Defect_NEU_DET-DATASET\SteelDefectX\train_by_class\Iron sheet ash\Isa_116.jpg
Isa_117,Iron sheet ash,train,964,C:\Users\anmol\OneDrive\Desktop\Steel_Surface_Defect_NEU_DET-DATASET\SteelDefectX\train_by_class\Iron sheet ash\Isa_117.jpg
Isa_118,Iron sheet ash,train,965,C:\Users\anmol\OneDrive\Desktop\Steel_Surface_Defect_NEU_DET-DATASET\SteelDefectX\train_by_class\Iron sheet ash\Isa_118.jpg
Isa_121,Iron sheet ash,train,967,C:\Users\anmol\OneDrive\Desktop\Steel_Surface_Defect_NEU_DET-DATASET\SteelDefectX\train_by_class\Iron sheet ash\Isa_121.jpg
Isa_14,Iron sheet ash,train,968,C:\Users\anmol\OneDrive\Desktop\Steel_Surface_Defect_NEU_DET-DATASET\SteelDefectX\train_by_class\Iron sheet ash\Isa_14.jpg
Isa_15,Iron sheet ash,train,969,C:\Users\anmol\OneDrive\Desktop\Steel_Surface_Defect_NEU_DET-DATASET\SteelDefectX\train_by_class\Iron sheet ash\Isa_15.jpg
Isa_16,Iron sheet ash,train,970,C:\Users\anmol\OneDrive\Desktop\Steel_Surface_Defect_NEU_DET-DATASET\SteelDefectX\train_by_class\Iron sheet ash\Isa_16.jpg
Isa_21,Iron sheet ash,train,973,C:\Users\anmol\OneDrive\Desktop\Steel_Surface_Defect_NEU_DET-DATASET\SteelDefectX\train_by_class\Iron sheet ash\Isa_21.jpg
Isa_23,Iron sheet ash,train,974,C:\Users\anmol\OneDrive\Desktop\Steel_Surface_Defect_NEU_DET-DATASET\SteelDefectX\train_by_class\Iron sheet ash\Isa_23.jpg
Isa_25,Iron sheet ash,train,975,C:\Users\anmol\OneDrive\Desktop\Steel_Surface_Defect_NEU_DET-DATASET\SteelDefectX\train_by_class\Iron sheet ash\Isa_25.jpg
Isa_30,Iron sheet ash,train,977,C:\Users\anmol\OneDrive\Desktop\Steel_Surface_Defect_NEU_DET-DATASET\SteelDefectX\train_by_class\Iron sheet ash\Isa_30.jpg
Isa_34,Iron sheet ash,train,980,C:\Users\anmol\OneDrive\Desktop\Steel_Surface_Defect_NEU_DET-DATASET\SteelDefectX\train_by_class\Iron sheet ash\Isa_34.jpg
Isa_35,Iron sheet ash,train,981,C:\Users\anmol\OneDrive\Desktop\Steel_Surface_Defect_NEU_DET-DATASET\SteelDefectX\train_by_class\Iron sheet ash\Isa_35.jpg
Isa_36,Iron sheet ash,train,982,C:\Users\anmol\OneDrive\Desktop\Steel_Surface_Defect_NEU_DET-DATASET\SteelDefectX\train_by_class\Iron sheet ash\Isa_36.jpg
Isa_40,Iron sheet ash,train,984,C:\Users\anmol\OneDrive\Desktop\Steel_Surface_Defect_NEU_DET-DATASET\SteelDefectX\train_by_class\Iron sheet ash\Isa_40.jpg
Isa_43,Iron sheet ash,train,986,C:\Users\anmol\OneDrive\Desktop\Steel_Surface_Defect_NEU_DET-DATASET\SteelDefectX\train_by_class\Iron sheet ash\Isa_43.jpg
Isa_46,Iron sheet ash,train,987,C:\Users\anmol\OneDrive\Desktop\Steel_Surface_Defect_NEU_DET-DATASET\SteelDefectX\train_by_class\Iron sheet ash\Isa_46.jpg
Isa_47,Iron sheet ash,train,988,C:\Users\anmol\OneDrive\Desktop\Steel_Surface_Defect_NEU_DET-DATASET\SteelDefectX\train_by_class\Iron sheet ash\Isa_47.jpg
Isa_48,Iron sheet ash,train,989,C:\Users\anmol\OneDrive\Desktop\Steel_Surface_Defect_NEU_DET-DATASET\SteelDefectX\train_by_class\Iron sheet ash\Isa_48.jpg
Isa_50,Iron sheet ash,train,990,C:\Users\anmol\OneDrive\Desktop\Steel_Surface_Defect_NEU_DET-DATASET\SteelDefectX\train_by_class\Iron sheet ash\Isa_50.jpg
Isa_52,Iron sheet ash,train,992,C:\Users\anmol\OneDrive\Desktop\Steel_Surface_Defect_NEU_DET-DATASET\SteelDefectX\train_by_class\Iron sheet ash\Isa_52.jpg
Isa_53,Iron sheet ash,train,993,C:\Users\anmol\OneDrive\Desktop\Steel_Surface_Defect_NEU_DET-DATASET\SteelDefectX\train_by_class\Iron sheet ash\Isa_53.jpg
Isa_54,Iron sheet ash,train,994,C:\Users\anmol\OneDrive\Desktop\Steel_Surface_Defect_NEU_DET-DATASET\SteelDefectX\train_by_class\Iron sheet ash\Isa_54.jpg
Isa_61,Iron sheet ash,train,996,C:\Users\anmol\OneDrive\Desktop\Steel_Surface_Defect_NEU_DET-DATASET\SteelDefectX\train_by_class\Iron sheet ash\Isa_61.jpg
Isa_62,Iron sheet ash,train,997,C:\Users\anmol\OneDrive\Desktop\Steel_Surface_Defect_NEU_DET-DATASET\SteelDefectX\train_by_class\Iron sheet ash\Isa_62.jpg
Isa_63,Iron sheet ash,train,998,C:\Users\anmol\OneDrive\Desktop\Steel_Surface_Defect_NEU_DET-DATASET\SteelDefectX\train_by_class\Iron sheet ash\Isa_63.jpg
Isa_65,Iron sheet ash,train,1000,C:\Users\anmol\OneDrive\Desktop\Steel_Surface_Defect_NEU_DET-DATASET\SteelDefectX\train_by_class\Iron sheet ash\Isa_65.jpg
Isa_66,Iron sheet ash,train,1001,C:\Users\anmol\OneDrive\Desktop\Steel_Surface_Defect_NEU_DET-DATASET\SteelDefectX\train_by_class\Iron sheet ash\Isa_66.jpg
Isa_67,Iron sheet ash,train,1002,C:\Users\anmol\OneDrive\Desktop\Steel_Surface_Defect_NEU_DET-DATASET\SteelDefectX\train_by_class\Iron sheet ash\Isa_67.jpg
Isa_70,Iron sheet ash,train,1003,C:\Users\anmol\OneDrive\Desktop\Steel_Surface_Defect_NEU_DET-DATASET\SteelDefectX\train_by_class\Iron sheet ash\Isa_70.jpg
Isa_71,Iron sheet ash,train,1004,C:\Users\anmol\OneDrive\Desktop\Steel_Surface_Defect_NEU_DET-DATASET\SteelDefectX\train_by_class\Iron sheet ash\Isa_71.jpg
Isa_72,Iron sheet ash,train,1005,C:\Users\anmol\OneDrive\Desktop\Steel_Surface_Defect_NEU_DET-DATASET\SteelDefectX\train_by_class\Iron sheet ash\Isa_72.jpg
Isa_77,Iron sheet ash,train,1008,C:\Users\anmol\OneDrive\Desktop\Steel_Surface_Defect_NEU_DET-DATASET\SteelDefectX\train_by_class\Iron sheet ash\Isa_77.jpg
Isa_78,Iron sheet ash,train,1009,C:\Users\anmol\OneDrive\Desktop\Steel_Surface_Defect_NEU_DET-DATASET\SteelDefectX\train_by_class\Iron sheet ash\Isa_78.jpg
Isa_80,Iron sheet ash,train,1011,C:\Users\anmol\OneDrive\Desktop\Steel_Surface_Defect_NEU_DET-DATASET\SteelDefectX\train_by_class\Iron sheet ash\Isa_80.jpg
Isa_81,Iron sheet ash,train,1012,C:\Users\anmol\OneDrive\Desktop\Steel_Surface_Defect_NEU_DET-DATASET\SteelDefectX\train_by_class\Iron sheet ash\Isa_81.jpg
Isa_82,Iron sheet ash,train,1013,C:\Users\anmol\OneDrive\Desktop\Steel_Surface_Defect_NEU_DET-DATASET\SteelDefectX\train_by_class\Iron sheet ash\Isa_82.jpg
Isa_83,Iron sheet ash,train,1014,C:\Users\anmol\OneDrive\Desktop\Steel_Surface_Defect_NEU_DET-DATASET\SteelDefectX\train_by_class\Iron sheet ash\Isa_83.jpg
Isa_84,Iron sheet ash,train,1015,C:\Users\anmol\OneDrive\Desktop\Steel_Surface_Defect_NEU_DET-DATASET\SteelDefectX\train_by_class\Iron sheet ash\Isa_84.jpg
Isa_85,Iron sheet ash,train,1016,C:\Users\anmol\OneDrive\Desktop\Steel_Surface_Defect_NEU_DET-DATASET\SteelDefectX\train_by_class\Iron sheet ash\Isa_85.jpg
Isa_86,Iron sheet ash,train,1017,C:\Users\anmol\OneDrive\Desktop\Steel_Surface_Defect_NEU_DET-DATASET\SteelDefectX\train_by_class\Iron sheet ash\Isa_86.jpg
Isa_89,Iron sheet ash,train,1019,C:\Users\anmol\OneDrive\Desktop\Steel_Surface_Defect_NEU_DET-DATASET\SteelDefectX\train_by_class\Iron sheet ash\Isa_89.jpg
Isa_90,Iron sheet ash,train,1020,C:\Users\anmol\OneDrive\Desktop\Steel_Surface_Defect_NEU_DET-DATASET\SteelDefectX\train_by_class\Iron sheet ash\Isa_90.jpg
Isa_91,Iron sheet ash,train,1021,C:\Users\anmol\OneDrive\Desktop\Steel_Surface_Defect_NEU_DET-DATASET\SteelDefectX\train_by_class\Iron sheet ash\Isa_91.jpg
Isa_95,Iron sheet ash,train,1024,C:\Users\anmol\OneDrive\Desktop\Steel_Surface_Defect_NEU_DET-DATASET\SteelDefectX\train_by_class\Iron sheet ash\Isa_95.jpg
Isa_97,Iron sheet ash,train,1026,C:\Users\anmol\OneDrive\Desktop\Steel_Surface_Defect_NEU_DET-DATASET\SteelDefectX\train_by_class\Iron sheet ash\Isa_97.jpg
Isa_98,Iron sheet ash,train,1027,C:\Users\anmol\OneDrive\Desktop\Steel_Surface_Defect_NEU_DET-DATASET\SteelDefectX\train_by_class\Iron sheet ash\Isa_98.jpg
Isa_99,Iron sheet ash,train,1028,C:\Users\anmol\OneDrive\Desktop\Steel_Surface_Defect_NEU_DET-DATASET\SteelDefectX\train_by_class\Iron sheet ash\Isa_99.jpg
Isa_10,Iron sheet ash,val,950,C:\Users\anmol\OneDrive\Desktop\Steel_Surface_Defect_NEU_DET-DATASET\SteelDefectX\train_by_class\Iron sheet ash\Isa_10.jpg
Isa_108,Iron sheet ash,val,956,C:\Users\anmol\OneDrive\Desktop\Steel_Surface_Defect_NEU_DET-DATASET\SteelDefectX\train_by_class\Iron sheet ash\Isa_108.jpg
Isa_12,Iron sheet ash,val,966,C:\Users\anmol\OneDrive\Desktop\Steel_Surface_Defect_NEU_DET-DATASET\SteelDefectX\train_by_class\Iron sheet ash\Isa_12.jpg
Isa_31,Iron sheet ash,val,978,C:\Users\anmol\OneDrive\Desktop\Steel_Surface_Defect_NEU_DET-DATASET\SteelDefectX\train_by_class\Iron sheet ash\Isa_31.jpg
Isa_38,Iron sheet ash,val,983,C:\Users\anmol\OneDrive\Desktop\Steel_Surface_Defect_NEU_DET-DATASET\SteelDefectX\train_by_class\Iron sheet ash\Isa_38.jpg
Isa_41,Iron sheet ash,val,985,C:\Users\anmol\OneDrive\Desktop\Steel_Surface_Defect_NEU_DET-DATASET\SteelDefectX\train_by_class\Iron sheet ash\Isa_41.jpg
Isa_87,Iron sheet ash,val,1018,C:\Users\anmol\OneDrive\Desktop\Steel_Surface_Defect_NEU_DET-DATASET\SteelDefectX\train_by_class\Iron sheet ash\Isa_87.jpg
Isa_92,Iron sheet ash,val,1022,C:\Users\anmol\OneDrive\Desktop\Steel_Surface_Defect_NEU_DET-DATASET\SteelDefectX\train_by_class\Iron sheet ash\Isa_92.jpg
Isa_96,Iron sheet ash,val,1025,C:\Users\anmol\OneDrive\Desktop\Steel_Surface_Defect_NEU_DET-DATASET\SteelDefectX\train_by_class\Iron sheet ash\Isa_96.jpg
os_104,Oil spot,test,1040,C:\Users\anmol\OneDrive\Desktop\Steel_Surface_Defect_NEU_DET-DATASET\SteelDefectX\train_by_class\Oil spot\os_104.jpg
os_11,Oil spot,test,1044,C:\Users\anmol\OneDrive\Desktop\Steel_Surface_Defect_NEU_DET-DATASET\SteelDefectX\train_by_class\Oil spot\os_11.jpg
os_125,Oil spot,test,1054,C:\Users\anmol\OneDrive\Desktop\Steel_Surface_Defect_NEU_DET-DATASET\SteelDefectX\train_by_class\Oil spot\os_125.jpg
os_138,Oil spot,test,1061,C:\Users\anmol\OneDrive\Desktop\Steel_Surface_Defect_NEU_DET-DATASET\SteelDefectX\train_by_class\Oil spot\os_138.jpg
os_141,Oil spot,test,1064,C:\Users\anmol\OneDrive\Desktop\Steel_Surface_Defect_NEU_DET-DATASET\SteelDefectX\train_by_class\Oil spot\os_141.jpg
os_144,Oil spot,test,1066,C:\Users\anmol\OneDrive\Desktop\Steel_Surface_Defect_NEU_DET-DATASET\SteelDefectX\train_by_class\Oil spot\os_144.jpg
os_153,Oil spot,test,1074,C:\Users\anmol\OneDrive\Desktop\Steel_Surface_Defect_NEU_DET-DATASET\SteelDefectX\train_by_class\Oil spot\os_153.jpg
os_169,Oil spot,test,1084,C:\Users\anmol\OneDrive\Desktop\Steel_Surface_Defect_NEU_DET-DATASET\SteelDefectX\train_by_class\Oil spot\os_169.jpg
os_171,Oil spot,test,1086,C:\Users\anmol\OneDrive\Desktop\Steel_Surface_Defect_NEU_DET-DATASET\SteelDefectX\train_by_class\Oil spot\os_171.jpg
os_178,Oil spot,test,1092,C:\Users\anmol\OneDrive\Desktop\Steel_Surface_Defect_NEU_DET-DATASET\SteelDefectX\train_by_class\Oil spot\os_178.jpg
os_191,Oil spot,test,1103,C:\Users\anmol\OneDrive\Desktop\Steel_Surface_Defect_NEU_DET-DATASET\SteelDefectX\train_by_class\Oil spot\os_191.jpg
os_197,Oil spot,test,1106,C:\Users\anmol\OneDrive\Desktop\Steel_Surface_Defect_NEU_DET-DATASET\SteelDefectX\train_by_class\Oil spot\os_197.jpg
os_202,Oil spot,test,1112,C:\Users\anmol\OneDrive\Desktop\Steel_Surface_Defect_NEU_DET-DATASET\SteelDefectX\train_by_class\Oil spot\os_202.jpg
os_213,Oil spot,test,1122,C:\Users\anmol\OneDrive\Desktop\Steel_Surface_Defect_NEU_DET-DATASET\SteelDefectX\train_by_class\Oil spot\os_213.jpg
os_215,Oil spot,test,1124,C:\Users\anmol\OneDrive\Desktop\Steel_Surface_Defect_NEU_DET-DATASET\SteelDefectX\train_by_class\Oil spot\os_215.jpg
os_219,Oil spot,test,1126,C:\Users\anmol\OneDrive\Desktop\Steel_Surface_Defect_NEU_DET-DATASET\SteelDefectX\train_by_class\Oil spot\os_219.jpg
os_221,Oil spot,test,1129,C:\Users\anmol\OneDrive\Desktop\Steel_Surface_Defect_NEU_DET-DATASET\SteelDefectX\train_by_class\Oil spot\os_221.jpg
os_232,Oil spot,test,1136,C:\Users\anmol\OneDrive\Desktop\Steel_Surface_Defect_NEU_DET-DATASET\SteelDefectX\train_by_class\Oil spot\os_232.jpg
os_238,Oil spot,test,1140,C:\Users\anmol\OneDrive\Desktop\Steel_Surface_Defect_NEU_DET-DATASET\SteelDefectX\train_by_class\Oil spot\os_238.jpg
os_265,Oil spot,test,1157,C:\Users\anmol\OneDrive\Desktop\Steel_Surface_Defect_NEU_DET-DATASET\SteelDefectX\train_by_class\Oil spot\os_265.jpg
os_271,Oil spot,test,1161,C:\Users\anmol\OneDrive\Desktop\Steel_Surface_Defect_NEU_DET-DATASET\SteelDefectX\train_by_class\Oil spot\os_271.jpg
os_285,Oil spot,test,1170,C:\Users\anmol\OneDrive\Desktop\Steel_Surface_Defect_NEU_DET-DATASET\SteelDefectX\train_by_class\Oil spot\os_285.jpg
os_287,Oil spot,test,1172,C:\Users\anmol\OneDrive\Desktop\Steel_Surface_Defect_NEU_DET-DATASET\SteelDefectX\train_by_class\Oil spot\os_287.jpg
os_29,Oil spot,test,1174,C:\Users\anmol\OneDrive\Desktop\Steel_Surface_Defect_NEU_DET-DATASET\SteelDefectX\train_by_class\Oil spot\os_29.jpg
os_295,Oil spot,test,1180,C:\Users\anmol\OneDrive\Desktop\Steel_Surface_Defect_NEU_DET-DATASET\SteelDefectX\train_by_class\Oil spot\os_295.jpg
os_297,Oil spot,test,1182,C:\Users\anmol\OneDrive\Desktop\Steel_Surface_Defect_NEU_DET-DATASET\SteelDefectX\train_by_class\Oil spot\os_297.jpg
os_302,Oil spot,test,1186,C:\Users\anmol\OneDrive\Desktop\Steel_Surface_Defect_NEU_DET-DATASET\SteelDefectX\train_by_class\Oil spot\os_302.jpg
os_316,Oil spot,test,1197,C:\Users\anmol\OneDrive\Desktop\Steel_Surface_Defect_NEU_DET-DATASET\SteelDefectX\train_by_class\Oil spot\os_316.jpg
os_319,Oil spot,test,1200,C:\Users\anmol\OneDrive\Desktop\Steel_Surface_Defect_NEU_DET-DATASET\SteelDefectX\train_by_class\Oil spot\os_319.jpg
os_328,Oil spot,test,1207,C:\Users\anmol\OneDrive\Desktop\Steel_Surface_Defect_NEU_DET-DATASET\SteelDefectX\train_by_class\Oil spot\os_328.jpg
os_331,Oil spot,test,1209,C:\Users\anmol\OneDrive\Desktop\Steel_Surface_Defect_NEU_DET-DATASET\SteelDefectX\train_by_class\Oil spot\os_331.jpg
os_342,Oil spot,test,1217,C:\Users\anmol\OneDrive\Desktop\Steel_Surface_Defect_NEU_DET-DATASET\SteelDefectX\train_by_class\Oil spot\os_342.jpg
os_346,Oil spot,test,1221,C:\Users\anmol\OneDrive\Desktop\Steel_Surface_Defect_NEU_DET-DATASET\SteelDefectX\train_by_class\Oil spot\os_346.jpg
os_355,Oil spot,test,1228,C:\Users\anmol\OneDrive\Desktop\Steel_Surface_Defect_NEU_DET-DATASET\SteelDefectX\train_by_class\Oil spot\os_355.jpg
os_358,Oil spot,test,1231,C:\Users\anmol\OneDrive\Desktop\Steel_Surface_Defect_NEU_DET-DATASET\SteelDefectX\train_by_class\Oil spot\os_358.jpg
os_364,Oil spot,test,1237,C:\Users\anmol\OneDrive\Desktop\Steel_Surface_Defect_NEU_DET-DATASET\SteelDefectX\train_by_class\Oil spot\os_364.jpg
os_365,Oil spot,test,1238,C:\Users\anmol\OneDrive\Desktop\Steel_Surface_Defect_NEU_DET-DATASET\SteelDefectX\train_by_class\Oil spot\os_365.jpg
os_367,Oil spot,test,1239,C:\Users\anmol\OneDrive\Desktop\Steel_Surface_Defect_NEU_DET-DATASET\SteelDefectX\train_by_class\Oil spot\os_367.jpg
os_376,Oil spot,test,1245,C:\Users\anmol\OneDrive\Desktop\Steel_Surface_Defect_NEU_DET-DATASET\SteelDefectX\train_by_class\Oil spot\os_376.jpg
os_381,Oil spot,test,1250,C:\Users\anmol\OneDrive\Desktop\Steel_Surface_Defect_NEU_DET-DATASET\SteelDefectX\train_by_class\Oil spot\os_381.jpg
os_383,Oil spot,test,1251,C:\Users\anmol\OneDrive\Desktop\Steel_Surface_Defect_NEU_DET-DATASET\SteelDefectX\train_by_class\Oil spot\os_383.jpg
os_40,Oil spot,test,1263,C:\Users\anmol\OneDrive\Desktop\Steel_Surface_Defect_NEU_DET-DATASET\SteelDefectX\train_by_class\Oil spot\os_40.jpg
os_408,Oil spot,test,1269,C:\Users\anmol\OneDrive\Desktop\Steel_Surface_Defect_NEU_DET-DATASET\SteelDefectX\train_by_class\Oil spot\os_408.jpg
os_41,Oil spot,test,1271,C:\Users\anmol\OneDrive\Desktop\Steel_Surface_Defect_NEU_DET-DATASET\SteelDefectX\train_by_class\Oil spot\os_41.jpg
os_411,Oil spot,test,1273,C:\Users\anmol\OneDrive\Desktop\Steel_Surface_Defect_NEU_DET-DATASET\SteelDefectX\train_by_class\Oil spot\os_411.jpg
os_418,Oil spot,test,1278,C:\Users\anmol\OneDrive\Desktop\Steel_Surface_Defect_NEU_DET-DATASET\SteelDefectX\train_by_class\Oil spot\os_418.jpg
os_420,Oil spot,test,1280,C:\Users\anmol\OneDrive\Desktop\Steel_Surface_Defect_NEU_DET-DATASET\SteelDefectX\train_by_class\Oil spot\os_420.jpg
os_422,Oil spot,test,1281,C:\Users\anmol\OneDrive\Desktop\Steel_Surface_Defect_NEU_DET-DATASET\SteelDefectX\train_by_class\Oil spot\os_422.jpg
os_425,Oil spot,test,1282,C:\Users\anmol\OneDrive\Desktop\Steel_Surface_Defect_NEU_DET-DATASET\SteelDefectX\train_by_class\Oil spot\os_425.jpg
os_432,Oil spot,test,1289,C:\Users\anmol\OneDrive\Desktop\Steel_Surface_Defect_NEU_DET-DATASET\SteelDefectX\train_by_class\Oil spot\os_432.jpg
os_449,Oil spot,test,1304,C:\Users\anmol\OneDrive\Desktop\Steel_Surface_Defect_NEU_DET-DATASET\SteelDefectX\train_by_class\Oil spot\os_449.jpg
os_452,Oil spot,test,1306,C:\Users\anmol\OneDrive\Desktop\Steel_Surface_Defect_NEU_DET-DATASET\SteelDefectX\train_by_class\Oil spot\os_452.jpg
os_455,Oil spot,test,1308,C:\Users\anmol\OneDrive\Desktop\Steel_Surface_Defect_NEU_DET-DATASET\SteelDefectX\train_by_class\Oil spot\os_455.jpg
os_457,Oil spot,test,1310,C:\Users\anmol\OneDrive\Desktop\Steel_Surface_Defect_NEU_DET-DATASET\SteelDefectX\train_by_class\Oil spot\os_457.jpg
os_459,Oil spot,test,1312,C:\Users\anmol\OneDrive\Desktop\Steel_Surface_Defect_NEU_DET-DATASET\SteelDefectX\train_by_class\Oil spot\os_459.jpg
os_47,Oil spot,test,1320,C:\Users\anmol\OneDrive\Desktop\Steel_Surface_Defect_NEU_DET-DATASET\SteelDefectX\train_by_class\Oil spot\os_47.jpg
os_470,Oil spot,test,1321,C:\Users\anmol\OneDrive\Desktop\Steel_Surface_Defect_NEU_DET-DATASET\SteelDefectX\train_by_class\Oil spot\os_470.jpg
os_48,Oil spot,test,1329,C:\Users\anmol\OneDrive\Desktop\Steel_Surface_Defect_NEU_DET-DATASET\SteelDefectX\train_by_class\Oil spot\os_48.jpg
os_480,Oil spot,test,1330,C:\Users\anmol\OneDrive\Desktop\Steel_Surface_Defect_NEU_DET-DATASET\SteelDefectX\train_by_class\Oil spot\os_480.jpg
os_490,Oil spot,test,1336,C:\Users\anmol\OneDrive\Desktop\Steel_Surface_Defect_NEU_DET-DATASET\SteelDefectX\train_by_class\Oil spot\os_490.jpg
os_496,Oil spot,test,1340,C:\Users\anmol\OneDrive\Desktop\Steel_Surface_Defect_NEU_DET-DATASET\SteelDefectX\train_by_class\Oil spot\os_496.jpg
os_54,Oil spot,test,1346,C:\Users\anmol\OneDrive\Desktop\Steel_Surface_Defect_NEU_DET-DATASET\SteelDefectX\train_by_class\Oil spot\os_54.jpg
os_60,Oil spot,test,1350,C:\Users\anmol\OneDrive\Desktop\Steel_Surface_Defect_NEU_DET-DATASET\SteelDefectX\train_by_class\Oil spot\os_60.jpg
os_61,Oil spot,test,1351,C:\Users\anmol\OneDrive\Desktop\Steel_Surface_Defect_NEU_DET-DATASET\SteelDefectX\train_by_class\Oil spot\os_61.jpg
os_65,Oil spot,test,1355,C:\Users\anmol\OneDrive\Desktop\Steel_Surface_Defect_NEU_DET-DATASET\SteelDefectX\train_by_class\Oil spot\os_65.jpg
os_70,Oil spot,test,1357,C:\Users\anmol\OneDrive\Desktop\Steel_Surface_Defect_NEU_DET-DATASET\SteelDefectX\train_by_class\Oil spot\os_70.jpg
os_73,Oil spot,test,1359,C:\Users\anmol\OneDrive\Desktop\Steel_Surface_Defect_NEU_DET-DATASET\SteelDefectX\train_by_class\Oil spot\os_73.jpg
os_74,Oil spot,test,1360,C:\Users\anmol\OneDrive\Desktop\Steel_Surface_Defect_NEU_DET-DATASET\SteelDefectX\train_by_class\Oil spot\os_74.jpg
os_89,Oil spot,test,1371,C:\Users\anmol\OneDrive\Desktop\Steel_Surface_Defect_NEU_DET-DATASET\SteelDefectX\train_by_class\Oil spot\os_89.jpg
os_94,Oil spot,test,1373,C:\Users\anmol\OneDrive\Desktop\Steel_Surface_Defect_NEU_DET-DATASET\SteelDefectX\train_by_class\Oil spot\os_94.jpg
os_04,Oil spot,train,1030,C:\Users\anmol\OneDrive\Desktop\Steel_Surface_Defect_NEU_DET-DATASET\SteelDefectX\train_by_class\Oil spot\os_04.jpg
os_05,Oil spot,train,1031,C:\Users\anmol\OneDrive\Desktop\Steel_Surface_Defect_NEU_DET-DATASET\SteelDefectX\train_by_class\Oil spot\os_05.jpg
os_06,Oil spot,train,1032,C:\Users\anmol\OneDrive\Desktop\Steel_Surface_Defect_NEU_DET-DATASET\SteelDefectX\train_by_class\Oil spot\os_06.jpg
os_07,Oil spot,train,1033,C:\Users\anmol\OneDrive\Desktop\Steel_Surface_Defect_NEU_DET-DATASET\SteelDefectX\train_by_class\Oil spot\os_07.jpg
os_08,Oil spot,train,1034,C:\Users\anmol\OneDrive\Desktop\Steel_Surface_Defect_NEU_DET-DATASET\SteelDefectX\train_by_class\Oil spot\os_08.jpg
os_09,Oil spot,train,1035,C:\Users\anmol\OneDrive\Desktop\Steel_Surface_Defect_NEU_DET-DATASET\SteelDefectX\train_by_class\Oil spot\os_09.jpg
os_100,Oil spot,train,1036,C:\Users\anmol\OneDrive\Desktop\Steel_Surface_Defect_NEU_DET-DATASET\SteelDefectX\train_by_class\Oil spot\os_100.jpg
os_101,Oil spot,train,1037,C:\Users\anmol\OneDrive\Desktop\Steel_Surface_Defect_NEU_DET-DATASET\SteelDefectX\train_by_class\Oil spot\os_101.jpg
os_102,Oil spot,train,1038,C:\Users\anmol\OneDrive\Desktop\Steel_Surface_Defect_NEU_DET-DATASET\SteelDefectX\train_by_class\Oil spot\os_102.jpg
os_103,Oil spot,train,1039,C:\Users\anmol\OneDrive\Desktop\Steel_Surface_Defect_NEU_DET-DATASET\SteelDefectX\train_by_class\Oil spot\os_103.jpg
os_107,Oil spot,train,1042,C:\Users\anmol\OneDrive\Desktop\Steel_Surface_Defect_NEU_DET-DATASET\SteelDefectX\train_by_class\Oil spot\os_107.jpg
os_108,Oil spot,train,1043,C:\Users\anmol\OneDrive\Desktop\Steel_Surface_Defect_NEU_DET-DATASET\SteelDefectX\train_by_class\Oil spot\os_108.jpg
os_110,Oil spot,train,1045,C:\Users\anmol\OneDrive\Desktop\Steel_Surface_Defect_NEU_DET-DATASET\SteelDefectX\train_by_class\Oil spot\os_110.jpg
os_111,Oil spot,train,1046,C:\Users\anmol\OneDrive\Desktop\Steel_Surface_Defect_NEU_DET-DATASET\SteelDefectX\train_by_class\Oil spot\os_111.jpg
os_112,Oil spot,train,1047,C:\Users\anmol\OneDrive\Desktop\Steel_Surface_Defect_NEU_DET-DATASET\SteelDefectX\train_by_class\Oil spot\os_112.jpg
os_114,Oil spot,train,1048,C:\Users\anmol\OneDrive\Desktop\Steel_Surface_Defect_NEU_DET-DATASET\SteelDefectX\train_by_class\Oil spot\os_114.jpg
os_116,Oil spot,train,1049,C:\Users\anmol\OneDrive\Desktop\Steel_Surface_Defect_NEU_DET-DATASET\SteelDefectX\train_by_class\Oil spot\os_116.jpg
os_119,Oil spot,train,1050,C:\Users\anmol\OneDrive\Desktop\Steel_Surface_Defect_NEU_DET-DATASET\SteelDefectX\train_by_class\Oil spot\os_119.jpg
os_120,Oil spot,train,1051,C:\Users\anmol\OneDrive\Desktop\Steel_Surface_Defect_NEU_DET-DATASET\SteelDefectX\train_by_class\Oil spot\os_120.jpg
os_121,Oil spot,train,1052,C:\Users\anmol\OneDrive\Desktop\Steel_Surface_Defect_NEU_DET-DATASET\SteelDefectX\train_by_class\Oil spot\os_121.jpg
os_124,Oil spot,train,1053,C:\Users\anmol\OneDrive\Desktop\Steel_Surface_Defect_NEU_DET-DATASET\SteelDefectX\train_by_class\Oil spot\os_124.jpg
os_126,Oil spot,train,1055,C:\Users\anmol\OneDrive\Desktop\Steel_Surface_Defect_NEU_DET-DATASET\SteelDefectX\train_by_class\Oil spot\os_126.jpg
os_127,Oil spot,train,1056,C:\Users\anmol\OneDrive\Desktop\Steel_Surface_Defect_NEU_DET-DATASET\SteelDefectX\train_by_class\Oil spot\os_127.jpg
os_131,Oil spot,train,1059,C:\Users\anmol\OneDrive\Desktop\Steel_Surface_Defect_NEU_DET-DATASET\SteelDefectX\train_by_class\Oil spot\os_131.jpg
os_133,Oil spot,train,1060,C:\Users\anmol\OneDrive\Desktop\Steel_Surface_Defect_NEU_DET-DATASET\SteelDefectX\train_by_class\Oil spot\os_133.jpg
os_139,Oil spot,train,1062,C:\Users\anmol\OneDrive\Desktop\Steel_Surface_Defect_NEU_DET-DATASET\SteelDefectX\train_by_class\Oil spot\os_139.jpg
os_14,Oil spot,train,1063,C:\Users\anmol\OneDrive\Desktop\Steel_Surface_Defect_NEU_DET-DATASET\SteelDefectX\train_by_class\Oil spot\os_14.jpg
os_143,Oil spot,train,1065,C:\Users\anmol\OneDrive\Desktop\Steel_Surface_Defect_NEU_DET-DATASET\SteelDefectX\train_by_class\Oil spot\os_143.jpg
os_146,Oil spot,train,1067,C:\Users\anmol\OneDrive\Desktop\Steel_Surface_Defect_NEU_DET-DATASET\SteelDefectX\train_by_class\Oil spot\os_146.jpg
os_147,Oil spot,train,1068,C:\Users\anmol\OneDrive\Desktop\Steel_Surface_Defect_NEU_DET-DATASET\SteelDefectX\train_by_class\Oil spot\os_147.jpg
os_148,Oil spot,train,1069,C:\Users\anmol\OneDrive\Desktop\Steel_Surface_Defect_NEU_DET-DATASET\SteelDefectX\train_by_class\Oil spot\os_148.jpg
os_15,Oil spot,train,1070,C:\Users\anmol\OneDrive\Desktop\Steel_Surface_Defect_NEU_DET-DATASET\SteelDefectX\train_by_class\Oil spot\os_15.jpg
os_150,Oil spot,train,1071,C:\Users\anmol\OneDrive\Desktop\Steel_Surface_Defect_NEU_DET-DATASET\SteelDefectX\train_by_class\Oil spot\os_150.jpg
os_151,Oil spot,train,1072,C:\Users\anmol\OneDrive\Desktop\Steel_Surface_Defect_NEU_DET-DATASET\SteelDefectX\train_by_class\Oil spot\os_151.jpg
os_152,Oil spot,train,1073,C:\Users\anmol\OneDrive\Desktop\Steel_Surface_Defect_NEU_DET-DATASET\SteelDefectX\train_by_class\Oil spot\os_152.jpg
os_154,Oil spot,train,1075,C:\Users\anmol\OneDrive\Desktop\Steel_Surface_Defect_NEU_DET-DATASET\SteelDefectX\train_by_class\Oil spot\os_154.jpg
os_157,Oil spot,train,1076,C:\Users\anmol\OneDrive\Desktop\Steel_Surface_Defect_NEU_DET-DATASET\SteelDefectX\train_by_class\Oil spot\os_157.jpg
os_158,Oil spot,train,1077,C:\Users\anmol\OneDrive\Desktop\Steel_Surface_Defect_NEU_DET-DATASET\SteelDefectX\train_by_class\Oil spot\os_158.jpg
os_16,Oil spot,train,1078,C:\Users\anmol\OneDrive\Desktop\Steel_Surface_Defect_NEU_DET-DATASET\SteelDefectX\train_by_class\Oil spot\os_16.jpg
os_160,Oil spot,train,1079,C:\Users\anmol\OneDrive\Desktop\Steel_Surface_Defect_NEU_DET-DATASET\SteelDefectX\train_by_class\Oil spot\os_160.jpg
os_162,Oil spot,train,1080,C:\Users\anmol\OneDrive\Desktop\Steel_Surface_Defect_NEU_DET-DATASET\SteelDefectX\train_by_class\Oil spot\os_162.jpg
os_163,Oil spot,train,1081,C:\Users\anmol\OneDrive\Desktop\Steel_Surface_Defect_NEU_DET-DATASET\SteelDefectX\train_by_class\Oil spot\os_163.jpg
os_166,Oil spot,train,1082,C:\Users\anmol\OneDrive\Desktop\Steel_Surface_Defect_NEU_DET-DATASET\SteelDefectX\train_by_class\Oil spot\os_166.jpg
os_167,Oil spot,train,1083,C:\Users\anmol\OneDrive\Desktop\Steel_Surface_Defect_NEU_DET-DATASET\SteelDefectX\train_by_class\Oil spot\os_167.jpg
os_172,Oil spot,train,1087,C:\Users\anmol\OneDrive\Desktop\Steel_Surface_Defect_NEU_DET-DATASET\SteelDefectX\train_by_class\Oil spot\os_172.jpg
os_173,Oil spot,train,1088,C:\Users\anmol\OneDrive\Desktop\Steel_Surface_Defect_NEU_DET-DATASET\SteelDefectX\train_by_class\Oil spot\os_173.jpg
os_174,Oil spot,train,1089,C:\Users\anmol\OneDrive\Desktop\Steel_Surface_Defect_NEU_DET-DATASET\SteelDefectX\train_by_class\Oil spot\os_174.jpg
os_176,Oil spot,train,1091,C:\Users\anmol\OneDrive\Desktop\Steel_Surface_Defect_NEU_DET-DATASET\SteelDefectX\train_by_class\Oil spot\os_176.jpg
os_179,Oil spot,train,1093,C:\Users\anmol\OneDrive\Desktop\Steel_Surface_Defect_NEU_DET-DATASET\SteelDefectX\train_by_class\Oil spot\os_179.jpg
os_180,Oil spot,train,1094,C:\Users\anmol\OneDrive\Desktop\Steel_Surface_Defect_NEU_DET-DATASET\SteelDefectX\train_by_class\Oil spot\os_180.jpg
os_183,Oil spot,train,1096,C:\Users\anmol\OneDrive\Desktop\Steel_Surface_Defect_NEU_DET-DATASET\SteelDefectX\train_by_class\Oil spot\os_183.jpg
os_186,Oil spot,train,1097,C:\Users\anmol\OneDrive\Desktop\Steel_Surface_Defect_NEU_DET-DATASET\SteelDefectX\train_by_class\Oil spot\os_186.jpg
os_188,Oil spot,train,1099,C:\Users\anmol\OneDrive\Desktop\Steel_Surface_Defect_NEU_DET-DATASET\SteelDefectX\train_by_class\Oil spot\os_188.jpg
os_189,Oil spot,train,1100,C:\Users\anmol\OneDrive\Desktop\Steel_Surface_Defect_NEU_DET-DATASET\SteelDefectX\train_by_class\Oil spot\os_189.jpg
os_19,Oil spot,train,1101,C:\Users\anmol\OneDrive\Desktop\Steel_Surface_Defect_NEU_DET-DATASET\SteelDefectX\train_by_class\Oil spot\os_19.jpg
os_190,Oil spot,train,1102,C:\Users\anmol\OneDrive\Desktop\Steel_Surface_Defect_NEU_DET-DATASET\SteelDefectX\train_by_class\Oil spot\os_190.jpg
os_192,Oil spot,train,1104,C:\Users\anmol\OneDrive\Desktop\Steel_Surface_Defect_NEU_DET-DATASET\SteelDefectX\train_by_class\Oil spot\os_192.jpg
os_196,Oil spot,train,1105,C:\Users\anmol\OneDrive\Desktop\Steel_Surface_Defect_NEU_DET-DATASET\SteelDefectX\train_by_class\Oil spot\os_196.jpg
os_198,Oil spot,train,1107,C:\Users\anmol\OneDrive\Desktop\Steel_Surface_Defect_NEU_DET-DATASET\SteelDefectX\train_by_class\Oil spot\os_198.jpg
os_199,Oil spot,train,1108,C:\Users\anmol\OneDrive\Desktop\Steel_Surface_Defect_NEU_DET-DATASET\SteelDefectX\train_by_class\Oil spot\os_199.jpg
os_20,Oil spot,train,1109,C:\Users\anmol\OneDrive\Desktop\Steel_Surface_Defect_NEU_DET-DATASET\SteelDefectX\train_by_class\Oil spot\os_20.jpg
os_200,Oil spot,train,1110,C:\Users\anmol\OneDrive\Desktop\Steel_Surface_Defect_NEU_DET-DATASET\SteelDefectX\train_by_class\Oil spot\os_200.jpg
os_201,Oil spot,train,1111,C:\Users\anmol\OneDrive\Desktop\Steel_Surface_Defect_NEU_DET-DATASET\SteelDefectX\train_by_class\Oil spot\os_201.jpg
os_203,Oil spot,train,1113,C:\Users\anmol\OneDrive\Desktop\Steel_Surface_Defect_NEU_DET-DATASET\SteelDefectX\train_by_class\Oil spot\os_203.jpg
os_204,Oil spot,train,1114,C:\Users\anmol\OneDrive\Desktop\Steel_Surface_Defect_NEU_DET-DATASET\SteelDefectX\train_by_class\Oil spot\os_204.jpg
os_205,Oil spot,train,1115,C:\Users\anmol\OneDrive\Desktop\Steel_Surface_Defect_NEU_DET-DATASET\SteelDefectX\train_by_class\Oil spot\os_205.jpg
os_206,Oil spot,train,1116,C:\Users\anmol\OneDrive\Desktop\Steel_Surface_Defect_NEU_DET-DATASET\SteelDefectX\train_by_class\Oil spot\os_206.jpg
os_208,Oil spot,train,1117,C:\Users\anmol\OneDrive\Desktop\Steel_Surface_Defect_NEU_DET-DATASET\SteelDefectX\train_by_class\Oil spot\os_208.jpg
os_21,Oil spot,train,1119,C:\Users\anmol\OneDrive\Desktop\Steel_Surface_Defect_NEU_DET-DATASET\SteelDefectX\train_by_class\Oil spot\os_21.jpg
os_210,Oil spot,train,1120,C:\Users\anmol\OneDrive\Desktop\Steel_Surface_Defect_NEU_DET-DATASET\SteelDefectX\train_by_class\Oil spot\os_210.jpg
os_211,Oil spot,train,1121,C:\Users\anmol\OneDrive\Desktop\Steel_Surface_Defect_NEU_DET-DATASET\SteelDefectX\train_by_class\Oil spot\os_211.jpg
os_214,Oil spot,train,1123,C:\Users\anmol\OneDrive\Desktop\Steel_Surface_Defect_NEU_DET-DATASET\SteelDefectX\train_by_class\Oil spot\os_214.jpg
os_218,Oil spot,train,1125,C:\Users\anmol\OneDrive\Desktop\Steel_Surface_Defect_NEU_DET-DATASET\SteelDefectX\train_by_class\Oil spot\os_218.jpg
os_220,Oil spot,train,1128,C:\Users\anmol\OneDrive\Desktop\Steel_Surface_Defect_NEU_DET-DATASET\SteelDefectX\train_by_class\Oil spot\os_220.jpg
os_223,Oil spot,train,1130,C:\Users\anmol\OneDrive\Desktop\Steel_Surface_Defect_NEU_DET-DATASET\SteelDefectX\train_by_class\Oil spot\os_223.jpg
os_224,Oil spot,train,1131,C:\Users\anmol\OneDrive\Desktop\Steel_Surface_Defect_NEU_DET-DATASET\SteelDefectX\train_by_class\Oil spot\os_224.jpg
os_226,Oil spot,train,1132,C:\Users\anmol\OneDrive\Desktop\Steel_Surface_Defect_NEU_DET-DATASET\SteelDefectX\train_by_class\Oil spot\os_226.jpg
os_228,Oil spot,train,1133,C:\Users\anmol\OneDrive\Desktop\Steel_Surface_Defect_NEU_DET-DATASET\SteelDefectX\train_by_class\Oil spot\os_228.jpg
os_229,Oil spot,train,1134,C:\Users\anmol\OneDrive\Desktop\Steel_Surface_Defect_NEU_DET-DATASET\SteelDefectX\train_by_class\Oil spot\os_229.jpg
os_23,Oil spot,train,1135,C:\Users\anmol\OneDrive\Desktop\Steel_Surface_Defect_NEU_DET-DATASET\SteelDefectX\train_by_class\Oil spot\os_23.jpg
os_234,Oil spot,train,1137,C:\Users\anmol\OneDrive\Desktop\Steel_Surface_Defect_NEU_DET-DATASET\SteelDefectX\train_by_class\Oil spot\os_234.jpg
os_235,Oil spot,train,1138,C:\Users\anmol\OneDrive\Desktop\Steel_Surface_Defect_NEU_DET-DATASET\SteelDefectX\train_by_class\Oil spot\os_235.jpg
os_236,Oil spot,train,1139,C:\Users\anmol\OneDrive\Desktop\Steel_Surface_Defect_NEU_DET-DATASET\SteelDefectX\train_by_class\Oil spot\os_236.jpg
os_239,Oil spot,train,1141,C:\Users\anmol\OneDrive\Desktop\Steel_Surface_Defect_NEU_DET-DATASET\SteelDefectX\train_by_class\Oil spot\os_239.jpg
os_240,Oil spot,train,1143,C:\Users\anmol\OneDrive\Desktop\Steel_Surface_Defect_NEU_DET-DATASET\SteelDefectX\train_by_class\Oil spot\os_240.jpg
os_243,Oil spot,train,1144,C:\Users\anmol\OneDrive\Desktop\Steel_Surface_Defect_NEU_DET-DATASET\SteelDefectX\train_by_class\Oil spot\os_243.jpg
os_245,Oil spot,train,1145,C:\Users\anmol\OneDrive\Desktop\Steel_Surface_Defect_NEU_DET-DATASET\SteelDefectX\train_by_class\Oil spot\os_245.jpg
os_246,Oil spot,train,1146,C:\Users\anmol\OneDrive\Desktop\Steel_Surface_Defect_NEU_DET-DATASET\SteelDefectX\train_by_class\Oil spot\os_246.jpg
os_247,Oil spot,train,1147,C:\Users\anmol\OneDrive\Desktop\Steel_Surface_Defect_NEU_DET-DATASET\SteelDefectX\train_by_class\Oil spot\os_247.jpg
os_248,Oil spot,train,1148,C:\Users\anmol\OneDrive\Desktop\Steel_Surface_Defect_NEU_DET-DATASET\SteelDefectX\train_by_class\Oil spot\os_248.jpg
os_25,Oil spot,train,1150,C:\Users\anmol\OneDrive\Desktop\Steel_Surface_Defect_NEU_DET-DATASET\SteelDefectX\train_by_class\Oil spot\os_25.jpg
os_250,Oil spot,train,1151,C:\Users\anmol\OneDrive\Desktop\Steel_Surface_Defect_NEU_DET-DATASET\SteelDefectX\train_by_class\Oil spot\os_250.jpg
os_252,Oil spot,train,1152,C:\Users\anmol\OneDrive\Desktop\Steel_Surface_Defect_NEU_DET-DATASET\SteelDefectX\train_by_class\Oil spot\os_252.jpg
os_26,Oil spot,train,1154,C:\Users\anmol\OneDrive\Desktop\Steel_Surface_Defect_NEU_DET-DATASET\SteelDefectX\train_by_class\Oil spot\os_26.jpg
os_260,Oil spot,train,1155,C:\Users\anmol\OneDrive\Desktop\Steel_Surface_Defect_NEU_DET-DATASET\SteelDefectX\train_by_class\Oil spot\os_260.jpg
os_261,Oil spot,train,1156,C:\Users\anmol\OneDrive\Desktop\Steel_Surface_Defect_NEU_DET-DATASET\SteelDefectX\train_by_class\Oil spot\os_261.jpg
os_266,Oil spot,train,1158,C:\Users\anmol\OneDrive\Desktop\Steel_Surface_Defect_NEU_DET-DATASET\SteelDefectX\train_by_class\Oil spot\os_266.jpg
os_268,Oil spot,train,1159,C:\Users\anmol\OneDrive\Desktop\Steel_Surface_Defect_NEU_DET-DATASET\SteelDefectX\train_by_class\Oil spot\os_268.jpg
os_275,Oil spot,train,1162,C:\Users\anmol\OneDrive\Desktop\Steel_Surface_Defect_NEU_DET-DATASET\SteelDefectX\train_by_class\Oil spot\os_275.jpg
os_278,Oil spot,train,1163,C:\Users\anmol\OneDrive\Desktop\Steel_Surface_Defect_NEU_DET-DATASET\SteelDefectX\train_by_class\Oil spot\os_278.jpg
os_28,Oil spot,train,1165,C:\Users\anmol\OneDrive\Desktop\Steel_Surface_Defect_NEU_DET-DATASET\SteelDefectX\train_by_class\Oil spot\os_28.jpg
os_280,Oil spot,train,1166,C:\Users\anmol\OneDrive\Desktop\Steel_Surface_Defect_NEU_DET-DATASET\SteelDefectX\train_by_class\Oil spot\os_280.jpg
os_281,Oil spot,train,1167,C:\Users\anmol\OneDrive\Desktop\Steel_Surface_Defect_NEU_DET-DATASET\SteelDefectX\train_by_class\Oil spot\os_281.jpg
os_282,Oil spot,train,1168,C:\Users\anmol\OneDrive\Desktop\Steel_Surface_Defect_NEU_DET-DATASET\SteelDefectX\train_by_class\Oil spot\os_282.jpg
os_284,Oil spot,train,1169,C:\Users\anmol\OneDrive\Desktop\Steel_Surface_Defect_NEU_DET-DATASET\SteelDefectX\train_by_class\Oil spot\os_284.jpg
os_289,Oil spot,train,1173,C:\Users\anmol\OneDrive\Desktop\Steel_Surface_Defect_NEU_DET-DATASET\SteelDefectX\train_by_class\Oil spot\os_289.jpg
os_290,Oil spot,train,1175,C:\Users\anmol\OneDrive\Desktop\Steel_Surface_Defect_NEU_DET-DATASET\SteelDefectX\train_by_class\Oil spot\os_290.jpg
os_291,Oil spot,train,1176,C:\Users\anmol\OneDrive\Desktop\Steel_Surface_Defect_NEU_DET-DATASET\SteelDefectX\train_by_class\Oil spot\os_291.jpg
os_293,Oil spot,train,1178,C:\Users\anmol\OneDrive\Desktop\Steel_Surface_Defect_NEU_DET-DATASET\SteelDefectX\train_by_class\Oil spot\os_293.jpg
os_294,Oil spot,train,1179,C:\Users\anmol\OneDrive\Desktop\Steel_Surface_Defect_NEU_DET-DATASET\SteelDefectX\train_by_class\Oil spot\os_294.jpg
os_296,Oil spot,train,1181,C:\Users\anmol\OneDrive\Desktop\Steel_Surface_Defect_NEU_DET-DATASET\SteelDefectX\train_by_class\Oil spot\os_296.jpg
os_298,Oil spot,train,1183,C:\Users\anmol\OneDrive\Desktop\Steel_Surface_Defect_NEU_DET-DATASET\SteelDefectX\train_by_class\Oil spot\os_298.jpg
os_30,Oil spot,train,1184,C:\Users\anmol\OneDrive\Desktop\Steel_Surface_Defect_NEU_DET-DATASET\SteelDefectX\train_by_class\Oil spot\os_30.jpg
os_301,Oil spot,train,1185,C:\Users\anmol\OneDrive\Desktop\Steel_Surface_Defect_NEU_DET-DATASET\SteelDefectX\train_by_class\Oil spot\os_301.jpg
os_303,Oil spot,train,1187,C:\Users\anmol\OneDrive\Desktop\Steel_Surface_Defect_NEU_DET-DATASET\SteelDefectX\train_by_class\Oil spot\os_303.jpg
os_305,Oil spot,train,1188,C:\Users\anmol\OneDrive\Desktop\Steel_Surface_Defect_NEU_DET-DATASET\SteelDefectX\train_by_class\Oil spot\os_305.jpg
os_308,Oil spot,train,1189,C:\Users\anmol\OneDrive\Desktop\Steel_Surface_Defect_NEU_DET-DATASET\SteelDefectX\train_by_class\Oil spot\os_308.jpg
os_309,Oil spot,train,1190,C:\Users\anmol\OneDrive\Desktop\Steel_Surface_Defect_NEU_DET-DATASET\SteelDefectX\train_by_class\Oil spot\os_309.jpg
os_31,Oil spot,train,1191,C:\Users\anmol\OneDrive\Desktop\Steel_Surface_Defect_NEU_DET-DATASET\SteelDefectX\train_by_class\Oil spot\os_31.jpg
os_310,Oil spot,train,1192,C:\Users\anmol\OneDrive\Desktop\Steel_Surface_Defect_NEU_DET-DATASET\SteelDefectX\train_by_class\Oil spot\os_310.jpg
os_312,Oil spot,train,1193,C:\Users\anmol\OneDrive\Desktop\Steel_Surface_Defect_NEU_DET-DATASET\SteelDefectX\train_by_class\Oil spot\os_312.jpg
os_313,Oil spot,train,1194,C:\Users\anmol\OneDrive\Desktop\Steel_Surface_Defect_NEU_DET-DATASET\SteelDefectX\train_by_class\Oil spot\os_313.jpg
os_314,Oil spot,train,1195,C:\Users\anmol\OneDrive\Desktop\Steel_Surface_Defect_NEU_DET-DATASET\SteelDefectX\train_by_class\Oil spot\os_314.jpg
os_315,Oil spot,train,1196,C:\Users\anmol\OneDrive\Desktop\Steel_Surface_Defect_NEU_DET-DATASET\SteelDefectX\train_by_class\Oil spot\os_315.jpg
os_317,Oil spot,train,1198,C:\Users\anmol\OneDrive\Desktop\Steel_Surface_Defect_NEU_DET-DATASET\SteelDefectX\train_by_class\Oil spot\os_317.jpg
os_318,Oil spot,train,1199,C:\Users\anmol\OneDrive\Desktop\Steel_Surface_Defect_NEU_DET-DATASET\SteelDefectX\train_by_class\Oil spot\os_318.jpg
os_32,Oil spot,train,1201,C:\Users\anmol\OneDrive\Desktop\Steel_Surface_Defect_NEU_DET-DATASET\SteelDefectX\train_by_class\Oil spot\os_32.jpg
os_321,Oil spot,train,1203,C:\Users\anmol\OneDrive\Desktop\Steel_Surface_Defect_NEU_DET-DATASET\SteelDefectX\train_by_class\Oil spot\os_321.jpg
os_325,Oil spot,train,1204,C:\Users\anmol\OneDrive\Desktop\Steel_Surface_Defect_NEU_DET-DATASET\SteelDefectX\train_by_class\Oil spot\os_325.jpg
os_326,Oil spot,train,1205,C:\Users\anmol\OneDrive\Desktop\Steel_Surface_Defect_NEU_DET-DATASET\SteelDefectX\train_by_class\Oil spot\os_326.jpg
os_327,Oil spot,train,1206,C:\Users\anmol\OneDrive\Desktop\Steel_Surface_Defect_NEU_DET-DATASET\SteelDefectX\train_by_class\Oil spot\os_327.jpg
os_329,Oil spot,train,1208,C:\Users\anmol\OneDrive\Desktop\Steel_Surface_Defect_NEU_DET-DATASET\SteelDefectX\train_by_class\Oil spot\os_329.jpg
os_334,Oil spot,train,1210,C:\Users\anmol\OneDrive\Desktop\Steel_Surface_Defect_NEU_DET-DATASET\SteelDefectX\train_by_class\Oil spot\os_334.jpg
os_336,Oil spot,train,1211,C:\Users\anmol\OneDrive\Desktop\Steel_Surface_Defect_NEU_DET-DATASET\SteelDefectX\train_by_class\Oil spot\os_336.jpg
os_337,Oil spot,train,1212,C:\Users\anmol\OneDrive\Desktop\Steel_Surface_Defect_NEU_DET-DATASET\SteelDefectX\train_by_class\Oil spot\os_337.jpg
os_338,Oil spot,train,1213,C:\Users\anmol\OneDrive\Desktop\Steel_Surface_Defect_NEU_DET-DATASET\SteelDefectX\train_by_class\Oil spot\os_338.jpg
os_339,Oil spot,train,1214,C:\Users\anmol\OneDrive\Desktop\Steel_Surface_Defect_NEU_DET-DATASET\SteelDefectX\train_by_class\Oil spot\os_339.jpg
os_34,Oil spot,train,1215,C:\Users\anmol\OneDrive\Desktop\Steel_Surface_Defect_NEU_DET-DATASET\SteelDefectX\train_by_class\Oil spot\os_34.jpg
os_341,Oil spot,train,1216,C:\Users\anmol\OneDrive\Desktop\Steel_Surface_Defect_NEU_DET-DATASET\SteelDefectX\train_by_class\Oil spot\os_341.jpg
os_343,Oil spot,train,1218,C:\Users\anmol\OneDrive\Desktop\Steel_Surface_Defect_NEU_DET-DATASET\SteelDefectX\train_by_class\Oil spot\os_343.jpg
os_344,Oil spot,train,1219,C:\Users\anmol\OneDrive\Desktop\Steel_Surface_Defect_NEU_DET-DATASET\SteelDefectX\train_by_class\Oil spot\os_344.jpg
os_345,Oil spot,train,1220,C:\Users\anmol\OneDrive\Desktop\Steel_Surface_Defect_NEU_DET-DATASET\SteelDefectX\train_by_class\Oil spot\os_345.jpg
os_348,Oil spot,train,1222,C:\Users\anmol\OneDrive\Desktop\Steel_Surface_Defect_NEU_DET-DATASET\SteelDefectX\train_by_class\Oil spot\os_348.jpg
os_349,Oil spot,train,1223,C:\Users\anmol\OneDrive\Desktop\Steel_Surface_Defect_NEU_DET-DATASET\SteelDefectX\train_by_class\Oil spot\os_349.jpg
os_350,Oil spot,train,1224,C:\Users\anmol\OneDrive\Desktop\Steel_Surface_Defect_NEU_DET-DATASET\SteelDefectX\train_by_class\Oil spot\os_350.jpg
os_351,Oil spot,train,1225,C:\Users\anmol\OneDrive\Desktop\Steel_Surface_Defect_NEU_DET-DATASET\SteelDefectX\train_by_class\Oil spot\os_351.jpg
os_352,Oil spot,train,1226,C:\Users\anmol\OneDrive\Desktop\Steel_Surface_Defect_NEU_DET-DATASET\SteelDefectX\train_by_class\Oil spot\os_352.jpg
os_353,Oil spot,train,1227,C:\Users\anmol\OneDrive\Desktop\Steel_Surface_Defect_NEU_DET-DATASET\SteelDefectX\train_by_class\Oil spot\os_353.jpg
os_356,Oil spot,train,1229,C:\Users\anmol\OneDrive\Desktop\Steel_Surface_Defect_NEU_DET-DATASET\SteelDefectX\train_by_class\Oil spot\os_356.jpg
os_357,Oil spot,train,1230,C:\Users\anmol\OneDrive\Desktop\Steel_Surface_Defect_NEU_DET-DATASET\SteelDefectX\train_by_class\Oil spot\os_357.jpg
os_359,Oil spot,train,1232,C:\Users\anmol\OneDrive\Desktop\Steel_Surface_Defect_NEU_DET-DATASET\SteelDefectX\train_by_class\Oil spot\os_359.jpg
os_36,Oil spot,train,1233,C:\Users\anmol\OneDrive\Desktop\Steel_Surface_Defect_NEU_DET-DATASET\SteelDefectX\train_by_class\Oil spot\os_36.jpg
os_360,Oil spot,train,1234,C:\Users\anmol\OneDrive\Desktop\Steel_Surface_Defect_NEU_DET-DATASET\SteelDefectX\train_by_class\Oil spot\os_360.jpg
os_362,Oil spot,train,1235,C:\Users\anmol\OneDrive\Desktop\Steel_Surface_Defect_NEU_DET-DATASET\SteelDefectX\train_by_class\Oil spot\os_362.jpg
os_368,Oil spot,train,1240,C:\Users\anmol\OneDrive\Desktop\Steel_Surface_Defect_NEU_DET-DATASET\SteelDefectX\train_by_class\Oil spot\os_368.jpg
os_37,Oil spot,train,1241,C:\Users\anmol\OneDrive\Desktop\Steel_Surface_Defect_NEU_DET-DATASET\SteelDefectX\train_by_class\Oil spot\os_37.jpg
os_371,Oil spot,train,1242,C:\Users\anmol\OneDrive\Desktop\Steel_Surface_Defect_NEU_DET-DATASET\SteelDefectX\train_by_class\Oil spot\os_371.jpg
os_372,Oil spot,train,1243,C:\Users\anmol\OneDrive\Desktop\Steel_Surface_Defect_NEU_DET-DATASET\SteelDefectX\train_by_class\Oil spot\os_372.jpg
os_374,Oil spot,train,1244,C:\Users\anmol\OneDrive\Desktop\Steel_Surface_Defect_NEU_DET-DATASET\SteelDefectX\train_by_class\Oil spot\os_374.jpg
os_377,Oil spot,train,1246,C:\Users\anmol\OneDrive\Desktop\Steel_Surface_Defect_NEU_DET-DATASET\SteelDefectX\train_by_class\Oil spot\os_377.jpg
os_378,Oil spot,train,1247,C:\Users\anmol\OneDrive\Desktop\Steel_Surface_Defect_NEU_DET-DATASET\SteelDefectX\train_by_class\Oil spot\os_378.jpg
os_379,Oil spot,train,1248,C:\Users\anmol\OneDrive\Desktop\Steel_Surface_Defect_NEU_DET-DATASET\SteelDefectX\train_by_class\Oil spot\os_379.jpg
os_380,Oil spot,train,1249,C:\Users\anmol\OneDrive\Desktop\Steel_Surface_Defect_NEU_DET-DATASET\SteelDefectX\train_by_class\Oil spot\os_380.jpg
os_387,Oil spot,train,1253,C:\Users\anmol\OneDrive\Desktop\Steel_Surface_Defect_NEU_DET-DATASET\SteelDefectX\train_by_class\Oil spot\os_387.jpg
os_389,Oil spot,train,1254,C:\Users\anmol\OneDrive\Desktop\Steel_Surface_Defect_NEU_DET-DATASET\SteelDefectX\train_by_class\Oil spot\os_389.jpg
os_394,Oil spot,train,1258,C:\Users\anmol\OneDrive\Desktop\Steel_Surface_Defect_NEU_DET-DATASET\SteelDefectX\train_by_class\Oil spot\os_394.jpg
os_395,Oil spot,train,1259,C:\Users\anmol\OneDrive\Desktop\Steel_Surface_Defect_NEU_DET-DATASET\SteelDefectX\train_by_class\Oil spot\os_395.jpg
os_397,Oil spot,train,1261,C:\Users\anmol\OneDrive\Desktop\Steel_Surface_Defect_NEU_DET-DATASET\SteelDefectX\train_by_class\Oil spot\os_397.jpg
os_398,Oil spot,train,1262,C:\Users\anmol\OneDrive\Desktop\Steel_Surface_Defect_NEU_DET-DATASET\SteelDefectX\train_by_class\Oil spot\os_398.jpg
os_401,Oil spot,train,1264,C:\Users\anmol\OneDrive\Desktop\Steel_Surface_Defect_NEU_DET-DATASET\SteelDefectX\train_by_class\Oil spot\os_401.jpg
os_404,Oil spot,train,1265,C:\Users\anmol\OneDrive\Desktop\Steel_Surface_Defect_NEU_DET-DATASET\SteelDefectX\train_by_class\Oil spot\os_404.jpg
os_405,Oil spot,train,1266,C:\Users\anmol\OneDrive\Desktop\Steel_Surface_Defect_NEU_DET-DATASET\SteelDefectX\train_by_class\Oil spot\os_405.jpg
os_406,Oil spot,train,1267,C:\Users\anmol\OneDrive\Desktop\Steel_Surface_Defect_NEU_DET-DATASET\SteelDefectX\train_by_class\Oil spot\os_406.jpg
os_407,Oil spot,train,1268,C:\Users\anmol\OneDrive\Desktop\Steel_Surface_Defect_NEU_DET-DATASET\SteelDefectX\train_by_class\Oil spot\os_407.jpg
os_409,Oil spot,train,1270,C:\Users\anmol\OneDrive\Desktop\Steel_Surface_Defect_NEU_DET-DATASET\SteelDefectX\train_by_class\Oil spot\os_409.jpg
os_410,Oil spot,train,1272,C:\Users\anmol\OneDrive\Desktop\Steel_Surface_Defect_NEU_DET-DATASET\SteelDefectX\train_by_class\Oil spot\os_410.jpg
os_412,Oil spot,train,1274,C:\Users\anmol\OneDrive\Desktop\Steel_Surface_Defect_NEU_DET-DATASET\SteelDefectX\train_by_class\Oil spot\os_412.jpg
os_416,Oil spot,train,1276,C:\Users\anmol\OneDrive\Desktop\Steel_Surface_Defect_NEU_DET-DATASET\SteelDefectX\train_by_class\Oil spot\os_416.jpg
os_417,Oil spot,train,1277,C:\Users\anmol\OneDrive\Desktop\Steel_Surface_Defect_NEU_DET-DATASET\SteelDefectX\train_by_class\Oil spot\os_417.jpg
os_42,Oil spot,train,1279,C:\Users\anmol\OneDrive\Desktop\Steel_Surface_Defect_NEU_DET-DATASET\SteelDefectX\train_by_class\Oil spot\os_42.jpg
os_426,Oil spot,train,1283,C:\Users\anmol\OneDrive\Desktop\Steel_Surface_Defect_NEU_DET-DATASET\SteelDefectX\train_by_class\Oil spot\os_426.jpg
os_428,Oil spot,train,1285,C:\Users\anmol\OneDrive\Desktop\Steel_Surface_Defect_NEU_DET-DATASET\SteelDefectX\train_by_class\Oil spot\os_428.jpg
os_429,Oil spot,train,1286,C:\Users\anmol\OneDrive\Desktop\Steel_Surface_Defect_NEU_DET-DATASET\SteelDefectX\train_by_class\Oil spot\os_429.jpg
os_431,Oil spot,train,1288,C:\Users\anmol\OneDrive\Desktop\Steel_Surface_Defect_NEU_DET-DATASET\SteelDefectX\train_by_class\Oil spot\os_431.jpg
os_434,Oil spot,train,1290,C:\Users\anmol\OneDrive\Desktop\Steel_Surface_Defect_NEU_DET-DATASET\SteelDefectX\train_by_class\Oil spot\os_434.jpg
os_435,Oil spot,train,1291,C:\Users\anmol\OneDrive\Desktop\Steel_Surface_Defect_NEU_DET-DATASET\SteelDefectX\train_by_class\Oil spot\os_435.jpg
os_436,Oil spot,train,1292,C:\Users\anmol\OneDrive\Desktop\Steel_Surface_Defect_NEU_DET-DATASET\SteelDefectX\train_by_class\Oil spot\os_436.jpg
os_438,Oil spot,train,1293,C:\Users\anmol\OneDrive\Desktop\Steel_Surface_Defect_NEU_DET-DATASET\SteelDefectX\train_by_class\Oil spot\os_438.jpg
os_439,Oil spot,train,1294,C:\Users\anmol\OneDrive\Desktop\Steel_Surface_Defect_NEU_DET-DATASET\SteelDefectX\train_by_class\Oil spot\os_439.jpg
os_44,Oil spot,train,1295,C:\Users\anmol\OneDrive\Desktop\Steel_Surface_Defect_NEU_DET-DATASET\SteelDefectX\train_by_class\Oil spot\os_44.jpg
os_440,Oil spot,train,1296,C:\Users\anmol\OneDrive\Desktop\Steel_Surface_Defect_NEU_DET-DATASET\SteelDefectX\train_by_class\Oil spot\os_440.jpg
os_441,Oil spot,train,1297,C:\Users\anmol\OneDrive\Desktop\Steel_Surface_Defect_NEU_DET-DATASET\SteelDefectX\train_by_class\Oil spot\os_441.jpg
os_442,Oil spot,train,1298,C:\Users\anmol\OneDrive\Desktop\Steel_Surface_Defect_NEU_DET-DATASET\SteelDefectX\train_by_class\Oil spot\os_442.jpg
os_443,Oil spot,train,1299,C:\Users\anmol\OneDrive\Desktop\Steel_Surface_Defect_NEU_DET-DATASET\SteelDefectX\train_by_class\Oil spot\os_443.jpg
os_444,Oil spot,train,1300,C:\Users\anmol\OneDrive\Desktop\Steel_Surface_Defect_NEU_DET-DATASET\SteelDefectX\train_by_class\Oil spot\os_444.jpg
os_445,Oil spot,train,1301,C:\Users\anmol\OneDrive\Desktop\Steel_Surface_Defect_NEU_DET-DATASET\SteelDefectX\train_by_class\Oil spot\os_445.jpg
os_446,Oil spot,train,1302,C:\Users\anmol\OneDrive\Desktop\Steel_Surface_Defect_NEU_DET-DATASET\SteelDefectX\train_by_class\Oil spot\os_446.jpg
os_447,Oil spot,train,1303,C:\Users\anmol\OneDrive\Desktop\Steel_Surface_Defect_NEU_DET-DATASET\SteelDefectX\train_by_class\Oil spot\os_447.jpg
os_454,Oil spot,train,1307,C:\Users\anmol\OneDrive\Desktop\Steel_Surface_Defect_NEU_DET-DATASET\SteelDefectX\train_by_class\Oil spot\os_454.jpg
os_456,Oil spot,train,1309,C:\Users\anmol\OneDrive\Desktop\Steel_Surface_Defect_NEU_DET-DATASET\SteelDefectX\train_by_class\Oil spot\os_456.jpg
os_461,Oil spot,train,1313,C:\Users\anmol\OneDrive\Desktop\Steel_Surface_Defect_NEU_DET-DATASET\SteelDefectX\train_by_class\Oil spot\os_461.jpg
os_463,Oil spot,train,1314,C:\Users\anmol\OneDrive\Desktop\Steel_Surface_Defect_NEU_DET-DATASET\SteelDefectX\train_by_class\Oil spot\os_463.jpg
os_464,Oil spot,train,1315,C:\Users\anmol\OneDrive\Desktop\Steel_Surface_Defect_NEU_DET-DATASET\SteelDefectX\train_by_class\Oil spot\os_464.jpg
os_465,Oil spot,train,1316,C:\Users\anmol\OneDrive\Desktop\Steel_Surface_Defect_NEU_DET-DATASET\SteelDefectX\train_by_class\Oil spot\os_465.jpg
os_466,Oil spot,train,1317,C:\Users\anmol\OneDrive\Desktop\Steel_Surface_Defect_NEU_DET-DATASET\SteelDefectX\train_by_class\Oil spot\os_466.jpg
os_468,Oil spot,train,1319,C:\Users\anmol\OneDrive\Desktop\Steel_Surface_Defect_NEU_DET-DATASET\SteelDefectX\train_by_class\Oil spot\os_468.jpg
os_471,Oil spot,train,1322,C:\Users\anmol\OneDrive\Desktop\Steel_Surface_Defect_NEU_DET-DATASET\SteelDefectX\train_by_class\Oil spot\os_471.jpg
os_472,Oil spot,train,1323,C:\Users\anmol\OneDrive\Desktop\Steel_Surface_Defect_NEU_DET-DATASET\SteelDefectX\train_by_class\Oil spot\os_472.jpg
os_474,Oil spot,train,1325,C:\Users\anmol\OneDrive\Desktop\Steel_Surface_Defect_NEU_DET-DATASET\SteelDefectX\train_by_class\Oil spot\os_474.jpg
os_476,Oil spot,train,1327,C:\Users\anmol\OneDrive\Desktop\Steel_Surface_Defect_NEU_DET-DATASET\SteelDefectX\train_by_class\Oil spot\os_476.jpg
os_479,Oil spot,train,1328,C:\Users\anmol\OneDrive\Desktop\Steel_Surface_Defect_NEU_DET-DATASET\SteelDefectX\train_by_class\Oil spot\os_479.jpg
os_483,Oil spot,train,1331,C:\Users\anmol\OneDrive\Desktop\Steel_Surface_Defect_NEU_DET-DATASET\SteelDefectX\train_by_class\Oil spot\os_483.jpg
os_487,Oil spot,train,1333,C:\Users\anmol\OneDrive\Desktop\Steel_Surface_Defect_NEU_DET-DATASET\SteelDefectX\train_by_class\Oil spot\os_487.jpg
os_488,Oil spot,train,1334,C:\Users\anmol\OneDrive\Desktop\Steel_Surface_Defect_NEU_DET-DATASET\SteelDefectX\train_by_class\Oil spot\os_488.jpg
os_489,Oil spot,train,1335,C:\Users\anmol\OneDrive\Desktop\Steel_Surface_Defect_NEU_DET-DATASET\SteelDefectX\train_by_class\Oil spot\os_489.jpg
os_492,Oil spot,train,1337,C:\Users\anmol\OneDrive\Desktop\Steel_Surface_Defect_NEU_DET-DATASET\SteelDefectX\train_by_class\Oil spot\os_492.jpg
os_493,Oil spot,train,1338,C:\Users\anmol\OneDrive\Desktop\Steel_Surface_Defect_NEU_DET-DATASET\SteelDefectX\train_by_class\Oil spot\os_493.jpg
os_495,Oil spot,train,1339,C:\Users\anmol\OneDrive\Desktop\Steel_Surface_Defect_NEU_DET-DATASET\SteelDefectX\train_by_class\Oil spot\os_495.jpg
os_497,Oil spot,train,1341,C:\Users\anmol\OneDrive\Desktop\Steel_Surface_Defect_NEU_DET-DATASET\SteelDefectX\train_by_class\Oil spot\os_497.jpg
os_498,Oil spot,train,1342,C:\Users\anmol\OneDrive\Desktop\Steel_Surface_Defect_NEU_DET-DATASET\SteelDefectX\train_by_class\Oil spot\os_498.jpg
os_50,Oil spot,train,1343,C:\Users\anmol\OneDrive\Desktop\Steel_Surface_Defect_NEU_DET-DATASET\SteelDefectX\train_by_class\Oil spot\os_50.jpg
os_52,Oil spot,train,1344,C:\Users\anmol\OneDrive\Desktop\Steel_Surface_Defect_NEU_DET-DATASET\SteelDefectX\train_by_class\Oil spot\os_52.jpg
os_53,Oil spot,train,1345,C:\Users\anmol\OneDrive\Desktop\Steel_Surface_Defect_NEU_DET-DATASET\SteelDefectX\train_by_class\Oil spot\os_53.jpg
os_55,Oil spot,train,1347,C:\Users\anmol\OneDrive\Desktop\Steel_Surface_Defect_NEU_DET-DATASET\SteelDefectX\train_by_class\Oil spot\os_55.jpg
os_57,Oil spot,train,1348,C:\Users\anmol\OneDrive\Desktop\Steel_Surface_Defect_NEU_DET-DATASET\SteelDefectX\train_by_class\Oil spot\os_57.jpg
os_59,Oil spot,train,1349,C:\Users\anmol\OneDrive\Desktop\Steel_Surface_Defect_NEU_DET-DATASET\SteelDefectX\train_by_class\Oil spot\os_59.jpg
os_62,Oil spot,train,1352,C:\Users\anmol\OneDrive\Desktop\Steel_Surface_Defect_NEU_DET-DATASET\SteelDefectX\train_by_class\Oil spot\os_62.jpg
os_63,Oil spot,train,1353,C:\Users\anmol\OneDrive\Desktop\Steel_Surface_Defect_NEU_DET-DATASET\SteelDefectX\train_by_class\Oil spot\os_63.jpg
os_64,Oil spot,train,1354,C:\Users\anmol\OneDrive\Desktop\Steel_Surface_Defect_NEU_DET-DATASET\SteelDefectX\train_by_class\Oil spot\os_64.jpg
os_68,Oil spot,train,1356,C:\Users\anmol\OneDrive\Desktop\Steel_Surface_Defect_NEU_DET-DATASET\SteelDefectX\train_by_class\Oil spot\os_68.jpg
os_72,Oil spot,train,1358,C:\Users\anmol\OneDrive\Desktop\Steel_Surface_Defect_NEU_DET-DATASET\SteelDefectX\train_by_class\Oil spot\os_72.jpg
os_75,Oil spot,train,1361,C:\Users\anmol\OneDrive\Desktop\Steel_Surface_Defect_NEU_DET-DATASET\SteelDefectX\train_by_class\Oil spot\os_75.jpg
os_76,Oil spot,train,1362,C:\Users\anmol\OneDrive\Desktop\Steel_Surface_Defect_NEU_DET-DATASET\SteelDefectX\train_by_class\Oil spot\os_76.jpg
os_79,Oil spot,train,1364,C:\Users\anmol\OneDrive\Desktop\Steel_Surface_Defect_NEU_DET-DATASET\SteelDefectX\train_by_class\Oil spot\os_79.jpg
os_80,Oil spot,train,1365,C:\Users\anmol\OneDrive\Desktop\Steel_Surface_Defect_NEU_DET-DATASET\SteelDefectX\train_by_class\Oil spot\os_80.jpg
os_81,Oil spot,train,1366,C:\Users\anmol\OneDrive\Desktop\Steel_Surface_Defect_NEU_DET-DATASET\SteelDefectX\train_by_class\Oil spot\os_81.jpg
os_82,Oil spot,train,1367,C:\Users\anmol\OneDrive\Desktop\Steel_Surface_Defect_NEU_DET-DATASET\SteelDefectX\train_by_class\Oil spot\os_82.jpg
os_85,Oil spot,train,1369,C:\Users\anmol\OneDrive\Desktop\Steel_Surface_Defect_NEU_DET-DATASET\SteelDefectX\train_by_class\Oil spot\os_85.jpg
os_88,Oil spot,train,1370,C:\Users\anmol\OneDrive\Desktop\Steel_Surface_Defect_NEU_DET-DATASET\SteelDefectX\train_by_class\Oil spot\os_88.jpg
os_93,Oil spot,train,1372,C:\Users\anmol\OneDrive\Desktop\Steel_Surface_Defect_NEU_DET-DATASET\SteelDefectX\train_by_class\Oil spot\os_93.jpg
os_95,Oil spot,train,1374,C:\Users\anmol\OneDrive\Desktop\Steel_Surface_Defect_NEU_DET-DATASET\SteelDefectX\train_by_class\Oil spot\os_95.jpg
os_96,Oil spot,train,1375,C:\Users\anmol\OneDrive\Desktop\Steel_Surface_Defect_NEU_DET-DATASET\SteelDefectX\train_by_class\Oil spot\os_96.jpg
os_97,Oil spot,train,1376,C:\Users\anmol\OneDrive\Desktop\Steel_Surface_Defect_NEU_DET-DATASET\SteelDefectX\train_by_class\Oil spot\os_97.jpg
os_98,Oil spot,train,1377,C:\Users\anmol\OneDrive\Desktop\Steel_Surface_Defect_NEU_DET-DATASET\SteelDefectX\train_by_class\Oil spot\os_98.jpg
os_02,Oil spot,val,1029,C:\Users\anmol\OneDrive\Desktop\Steel_Surface_Defect_NEU_DET-DATASET\SteelDefectX\train_by_class\Oil spot\os_02.jpg
os_106,Oil spot,val,1041,C:\Users\anmol\OneDrive\Desktop\Steel_Surface_Defect_NEU_DET-DATASET\SteelDefectX\train_by_class\Oil spot\os_106.jpg
os_128,Oil spot,val,1057,C:\Users\anmol\OneDrive\Desktop\Steel_Surface_Defect_NEU_DET-DATASET\SteelDefectX\train_by_class\Oil spot\os_128.jpg
os_129,Oil spot,val,1058,C:\Users\anmol\OneDrive\Desktop\Steel_Surface_Defect_NEU_DET-DATASET\SteelDefectX\train_by_class\Oil spot\os_129.jpg
os_17,Oil spot,val,1085,C:\Users\anmol\OneDrive\Desktop\Steel_Surface_Defect_NEU_DET-DATASET\SteelDefectX\train_by_class\Oil spot\os_17.jpg
os_175,Oil spot,val,1090,C:\Users\anmol\OneDrive\Desktop\Steel_Surface_Defect_NEU_DET-DATASET\SteelDefectX\train_by_class\Oil spot\os_175.jpg
os_182,Oil spot,val,1095,C:\Users\anmol\OneDrive\Desktop\Steel_Surface_Defect_NEU_DET-DATASET\SteelDefectX\train_by_class\Oil spot\os_182.jpg
os_187,Oil spot,val,1098,C:\Users\anmol\OneDrive\Desktop\Steel_Surface_Defect_NEU_DET-DATASET\SteelDefectX\train_by_class\Oil spot\os_187.jpg
os_209,Oil spot,val,1118,C:\Users\anmol\OneDrive\Desktop\Steel_Surface_Defect_NEU_DET-DATASET\SteelDefectX\train_by_class\Oil spot\os_209.jpg
os_22,Oil spot,val,1127,C:\Users\anmol\OneDrive\Desktop\Steel_Surface_Defect_NEU_DET-DATASET\SteelDefectX\train_by_class\Oil spot\os_22.jpg
os_24,Oil spot,val,1142,C:\Users\anmol\OneDrive\Desktop\Steel_Surface_Defect_NEU_DET-DATASET\SteelDefectX\train_by_class\Oil spot\os_24.jpg
os_249,Oil spot,val,1149,C:\Users\anmol\OneDrive\Desktop\Steel_Surface_Defect_NEU_DET-DATASET\SteelDefectX\train_by_class\Oil spot\os_249.jpg
os_256,Oil spot,val,1153,C:\Users\anmol\OneDrive\Desktop\Steel_Surface_Defect_NEU_DET-DATASET\SteelDefectX\train_by_class\Oil spot\os_256.jpg
os_27,Oil spot,val,1160,C:\Users\anmol\OneDrive\Desktop\Steel_Surface_Defect_NEU_DET-DATASET\SteelDefectX\train_by_class\Oil spot\os_27.jpg
os_279,Oil spot,val,1164,C:\Users\anmol\OneDrive\Desktop\Steel_Surface_Defect_NEU_DET-DATASET\SteelDefectX\train_by_class\Oil spot\os_279.jpg
os_286,Oil spot,val,1171,C:\Users\anmol\OneDrive\Desktop\Steel_Surface_Defect_NEU_DET-DATASET\SteelDefectX\train_by_class\Oil spot\os_286.jpg
os_292,Oil spot,val,1177,C:\Users\anmol\OneDrive\Desktop\Steel_Surface_Defect_NEU_DET-DATASET\SteelDefectX\train_by_class\Oil spot\os_292.jpg
os_320,Oil spot,val,1202,C:\Users\anmol\OneDrive\Desktop\Steel_Surface_Defect_NEU_DET-DATASET\SteelDefectX\train_by_class\Oil spot\os_320.jpg
os_363,Oil spot,val,1236,C:\Users\anmol\OneDrive\Desktop\Steel_Surface_Defect_NEU_DET-DATASET\SteelDefectX\train_by_class\Oil spot\os_363.jpg
os_386,Oil spot,val,1252,C:\Users\anmol\OneDrive\Desktop\Steel_Surface_Defect_NEU_DET-DATASET\SteelDefectX\train_by_class\Oil spot\os_386.jpg
os_39,Oil spot,val,1255,C:\Users\anmol\OneDrive\Desktop\Steel_Surface_Defect_NEU_DET-DATASET\SteelDefectX\train_by_class\Oil spot\os_39.jpg
os_391,Oil spot,val,1256,C:\Users\anmol\OneDrive\Desktop\Steel_Surface_Defect_NEU_DET-DATASET\SteelDefectX\train_by_class\Oil spot\os_391.jpg
os_392,Oil spot,val,1257,C:\Users\anmol\OneDrive\Desktop\Steel_Surface_Defect_NEU_DET-DATASET\SteelDefectX\train_by_class\Oil spot\os_392.jpg
os_396,Oil spot,val,1260,C:\Users\anmol\OneDrive\Desktop\Steel_Surface_Defect_NEU_DET-DATASET\SteelDefectX\train_by_class\Oil spot\os_396.jpg
os_415,Oil spot,val,1275,C:\Users\anmol\OneDrive\Desktop\Steel_Surface_Defect_NEU_DET-DATASET\SteelDefectX\train_by_class\Oil spot\os_415.jpg
os_427,Oil spot,val,1284,C:\Users\anmol\OneDrive\Desktop\Steel_Surface_Defect_NEU_DET-DATASET\SteelDefectX\train_by_class\Oil spot\os_427.jpg
os_43,Oil spot,val,1287,C:\Users\anmol\OneDrive\Desktop\Steel_Surface_Defect_NEU_DET-DATASET\SteelDefectX\train_by_class\Oil spot\os_43.jpg
os_451,Oil spot,val,1305,C:\Users\anmol\OneDrive\Desktop\Steel_Surface_Defect_NEU_DET-DATASET\SteelDefectX\train_by_class\Oil spot\os_451.jpg
os_458,Oil spot,val,1311,C:\Users\anmol\OneDrive\Desktop\Steel_Surface_Defect_NEU_DET-DATASET\SteelDefectX\train_by_class\Oil spot\os_458.jpg
os_467,Oil spot,val,1318,C:\Users\anmol\OneDrive\Desktop\Steel_Surface_Defect_NEU_DET-DATASET\SteelDefectX\train_by_class\Oil spot\os_467.jpg
os_473,Oil spot,val,1324,C:\Users\anmol\OneDrive\Desktop\Steel_Surface_Defect_NEU_DET-DATASET\SteelDefectX\train_by_class\Oil spot\os_473.jpg
os_475,Oil spot,val,1326,C:\Users\anmol\OneDrive\Desktop\Steel_Surface_Defect_NEU_DET-DATASET\SteelDefectX\train_by_class\Oil spot\os_475.jpg
os_486,Oil spot,val,1332,C:\Users\anmol\OneDrive\Desktop\Steel_Surface_Defect_NEU_DET-DATASET\SteelDefectX\train_by_class\Oil spot\os_486.jpg
os_78,Oil spot,val,1363,C:\Users\anmol\OneDrive\Desktop\Steel_Surface_Defect_NEU_DET-DATASET\SteelDefectX\train_by_class\Oil spot\os_78.jpg
os_84,Oil spot,val,1368,C:\Users\anmol\OneDrive\Desktop\Steel_Surface_Defect_NEU_DET-DATASET\SteelDefectX\train_by_class\Oil spot\os_84.jpg
Ops_14,Oxide scale of plate system,test,1388,C:\Users\anmol\OneDrive\Desktop\Steel_Surface_Defect_NEU_DET-DATASET\SteelDefectX\train_by_class\Oxide scale of plate system\Ops_14.jpg
Ops_15,Oxide scale of plate system,test,1389,C:\Users\anmol\OneDrive\Desktop\Steel_Surface_Defect_NEU_DET-DATASET\SteelDefectX\train_by_class\Oxide scale of plate system\Ops_15.jpg
Ops_18,Oxide scale of plate system,test,1391,C:\Users\anmol\OneDrive\Desktop\Steel_Surface_Defect_NEU_DET-DATASET\SteelDefectX\train_by_class\Oxide scale of plate system\Ops_18.jpg
Ops_20,Oxide scale of plate system,test,1393,C:\Users\anmol\OneDrive\Desktop\Steel_Surface_Defect_NEU_DET-DATASET\SteelDefectX\train_by_class\Oxide scale of plate system\Ops_20.jpg
Ops_21,Oxide scale of plate system,test,1394,C:\Users\anmol\OneDrive\Desktop\Steel_Surface_Defect_NEU_DET-DATASET\SteelDefectX\train_by_class\Oxide scale of plate system\Ops_21.jpg
Ops_34,Oxide scale of plate system,test,1403,C:\Users\anmol\OneDrive\Desktop\Steel_Surface_Defect_NEU_DET-DATASET\SteelDefectX\train_by_class\Oxide scale of plate system\Ops_34.jpg
Ops_42,Oxide scale of plate system,test,1409,C:\Users\anmol\OneDrive\Desktop\Steel_Surface_Defect_NEU_DET-DATASET\SteelDefectX\train_by_class\Oxide scale of plate system\Ops_42.jpg
Ops_52,Oxide scale of plate system,test,1416,C:\Users\anmol\OneDrive\Desktop\Steel_Surface_Defect_NEU_DET-DATASET\SteelDefectX\train_by_class\Oxide scale of plate system\Ops_52.jpg
Ops_57,Oxide scale of plate system,test,1419,C:\Users\anmol\OneDrive\Desktop\Steel_Surface_Defect_NEU_DET-DATASET\SteelDefectX\train_by_class\Oxide scale of plate system\Ops_57.jpg
Ops_01,Oxide scale of plate system,train,1378,C:\Users\anmol\OneDrive\Desktop\Steel_Surface_Defect_NEU_DET-DATASET\SteelDefectX\train_by_class\Oxide scale of plate system\Ops_01.jpg
Ops_02,Oxide scale of plate system,train,1379,C:\Users\anmol\OneDrive\Desktop\Steel_Surface_Defect_NEU_DET-DATASET\SteelDefectX\train_by_class\Oxide scale of plate system\Ops_02.jpg
Ops_03,Oxide scale of plate system,train,1380,C:\Users\anmol\OneDrive\Desktop\Steel_Surface_Defect_NEU_DET-DATASET\SteelDefectX\train_by_class\Oxide scale of plate system\Ops_03.jpg
Ops_04,Oxide scale of plate system,train,1381,C:\Users\anmol\OneDrive\Desktop\Steel_Surface_Defect_NEU_DET-DATASET\SteelDefectX\train_by_class\Oxide scale of plate system\Ops_04.jpg
Ops_05,Oxide scale of plate system,train,1382,C:\Users\anmol\OneDrive\Desktop\Steel_Surface_Defect_NEU_DET-DATASET\SteelDefectX\train_by_class\Oxide scale of plate system\Ops_05.jpg
Ops_06,Oxide scale of plate system,train,1383,C:\Users\anmol\OneDrive\Desktop\Steel_Surface_Defect_NEU_DET-DATASET\SteelDefectX\train_by_class\Oxide scale of plate system\Ops_06.jpg
Ops_08,Oxide scale of plate system,train,1385,C:\Users\anmol\OneDrive\Desktop\Steel_Surface_Defect_NEU_DET-DATASET\SteelDefectX\train_by_class\Oxide scale of plate system\Ops_08.jpg
Ops_12,Oxide scale of plate system,train,1387,C:\Users\anmol\OneDrive\Desktop\Steel_Surface_Defect_NEU_DET-DATASET\SteelDefectX\train_by_class\Oxide scale of plate system\Ops_12.jpg
Ops_16,Oxide scale of plate system,train,1390,C:\Users\anmol\OneDrive\Desktop\Steel_Surface_Defect_NEU_DET-DATASET\SteelDefectX\train_by_class\Oxide scale of plate system\Ops_16.jpg
Ops_19,Oxide scale of plate system,train,1392,C:\Users\anmol\OneDrive\Desktop\Steel_Surface_Defect_NEU_DET-DATASET\SteelDefectX\train_by_class\Oxide scale of plate system\Ops_19.jpg
Ops_22,Oxide scale of plate system,train,1395,C:\Users\anmol\OneDrive\Desktop\Steel_Surface_Defect_NEU_DET-DATASET\SteelDefectX\train_by_class\Oxide scale of plate system\Ops_22.jpg
Ops_25,Oxide scale of plate system,train,1396,C:\Users\anmol\OneDrive\Desktop\Steel_Surface_Defect_NEU_DET-DATASET\SteelDefectX\train_by_class\Oxide scale of plate system\Ops_25.jpg
Ops_26,Oxide scale of plate system,train,1397,C:\Users\anmol\OneDrive\Desktop\Steel_Surface_Defect_NEU_DET-DATASET\SteelDefectX\train_by_class\Oxide scale of plate system\Ops_26.jpg
Ops_27,Oxide scale of plate system,train,1398,C:\Users\anmol\OneDrive\Desktop\Steel_Surface_Defect_NEU_DET-DATASET\SteelDefectX\train_by_class\Oxide scale of plate system\Ops_27.jpg
Ops_28,Oxide scale of plate system,train,1399,C:\Users\anmol\OneDrive\Desktop\Steel_Surface_Defect_NEU_DET-DATASET\SteelDefectX\train_by_class\Oxide scale of plate system\Ops_28.jpg
Ops_29,Oxide scale of plate system,train,1400,C:\Users\anmol\OneDrive\Desktop\Steel_Surface_Defect_NEU_DET-DATASET\SteelDefectX\train_by_class\Oxide scale of plate system\Ops_29.jpg
Ops_30,Oxide scale of plate system,train,1401,C:\Users\anmol\OneDrive\Desktop\Steel_Surface_Defect_NEU_DET-DATASET\SteelDefectX\train_by_class\Oxide scale of plate system\Ops_30.jpg
Ops_35,Oxide scale of plate system,train,1404,C:\Users\anmol\OneDrive\Desktop\Steel_Surface_Defect_NEU_DET-DATASET\SteelDefectX\train_by_class\Oxide scale of plate system\Ops_35.jpg
Ops_36,Oxide scale of plate system,train,1405,C:\Users\anmol\OneDrive\Desktop\Steel_Surface_Defect_NEU_DET-DATASET\SteelDefectX\train_by_class\Oxide scale of plate system\Ops_36.jpg
Ops_37,Oxide scale of plate system,train,1406,C:\Users\anmol\OneDrive\Desktop\Steel_Surface_Defect_NEU_DET-DATASET\SteelDefectX\train_by_class\Oxide scale of plate system\Ops_37.jpg
Ops_38,Oxide scale of plate system,train,1407,C:\Users\anmol\OneDrive\Desktop\Steel_Surface_Defect_NEU_DET-DATASET\SteelDefectX\train_by_class\Oxide scale of plate system\Ops_38.jpg
Ops_41,Oxide scale of plate system,train,1408,C:\Users\anmol\OneDrive\Desktop\Steel_Surface_Defect_NEU_DET-DATASET\SteelDefectX\train_by_class\Oxide scale of plate system\Ops_41.jpg
Ops_44,Oxide scale of plate system,train,1410,C:\Users\anmol\OneDrive\Desktop\Steel_Surface_Defect_NEU_DET-DATASET\SteelDefectX\train_by_class\Oxide scale of plate system\Ops_44.jpg
Ops_46,Oxide scale of plate system,train,1412,C:\Users\anmol\OneDrive\Desktop\Steel_Surface_Defect_NEU_DET-DATASET\SteelDefectX\train_by_class\Oxide scale of plate system\Ops_46.jpg
Ops_47,Oxide scale of plate system,train,1413,C:\Users\anmol\OneDrive\Desktop\Steel_Surface_Defect_NEU_DET-DATASET\SteelDefectX\train_by_class\Oxide scale of plate system\Ops_47.jpg
Ops_48,Oxide scale of plate system,train,1414,C:\Users\anmol\OneDrive\Desktop\Steel_Surface_Defect_NEU_DET-DATASET\SteelDefectX\train_by_class\Oxide scale of plate system\Ops_48.jpg
Ops_54,Oxide scale of plate system,train,1417,C:\Users\anmol\OneDrive\Desktop\Steel_Surface_Defect_NEU_DET-DATASET\SteelDefectX\train_by_class\Oxide scale of plate system\Ops_54.jpg
Ops_56,Oxide scale of plate system,train,1418,C:\Users\anmol\OneDrive\Desktop\Steel_Surface_Defect_NEU_DET-DATASET\SteelDefectX\train_by_class\Oxide scale of plate system\Ops_56.jpg
Ops_59,Oxide scale of plate system,train,1420,C:\Users\anmol\OneDrive\Desktop\Steel_Surface_Defect_NEU_DET-DATASET\SteelDefectX\train_by_class\Oxide scale of plate system\Ops_59.jpg
Ops_60,Oxide scale of plate system,train,1421,C:\Users\anmol\OneDrive\Desktop\Steel_Surface_Defect_NEU_DET-DATASET\SteelDefectX\train_by_class\Oxide scale of plate system\Ops_60.jpg
Ops_61,Oxide scale of plate system,train,1422,C:\Users\anmol\OneDrive\Desktop\Steel_Surface_Defect_NEU_DET-DATASET\SteelDefectX\train_by_class\Oxide scale of plate system\Ops_61.jpg
Ops_07,Oxide scale of plate system,val,1384,C:\Users\anmol\OneDrive\Desktop\Steel_Surface_Defect_NEU_DET-DATASET\SteelDefectX\train_by_class\Oxide scale of plate system\Ops_07.jpg
Ops_10,Oxide scale of plate system,val,1386,C:\Users\anmol\OneDrive\Desktop\Steel_Surface_Defect_NEU_DET-DATASET\SteelDefectX\train_by_class\Oxide scale of plate system\Ops_10.jpg
Ops_31,Oxide scale of plate system,val,1402,C:\Users\anmol\OneDrive\Desktop\Steel_Surface_Defect_NEU_DET-DATASET\SteelDefectX\train_by_class\Oxide scale of plate system\Ops_31.jpg
Ops_45,Oxide scale of plate system,val,1411,C:\Users\anmol\OneDrive\Desktop\Steel_Surface_Defect_NEU_DET-DATASET\SteelDefectX\train_by_class\Oxide scale of plate system\Ops_45.jpg
Ops_51,Oxide scale of plate system,val,1415,C:\Users\anmol\OneDrive\Desktop\Steel_Surface_Defect_NEU_DET-DATASET\SteelDefectX\train_by_class\Oxide scale of plate system\Ops_51.jpg
Ots_04,Oxide scale of temperature system,test,1426,C:\Users\anmol\OneDrive\Desktop\Steel_Surface_Defect_NEU_DET-DATASET\SteelDefectX\train_by_class\Oxide scale of temperature system\Ots_04.jpg
Ots_07,Oxide scale of temperature system,test,1428,C:\Users\anmol\OneDrive\Desktop\Steel_Surface_Defect_NEU_DET-DATASET\SteelDefectX\train_by_class\Oxide scale of temperature system\Ots_07.jpg
Ots_101,Oxide scale of temperature system,test,1432,C:\Users\anmol\OneDrive\Desktop\Steel_Surface_Defect_NEU_DET-DATASET\SteelDefectX\train_by_class\Oxide scale of temperature system\Ots_101.jpg
Ots_117,Oxide scale of temperature system,test,1443,C:\Users\anmol\OneDrive\Desktop\Steel_Surface_Defect_NEU_DET-DATASET\SteelDefectX\train_by_class\Oxide scale of temperature system\Ots_117.jpg
Ots_118,Oxide scale of temperature system,test,1444,C:\Users\anmol\OneDrive\Desktop\Steel_Surface_Defect_NEU_DET-DATASET\SteelDefectX\train_by_class\Oxide scale of temperature system\Ots_118.jpg
Ots_121,Oxide scale of temperature system,test,1448,C:\Users\anmol\OneDrive\Desktop\Steel_Surface_Defect_NEU_DET-DATASET\SteelDefectX\train_by_class\Oxide scale of temperature system\Ots_121.jpg
Ots_126,Oxide scale of temperature system,test,1451,C:\Users\anmol\OneDrive\Desktop\Steel_Surface_Defect_NEU_DET-DATASET\SteelDefectX\train_by_class\Oxide scale of temperature system\Ots_126.jpg
Ots_129,Oxide scale of temperature system,test,1454,C:\Users\anmol\OneDrive\Desktop\Steel_Surface_Defect_NEU_DET-DATASET\SteelDefectX\train_by_class\Oxide scale of temperature system\Ots_129.jpg
Ots_138,Oxide scale of temperature system,test,1459,C:\Users\anmol\OneDrive\Desktop\Steel_Surface_Defect_NEU_DET-DATASET\SteelDefectX\train_by_class\Oxide scale of temperature system\Ots_138.jpg
Ots_142,Oxide scale of temperature system,test,1463,C:\Users\anmol\OneDrive\Desktop\Steel_Surface_Defect_NEU_DET-DATASET\SteelDefectX\train_by_class\Oxide scale of temperature system\Ots_142.jpg
Ots_149,Oxide scale of temperature system,test,1470,C:\Users\anmol\OneDrive\Desktop\Steel_Surface_Defect_NEU_DET-DATASET\SteelDefectX\train_by_class\Oxide scale of temperature system\Ots_149.jpg
Ots_176,Oxide scale of temperature system,test,1488,C:\Users\anmol\OneDrive\Desktop\Steel_Surface_Defect_NEU_DET-DATASET\SteelDefectX\train_by_class\Oxide scale of temperature system\Ots_176.jpg
Ots_178,Oxide scale of temperature system,test,1490,C:\Users\anmol\OneDrive\Desktop\Steel_Surface_Defect_NEU_DET-DATASET\SteelDefectX\train_by_class\Oxide scale of temperature system\Ots_178.jpg
Ots_179,Oxide scale of temperature system,test,1491,C:\Users\anmol\OneDrive\Desktop\Steel_Surface_Defect_NEU_DET-DATASET\SteelDefectX\train_by_class\Oxide scale of temperature system\Ots_179.jpg
Ots_18,Oxide scale of temperature system,test,1492,C:\Users\anmol\OneDrive\Desktop\Steel_Surface_Defect_NEU_DET-DATASET\SteelDefectX\train_by_class\Oxide scale of temperature system\Ots_18.jpg
Ots_184,Oxide scale of temperature system,test,1497,C:\Users\anmol\OneDrive\Desktop\Steel_Surface_Defect_NEU_DET-DATASET\SteelDefectX\train_by_class\Oxide scale of temperature system\Ots_184.jpg
Ots_19,Oxide scale of temperature system,test,1499,C:\Users\anmol\OneDrive\Desktop\Steel_Surface_Defect_NEU_DET-DATASET\SteelDefectX\train_by_class\Oxide scale of temperature system\Ots_19.jpg
Ots_192,Oxide scale of temperature system,test,1501,C:\Users\anmol\OneDrive\Desktop\Steel_Surface_Defect_NEU_DET-DATASET\SteelDefectX\train_by_class\Oxide scale of temperature system\Ots_192.jpg
Ots_202,Oxide scale of temperature system,test,1508,C:\Users\anmol\OneDrive\Desktop\Steel_Surface_Defect_NEU_DET-DATASET\SteelDefectX\train_by_class\Oxide scale of temperature system\Ots_202.jpg
Ots_26,Oxide scale of temperature system,test,1514,C:\Users\anmol\OneDrive\Desktop\Steel_Surface_Defect_NEU_DET-DATASET\SteelDefectX\train_by_class\Oxide scale of temperature system\Ots_26.jpg
Ots_31,Oxide scale of temperature system,test,1516,C:\Users\anmol\OneDrive\Desktop\Steel_Surface_Defect_NEU_DET-DATASET\SteelDefectX\train_by_class\Oxide scale of temperature system\Ots_31.jpg
Ots_32,Oxide scale of temperature system,test,1517,C:\Users\anmol\OneDrive\Desktop\Steel_Surface_Defect_NEU_DET-DATASET\SteelDefectX\train_by_class\Oxide scale of temperature system\Ots_32.jpg
Ots_49,Oxide scale of temperature system,test,1528,C:\Users\anmol\OneDrive\Desktop\Steel_Surface_Defect_NEU_DET-DATASET\SteelDefectX\train_by_class\Oxide scale of temperature system\Ots_49.jpg
Ots_51,Oxide scale of temperature system,test,1530,C:\Users\anmol\OneDrive\Desktop\Steel_Surface_Defect_NEU_DET-DATASET\SteelDefectX\train_by_class\Oxide scale of temperature system\Ots_51.jpg
Ots_68,Oxide scale of temperature system,test,1543,C:\Users\anmol\OneDrive\Desktop\Steel_Surface_Defect_NEU_DET-DATASET\SteelDefectX\train_by_class\Oxide scale of temperature system\Ots_68.jpg
Ots_73,Oxide scale of temperature system,test,1546,C:\Users\anmol\OneDrive\Desktop\Steel_Surface_Defect_NEU_DET-DATASET\SteelDefectX\train_by_class\Oxide scale of temperature system\Ots_73.jpg
Ots_79,Oxide scale of temperature system,test,1551,C:\Users\anmol\OneDrive\Desktop\Steel_Surface_Defect_NEU_DET-DATASET\SteelDefectX\train_by_class\Oxide scale of temperature system\Ots_79.jpg
Ots_84,Oxide scale of temperature system,test,1554,C:\Users\anmol\OneDrive\Desktop\Steel_Surface_Defect_NEU_DET-DATASET\SteelDefectX\train_by_class\Oxide scale of temperature system\Ots_84.jpg
Ots_85,Oxide scale of temperature system,test,1555,C:\Users\anmol\OneDrive\Desktop\Steel_Surface_Defect_NEU_DET-DATASET\SteelDefectX\train_by_class\Oxide scale of temperature system\Ots_85.jpg
Ots_02,Oxide scale of temperature system,train,1424,C:\Users\anmol\OneDrive\Desktop\Steel_Surface_Defect_NEU_DET-DATASET\SteelDefectX\train_by_class\Oxide scale of temperature system\Ots_02.jpg
Ots_03,Oxide scale of temperature system,train,1425,C:\Users\anmol\OneDrive\Desktop\Steel_Surface_Defect_NEU_DET-DATASET\SteelDefectX\train_by_class\Oxide scale of temperature system\Ots_03.jpg
Ots_05,Oxide scale of temperature system,train,1427,C:\Users\anmol\OneDrive\Desktop\Steel_Surface_Defect_NEU_DET-DATASET\SteelDefectX\train_by_class\Oxide scale of temperature system\Ots_05.jpg
Ots_08,Oxide scale of temperature system,train,1429,C:\Users\anmol\OneDrive\Desktop\Steel_Surface_Defect_NEU_DET-DATASET\SteelDefectX\train_by_class\Oxide scale of temperature system\Ots_08.jpg
Ots_09,Oxide scale of temperature system,train,1430,C:\Users\anmol\OneDrive\Desktop\Steel_Surface_Defect_NEU_DET-DATASET\SteelDefectX\train_by_class\Oxide scale of temperature system\Ots_09.jpg
Ots_100,Oxide scale of temperature system,train,1431,C:\Users\anmol\OneDrive\Desktop\Steel_Surface_Defect_NEU_DET-DATASET\SteelDefectX\train_by_class\Oxide scale of temperature system\Ots_100.jpg
Ots_102,Oxide scale of temperature system,train,1433,C:\Users\anmol\OneDrive\Desktop\Steel_Surface_Defect_NEU_DET-DATASET\SteelDefectX\train_by_class\Oxide scale of temperature system\Ots_102.jpg
Ots_104,Oxide scale of temperature system,train,1434,C:\Users\anmol\OneDrive\Desktop\Steel_Surface_Defect_NEU_DET-DATASET\SteelDefectX\train_by_class\Oxide scale of temperature system\Ots_104.jpg
Ots_108,Oxide scale of temperature system,train,1436,C:\Users\anmol\OneDrive\Desktop\Steel_Surface_Defect_NEU_DET-DATASET\SteelDefectX\train_by_class\Oxide scale of temperature system\Ots_108.jpg
Ots_11,Oxide scale of temperature system,train,1437,C:\Users\anmol\OneDrive\Desktop\Steel_Surface_Defect_NEU_DET-DATASET\SteelDefectX\train_by_class\Oxide scale of temperature system\Ots_11.jpg
Ots_112,Oxide scale of temperature system,train,1438,C:\Users\anmol\OneDrive\Desktop\Steel_Surface_Defect_NEU_DET-DATASET\SteelDefectX\train_by_class\Oxide scale of temperature system\Ots_112.jpg
Ots_113,Oxide scale of temperature system,train,1439,C:\Users\anmol\OneDrive\Desktop\Steel_Surface_Defect_NEU_DET-DATASET\SteelDefectX\train_by_class\Oxide scale of temperature system\Ots_113.jpg
Ots_114,Oxide scale of temperature system,train,1440,C:\Users\anmol\OneDrive\Desktop\Steel_Surface_Defect_NEU_DET-DATASET\SteelDefectX\train_by_class\Oxide scale of temperature system\Ots_114.jpg
Ots_115,Oxide scale of temperature system,train,1441,C:\Users\anmol\OneDrive\Desktop\Steel_Surface_Defect_NEU_DET-DATASET\SteelDefectX\train_by_class\Oxide scale of temperature system\Ots_115.jpg
Ots_116,Oxide scale of temperature system,train,1442,C:\Users\anmol\OneDrive\Desktop\Steel_Surface_Defect_NEU_DET-DATASET\SteelDefectX\train_by_class\Oxide scale of temperature system\Ots_116.jpg
Ots_119,Oxide scale of temperature system,train,1445,C:\Users\anmol\OneDrive\Desktop\Steel_Surface_Defect_NEU_DET-DATASET\SteelDefectX\train_by_class\Oxide scale of temperature system\Ots_119.jpg
Ots_12,Oxide scale of temperature system,train,1446,C:\Users\anmol\OneDrive\Desktop\Steel_Surface_Defect_NEU_DET-DATASET\SteelDefectX\train_by_class\Oxide scale of temperature system\Ots_12.jpg
Ots_120,Oxide scale of temperature system,train,1447,C:\Users\anmol\OneDrive\Desktop\Steel_Surface_Defect_NEU_DET-DATASET\SteelDefectX\train_by_class\Oxide scale of temperature system\Ots_120.jpg
Ots_122,Oxide scale of temperature system,train,1449,C:\Users\anmol\OneDrive\Desktop\Steel_Surface_Defect_NEU_DET-DATASET\SteelDefectX\train_by_class\Oxide scale of temperature system\Ots_122.jpg
Ots_124,Oxide scale of temperature system,train,1450,C:\Users\anmol\OneDrive\Desktop\Steel_Surface_Defect_NEU_DET-DATASET\SteelDefectX\train_by_class\Oxide scale of temperature system\Ots_124.jpg
Ots_127,Oxide scale of temperature system,train,1452,C:\Users\anmol\OneDrive\Desktop\Steel_Surface_Defect_NEU_DET-DATASET\SteelDefectX\train_by_class\Oxide scale of temperature system\Ots_127.jpg
Ots_128,Oxide scale of temperature system,train,1453,C:\Users\anmol\OneDrive\Desktop\Steel_Surface_Defect_NEU_DET-DATASET\SteelDefectX\train_by_class\Oxide scale of temperature system\Ots_128.jpg
Ots_13,Oxide scale of temperature system,train,1455,C:\Users\anmol\OneDrive\Desktop\Steel_Surface_Defect_NEU_DET-DATASET\SteelDefectX\train_by_class\Oxide scale of temperature system\Ots_13.jpg
Ots_133,Oxide scale of temperature system,train,1457,C:\Users\anmol\OneDrive\Desktop\Steel_Surface_Defect_NEU_DET-DATASET\SteelDefectX\train_by_class\Oxide scale of temperature system\Ots_133.jpg
Ots_135,Oxide scale of temperature system,train,1458,C:\Users\anmol\OneDrive\Desktop\Steel_Surface_Defect_NEU_DET-DATASET\SteelDefectX\train_by_class\Oxide scale of temperature system\Ots_135.jpg
Ots_14,Oxide scale of temperature system,train,1460,C:\Users\anmol\OneDrive\Desktop\Steel_Surface_Defect_NEU_DET-DATASET\SteelDefectX\train_by_class\Oxide scale of temperature system\Ots_14.jpg
Ots_140,Oxide scale of temperature system,train,1461,C:\Users\anmol\OneDrive\Desktop\Steel_Surface_Defect_NEU_DET-DATASET\SteelDefectX\train_by_class\Oxide scale of temperature system\Ots_140.jpg
Ots_141,Oxide scale of temperature system,train,1462,C:\Users\anmol\OneDrive\Desktop\Steel_Surface_Defect_NEU_DET-DATASET\SteelDefectX\train_by_class\Oxide scale of temperature system\Ots_141.jpg
Ots_144,Oxide scale of temperature system,train,1465,C:\Users\anmol\OneDrive\Desktop\Steel_Surface_Defect_NEU_DET-DATASET\SteelDefectX\train_by_class\Oxide scale of temperature system\Ots_144.jpg
Ots_145,Oxide scale of temperature system,train,1466,C:\Users\anmol\OneDrive\Desktop\Steel_Surface_Defect_NEU_DET-DATASET\SteelDefectX\train_by_class\Oxide scale of temperature system\Ots_145.jpg
Ots_146,Oxide scale of temperature system,train,1467,C:\Users\anmol\OneDrive\Desktop\Steel_Surface_Defect_NEU_DET-DATASET\SteelDefectX\train_by_class\Oxide scale of temperature system\Ots_146.jpg
Ots_147,Oxide scale of temperature system,train,1468,C:\Users\anmol\OneDrive\Desktop\Steel_Surface_Defect_NEU_DET-DATASET\SteelDefectX\train_by_class\Oxide scale of temperature system\Ots_147.jpg
Ots_148,Oxide scale of temperature system,train,1469,C:\Users\anmol\OneDrive\Desktop\Steel_Surface_Defect_NEU_DET-DATASET\SteelDefectX\train_by_class\Oxide scale of temperature system\Ots_148.jpg
Ots_15,Oxide scale of temperature system,train,1471,C:\Users\anmol\OneDrive\Desktop\Steel_Surface_Defect_NEU_DET-DATASET\SteelDefectX\train_by_class\Oxide scale of temperature system\Ots_15.jpg
Ots_150,Oxide scale of temperature system,train,1472,C:\Users\anmol\OneDrive\Desktop\Steel_Surface_Defect_NEU_DET-DATASET\SteelDefectX\train_by_class\Oxide scale of temperature system\Ots_150.jpg
Ots_152,Oxide scale of temperature system,train,1473,C:\Users\anmol\OneDrive\Desktop\Steel_Surface_Defect_NEU_DET-DATASET\SteelDefectX\train_by_class\Oxide scale of temperature system\Ots_152.jpg
Ots_153,Oxide scale of temperature system,train,1474,C:\Users\anmol\OneDrive\Desktop\Steel_Surface_Defect_NEU_DET-DATASET\SteelDefectX\train_by_class\Oxide scale of temperature system\Ots_153.jpg
Ots_154,Oxide scale of temperature system,train,1475,C:\Users\anmol\OneDrive\Desktop\Steel_Surface_Defect_NEU_DET-DATASET\SteelDefectX\train_by_class\Oxide scale of temperature system\Ots_154.jpg
Ots_156,Oxide scale of temperature system,train,1477,C:\Users\anmol\OneDrive\Desktop\Steel_Surface_Defect_NEU_DET-DATASET\SteelDefectX\train_by_class\Oxide scale of temperature system\Ots_156.jpg
Ots_157,Oxide scale of temperature system,train,1478,C:\Users\anmol\OneDrive\Desktop\Steel_Surface_Defect_NEU_DET-DATASET\SteelDefectX\train_by_class\Oxide scale of temperature system\Ots_157.jpg
Ots_158,Oxide scale of temperature system,train,1479,C:\Users\anmol\OneDrive\Desktop\Steel_Surface_Defect_NEU_DET-DATASET\SteelDefectX\train_by_class\Oxide scale of temperature system\Ots_158.jpg
Ots_161,Oxide scale of temperature system,train,1481,C:\Users\anmol\OneDrive\Desktop\Steel_Surface_Defect_NEU_DET-DATASET\SteelDefectX\train_by_class\Oxide scale of temperature system\Ots_161.jpg
Ots_162,Oxide scale of temperature system,train,1482,C:\Users\anmol\OneDrive\Desktop\Steel_Surface_Defect_NEU_DET-DATASET\SteelDefectX\train_by_class\Oxide scale of temperature system\Ots_162.jpg
Ots_163,Oxide scale of temperature system,train,1483,C:\Users\anmol\OneDrive\Desktop\Steel_Surface_Defect_NEU_DET-DATASET\SteelDefectX\train_by_class\Oxide scale of temperature system\Ots_163.jpg
Ots_165,Oxide scale of temperature system,train,1484,C:\Users\anmol\OneDrive\Desktop\Steel_Surface_Defect_NEU_DET-DATASET\SteelDefectX\train_by_class\Oxide scale of temperature system\Ots_165.jpg
Ots_166,Oxide scale of temperature system,train,1485,C:\Users\anmol\OneDrive\Desktop\Steel_Surface_Defect_NEU_DET-DATASET\SteelDefectX\train_by_class\Oxide scale of temperature system\Ots_166.jpg
Ots_17,Oxide scale of temperature system,train,1486,C:\Users\anmol\OneDrive\Desktop\Steel_Surface_Defect_NEU_DET-DATASET\SteelDefectX\train_by_class\Oxide scale of temperature system\Ots_17.jpg
Ots_177,Oxide scale of temperature system,train,1489,C:\Users\anmol\OneDrive\Desktop\Steel_Surface_Defect_NEU_DET-DATASET\SteelDefectX\train_by_class\Oxide scale of temperature system\Ots_177.jpg
Ots_180,Oxide scale of temperature system,train,1493,C:\Users\anmol\OneDrive\Desktop\Steel_Surface_Defect_NEU_DET-DATASET\SteelDefectX\train_by_class\Oxide scale of temperature system\Ots_180.jpg
Ots_181,Oxide scale of temperature system,train,1494,C:\Users\anmol\OneDrive\Desktop\Steel_Surface_Defect_NEU_DET-DATASET\SteelDefectX\train_by_class\Oxide scale of temperature system\Ots_181.jpg
Ots_182,Oxide scale of temperature system,train,1495,C:\Users\anmol\OneDrive\Desktop\Steel_Surface_Defect_NEU_DET-DATASET\SteelDefectX\train_by_class\Oxide scale of temperature system\Ots_182.jpg
Ots_183,Oxide scale of temperature system,train,1496,C:\Users\anmol\OneDrive\Desktop\Steel_Surface_Defect_NEU_DET-DATASET\SteelDefectX\train_by_class\Oxide scale of temperature system\Ots_183.jpg
Ots_185,Oxide scale of temperature system,train,1498,C:\Users\anmol\OneDrive\Desktop\Steel_Surface_Defect_NEU_DET-DATASET\SteelDefectX\train_by_class\Oxide scale of temperature system\Ots_185.jpg
Ots_194,Oxide scale of temperature system,train,1502,C:\Users\anmol\OneDrive\Desktop\Steel_Surface_Defect_NEU_DET-DATASET\SteelDefectX\train_by_class\Oxide scale of temperature system\Ots_194.jpg
Ots_196,Oxide scale of temperature system,train,1503,C:\Users\anmol\OneDrive\Desktop\Steel_Surface_Defect_NEU_DET-DATASET\SteelDefectX\train_by_class\Oxide scale of temperature system\Ots_196.jpg
Ots_197,Oxide scale of temperature system,train,1504,C:\Users\anmol\OneDrive\Desktop\Steel_Surface_Defect_NEU_DET-DATASET\SteelDefectX\train_by_class\Oxide scale of temperature system\Ots_197.jpg
Ots_198,Oxide scale of temperature system,train,1505,C:\Users\anmol\OneDrive\Desktop\Steel_Surface_Defect_NEU_DET-DATASET\SteelDefectX\train_by_class\Oxide scale of temperature system\Ots_198.jpg
Ots_20,Oxide scale of temperature system,train,1506,C:\Users\anmol\OneDrive\Desktop\Steel_Surface_Defect_NEU_DET-DATASET\SteelDefectX\train_by_class\Oxide scale of temperature system\Ots_20.jpg
Ots_201,Oxide scale of temperature system,train,1507,C:\Users\anmol\OneDrive\Desktop\Steel_Surface_Defect_NEU_DET-DATASET\SteelDefectX\train_by_class\Oxide scale of temperature system\Ots_201.jpg
Ots_203,Oxide scale of temperature system,train,1509,C:\Users\anmol\OneDrive\Desktop\Steel_Surface_Defect_NEU_DET-DATASET\SteelDefectX\train_by_class\Oxide scale of temperature system\Ots_203.jpg
Ots_21,Oxide scale of temperature system,train,1510,C:\Users\anmol\OneDrive\Desktop\Steel_Surface_Defect_NEU_DET-DATASET\SteelDefectX\train_by_class\Oxide scale of temperature system\Ots_21.jpg
Ots_22,Oxide scale of temperature system,train,1511,C:\Users\anmol\OneDrive\Desktop\Steel_Surface_Defect_NEU_DET-DATASET\SteelDefectX\train_by_class\Oxide scale of temperature system\Ots_22.jpg
Ots_24,Oxide scale of temperature system,train,1512,C:\Users\anmol\OneDrive\Desktop\Steel_Surface_Defect_NEU_DET-DATASET\SteelDefectX\train_by_class\Oxide scale of temperature system\Ots_24.jpg
Ots_25,Oxide scale of temperature system,train,1513,C:\Users\anmol\OneDrive\Desktop\Steel_Surface_Defect_NEU_DET-DATASET\SteelDefectX\train_by_class\Oxide scale of temperature system\Ots_25.jpg
Ots_30,Oxide scale of temperature system,train,1515,C:\Users\anmol\OneDrive\Desktop\Steel_Surface_Defect_NEU_DET-DATASET\SteelDefectX\train_by_class\Oxide scale of temperature system\Ots_30.jpg
Ots_34,Oxide scale of temperature system,train,1518,C:\Users\anmol\OneDrive\Desktop\Steel_Surface_Defect_NEU_DET-DATASET\SteelDefectX\train_by_class\Oxide scale of temperature system\Ots_34.jpg
Ots_35,Oxide scale of temperature system,train,1519,C:\Users\anmol\OneDrive\Desktop\Steel_Surface_Defect_NEU_DET-DATASET\SteelDefectX\train_by_class\Oxide scale of temperature system\Ots_35.jpg
Ots_37,Oxide scale of temperature system,train,1520,C:\Users\anmol\OneDrive\Desktop\Steel_Surface_Defect_NEU_DET-DATASET\SteelDefectX\train_by_class\Oxide scale of temperature system\Ots_37.jpg
Ots_39,Oxide scale of temperature system,train,1521,C:\Users\anmol\OneDrive\Desktop\Steel_Surface_Defect_NEU_DET-DATASET\SteelDefectX\train_by_class\Oxide scale of temperature system\Ots_39.jpg
Ots_40,Oxide scale of temperature system,train,1522,C:\Users\anmol\OneDrive\Desktop\Steel_Surface_Defect_NEU_DET-DATASET\SteelDefectX\train_by_class\Oxide scale of temperature system\Ots_40.jpg
Ots_43,Oxide scale of temperature system,train,1523,C:\Users\anmol\OneDrive\Desktop\Steel_Surface_Defect_NEU_DET-DATASET\SteelDefectX\train_by_class\Oxide scale of temperature system\Ots_43.jpg
Ots_44,Oxide scale of temperature system,train,1524,C:\Users\anmol\OneDrive\Desktop\Steel_Surface_Defect_NEU_DET-DATASET\SteelDefectX\train_by_class\Oxide scale of temperature system\Ots_44.jpg
Ots_46,Oxide scale of temperature system,train,1525,C:\Users\anmol\OneDrive\Desktop\Steel_Surface_Defect_NEU_DET-DATASET\SteelDefectX\train_by_class\Oxide scale of temperature system\Ots_46.jpg
Ots_48,Oxide scale of temperature system,train,1527,C:\Users\anmol\OneDrive\Desktop\Steel_Surface_Defect_NEU_DET-DATASET\SteelDefectX\train_by_class\Oxide scale of temperature system\Ots_48.jpg
Ots_50,Oxide scale of temperature system,train,1529,C:\Users\anmol\OneDrive\Desktop\Steel_Surface_Defect_NEU_DET-DATASET\SteelDefectX\train_by_class\Oxide scale of temperature system\Ots_50.jpg
Ots_53,Oxide scale of temperature system,train,1532,C:\Users\anmol\OneDrive\Desktop\Steel_Surface_Defect_NEU_DET-DATASET\SteelDefectX\train_by_class\Oxide scale of temperature system\Ots_53.jpg
Ots_54,Oxide scale of temperature system,train,1533,C:\Users\anmol\OneDrive\Desktop\Steel_Surface_Defect_NEU_DET-DATASET\SteelDefectX\train_by_class\Oxide scale of temperature system\Ots_54.jpg
Ots_55,Oxide scale of temperature system,train,1534,C:\Users\anmol\OneDrive\Desktop\Steel_Surface_Defect_NEU_DET-DATASET\SteelDefectX\train_by_class\Oxide scale of temperature system\Ots_55.jpg
Ots_56,Oxide scale of temperature system,train,1535,C:\Users\anmol\OneDrive\Desktop\Steel_Surface_Defect_NEU_DET-DATASET\SteelDefectX\train_by_class\Oxide scale of temperature system\Ots_56.jpg
Ots_61,Oxide scale of temperature system,train,1538,C:\Users\anmol\OneDrive\Desktop\Steel_Surface_Defect_NEU_DET-DATASET\SteelDefectX\train_by_class\Oxide scale of temperature system\Ots_61.jpg
Ots_63,Oxide scale of temperature system,train,1540,C:\Users\anmol\OneDrive\Desktop\Steel_Surface_Defect_NEU_DET-DATASET\SteelDefectX\train_by_class\Oxide scale of temperature system\Ots_63.jpg
Ots_65,Oxide scale of temperature system,train,1541,C:\Users\anmol\OneDrive\Desktop\Steel_Surface_Defect_NEU_DET-DATASET\SteelDefectX\train_by_class\Oxide scale of temperature system\Ots_65.jpg
Ots_66,Oxide scale of temperature system,train,1542,C:\Users\anmol\OneDrive\Desktop\Steel_Surface_Defect_NEU_DET-DATASET\SteelDefectX\train_by_class\Oxide scale of temperature system\Ots_66.jpg
Ots_70,Oxide scale of temperature system,train,1544,C:\Users\anmol\OneDrive\Desktop\Steel_Surface_Defect_NEU_DET-DATASET\SteelDefectX\train_by_class\Oxide scale of temperature system\Ots_70.jpg
Ots_72,Oxide scale of temperature system,train,1545,C:\Users\anmol\OneDrive\Desktop\Steel_Surface_Defect_NEU_DET-DATASET\SteelDefectX\train_by_class\Oxide scale of temperature system\Ots_72.jpg
Ots_75,Oxide scale of temperature system,train,1548,C:\Users\anmol\OneDrive\Desktop\Steel_Surface_Defect_NEU_DET-DATASET\SteelDefectX\train_by_class\Oxide scale of temperature system\Ots_75.jpg
Ots_77,Oxide scale of temperature system,train,1549,C:\Users\anmol\OneDrive\Desktop\Steel_Surface_Defect_NEU_DET-DATASET\SteelDefectX\train_by_class\Oxide scale of temperature system\Ots_77.jpg
Ots_78,Oxide scale of temperature system,train,1550,C:\Users\anmol\OneDrive\Desktop\Steel_Surface_Defect_NEU_DET-DATASET\SteelDefectX\train_by_class\Oxide scale of temperature system\Ots_78.jpg
Ots_80,Oxide scale of temperature system,train,1552,C:\Users\anmol\OneDrive\Desktop\Steel_Surface_Defect_NEU_DET-DATASET\SteelDefectX\train_by_class\Oxide scale of temperature system\Ots_80.jpg
Ots_82,Oxide scale of temperature system,train,1553,C:\Users\anmol\OneDrive\Desktop\Steel_Surface_Defect_NEU_DET-DATASET\SteelDefectX\train_by_class\Oxide scale of temperature system\Ots_82.jpg
Ots_86,Oxide scale of temperature system,train,1556,C:\Users\anmol\OneDrive\Desktop\Steel_Surface_Defect_NEU_DET-DATASET\SteelDefectX\train_by_class\Oxide scale of temperature system\Ots_86.jpg
Ots_89,Oxide scale of temperature system,train,1557,C:\Users\anmol\OneDrive\Desktop\Steel_Surface_Defect_NEU_DET-DATASET\SteelDefectX\train_by_class\Oxide scale of temperature system\Ots_89.jpg
Ots_90,Oxide scale of temperature system,train,1558,C:\Users\anmol\OneDrive\Desktop\Steel_Surface_Defect_NEU_DET-DATASET\SteelDefectX\train_by_class\Oxide scale of temperature system\Ots_90.jpg
Ots_92,Oxide scale of temperature system,train,1559,C:\Users\anmol\OneDrive\Desktop\Steel_Surface_Defect_NEU_DET-DATASET\SteelDefectX\train_by_class\Oxide scale of temperature system\Ots_92.jpg
Ots_94,Oxide scale of temperature system,train,1560,C:\Users\anmol\OneDrive\Desktop\Steel_Surface_Defect_NEU_DET-DATASET\SteelDefectX\train_by_class\Oxide scale of temperature system\Ots_94.jpg
Ots_95,Oxide scale of temperature system,train,1561,C:\Users\anmol\OneDrive\Desktop\Steel_Surface_Defect_NEU_DET-DATASET\SteelDefectX\train_by_class\Oxide scale of temperature system\Ots_95.jpg
Ots_96,Oxide scale of temperature system,train,1562,C:\Users\anmol\OneDrive\Desktop\Steel_Surface_Defect_NEU_DET-DATASET\SteelDefectX\train_by_class\Oxide scale of temperature system\Ots_96.jpg
Ots_97,Oxide scale of temperature system,train,1563,C:\Users\anmol\OneDrive\Desktop\Steel_Surface_Defect_NEU_DET-DATASET\SteelDefectX\train_by_class\Oxide scale of temperature system\Ots_97.jpg
Ots_98,Oxide scale of temperature system,train,1564,C:\Users\anmol\OneDrive\Desktop\Steel_Surface_Defect_NEU_DET-DATASET\SteelDefectX\train_by_class\Oxide scale of temperature system\Ots_98.jpg
Ots_99,Oxide scale of temperature system,train,1565,C:\Users\anmol\OneDrive\Desktop\Steel_Surface_Defect_NEU_DET-DATASET\SteelDefectX\train_by_class\Oxide scale of temperature system\Ots_99.jpg
Ots_01,Oxide scale of temperature system,val,1423,C:\Users\anmol\OneDrive\Desktop\Steel_Surface_Defect_NEU_DET-DATASET\SteelDefectX\train_by_class\Oxide scale of temperature system\Ots_01.jpg
Ots_105,Oxide scale of temperature system,val,1435,C:\Users\anmol\OneDrive\Desktop\Steel_Surface_Defect_NEU_DET-DATASET\SteelDefectX\train_by_class\Oxide scale of temperature system\Ots_105.jpg
Ots_130,Oxide scale of temperature system,val,1456,C:\Users\anmol\OneDrive\Desktop\Steel_Surface_Defect_NEU_DET-DATASET\SteelDefectX\train_by_class\Oxide scale of temperature system\Ots_130.jpg
Ots_143,Oxide scale of temperature system,val,1464,C:\Users\anmol\OneDrive\Desktop\Steel_Surface_Defect_NEU_DET-DATASET\SteelDefectX\train_by_class\Oxide scale of temperature system\Ots_143.jpg
Ots_155,Oxide scale of temperature system,val,1476,C:\Users\anmol\OneDrive\Desktop\Steel_Surface_Defect_NEU_DET-DATASET\SteelDefectX\train_by_class\Oxide scale of temperature system\Ots_155.jpg
Ots_16,Oxide scale of temperature system,val,1480,C:\Users\anmol\OneDrive\Desktop\Steel_Surface_Defect_NEU_DET-DATASET\SteelDefectX\train_by_class\Oxide scale of temperature system\Ots_16.jpg
Ots_171,Oxide scale of temperature system,val,1487,C:\Users\anmol\OneDrive\Desktop\Steel_Surface_Defect_NEU_DET-DATASET\SteelDefectX\train_by_class\Oxide scale of temperature system\Ots_171.jpg
Ots_190,Oxide scale of temperature system,val,1500,C:\Users\anmol\OneDrive\Desktop\Steel_Surface_Defect_NEU_DET-DATASET\SteelDefectX\train_by_class\Oxide scale of temperature system\Ots_190.jpg
Ots_47,Oxide scale of temperature system,val,1526,C:\Users\anmol\OneDrive\Desktop\Steel_Surface_Defect_NEU_DET-DATASET\SteelDefectX\train_by_class\Oxide scale of temperature system\Ots_47.jpg
Ots_52,Oxide scale of temperature system,val,1531,C:\Users\anmol\OneDrive\Desktop\Steel_Surface_Defect_NEU_DET-DATASET\SteelDefectX\train_by_class\Oxide scale of temperature system\Ots_52.jpg
Ots_58,Oxide scale of temperature system,val,1536,C:\Users\anmol\OneDrive\Desktop\Steel_Surface_Defect_NEU_DET-DATASET\SteelDefectX\train_by_class\Oxide scale of temperature system\Ots_58.jpg
Ots_60,Oxide scale of temperature system,val,1537,C:\Users\anmol\OneDrive\Desktop\Steel_Surface_Defect_NEU_DET-DATASET\SteelDefectX\train_by_class\Oxide scale of temperature system\Ots_60.jpg
Ots_62,Oxide scale of temperature system,val,1539,C:\Users\anmol\OneDrive\Desktop\Steel_Surface_Defect_NEU_DET-DATASET\SteelDefectX\train_by_class\Oxide scale of temperature system\Ots_62.jpg
Ots_74,Oxide scale of temperature system,val,1547,C:\Users\anmol\OneDrive\Desktop\Steel_Surface_Defect_NEU_DET-DATASET\SteelDefectX\train_by_class\Oxide scale of temperature system\Ots_74.jpg
pu_01,Punching,test,1566,C:\Users\anmol\OneDrive\Desktop\Steel_Surface_Defect_NEU_DET-DATASET\SteelDefectX\train_by_class\Punching\pu_01.jpg
pu_03,Punching,test,1568,C:\Users\anmol\OneDrive\Desktop\Steel_Surface_Defect_NEU_DET-DATASET\SteelDefectX\train_by_class\Punching\pu_03.jpg
pu_04,Punching,test,1569,C:\Users\anmol\OneDrive\Desktop\Steel_Surface_Defect_NEU_DET-DATASET\SteelDefectX\train_by_class\Punching\pu_04.jpg
pu_109,Punching,test,1581,C:\Users\anmol\OneDrive\Desktop\Steel_Surface_Defect_NEU_DET-DATASET\SteelDefectX\train_by_class\Punching\pu_109.jpg
pu_110,Punching,test,1583,C:\Users\anmol\OneDrive\Desktop\Steel_Surface_Defect_NEU_DET-DATASET\SteelDefectX\train_by_class\Punching\pu_110.jpg
pu_118,Punching,test,1588,C:\Users\anmol\OneDrive\Desktop\Steel_Surface_Defect_NEU_DET-DATASET\SteelDefectX\train_by_class\Punching\pu_118.jpg
pu_123,Punching,test,1591,C:\Users\anmol\OneDrive\Desktop\Steel_Surface_Defect_NEU_DET-DATASET\SteelDefectX\train_by_class\Punching\pu_123.jpg
pu_125,Punching,test,1593,C:\Users\anmol\OneDrive\Desktop\Steel_Surface_Defect_NEU_DET-DATASET\SteelDefectX\train_by_class\Punching\pu_125.jpg
pu_141,Punching,test,1603,C:\Users\anmol\OneDrive\Desktop\Steel_Surface_Defect_NEU_DET-DATASET\SteelDefectX\train_by_class\Punching\pu_141.jpg
pu_143,Punching,test,1605,C:\Users\anmol\OneDrive\Desktop\Steel_Surface_Defect_NEU_DET-DATASET\SteelDefectX\train_by_class\Punching\pu_143.jpg
pu_165,Punching,test,1617,C:\Users\anmol\OneDrive\Desktop\Steel_Surface_Defect_NEU_DET-DATASET\SteelDefectX\train_by_class\Punching\pu_165.jpg
pu_173,Punching,test,1625,C:\Users\anmol\OneDrive\Desktop\Steel_Surface_Defect_NEU_DET-DATASET\SteelDefectX\train_by_class\Punching\pu_173.jpg
pu_174,Punching,test,1626,C:\Users\anmol\OneDrive\Desktop\Steel_Surface_Defect_NEU_DET-DATASET\SteelDefectX\train_by_class\Punching\pu_174.jpg
pu_186,Punching,test,1637,C:\Users\anmol\OneDrive\Desktop\Steel_Surface_Defect_NEU_DET-DATASET\SteelDefectX\train_by_class\Punching\pu_186.jpg
pu_194,Punching,test,1645,C:\Users\anmol\OneDrive\Desktop\Steel_Surface_Defect_NEU_DET-DATASET\SteelDefectX\train_by_class\Punching\pu_194.jpg
pu_196,Punching,test,1646,C:\Users\anmol\OneDrive\Desktop\Steel_Surface_Defect_NEU_DET-DATASET\SteelDefectX\train_by_class\Punching\pu_196.jpg
pu_209,Punching,test,1653,C:\Users\anmol\OneDrive\Desktop\Steel_Surface_Defect_NEU_DET-DATASET\SteelDefectX\train_by_class\Punching\pu_209.jpg
pu_212,Punching,test,1657,C:\Users\anmol\OneDrive\Desktop\Steel_Surface_Defect_NEU_DET-DATASET\SteelDefectX\train_by_class\Punching\pu_212.jpg
pu_224,Punching,test,1669,C:\Users\anmol\OneDrive\Desktop\Steel_Surface_Defect_NEU_DET-DATASET\SteelDefectX\train_by_class\Punching\pu_224.jpg
pu_232,Punching,test,1675,C:\Users\anmol\OneDrive\Desktop\Steel_Surface_Defect_NEU_DET-DATASET\SteelDefectX\train_by_class\Punching\pu_232.jpg
pu_235,Punching,test,1678,C:\Users\anmol\OneDrive\Desktop\Steel_Surface_Defect_NEU_DET-DATASET\SteelDefectX\train_by_class\Punching\pu_235.jpg
pu_238,Punching,test,1680,C:\Users\anmol\OneDrive\Desktop\Steel_Surface_Defect_NEU_DET-DATASET\SteelDefectX\train_by_class\Punching\pu_238.jpg
pu_254,Punching,test,1688,C:\Users\anmol\OneDrive\Desktop\Steel_Surface_Defect_NEU_DET-DATASET\SteelDefectX\train_by_class\Punching\pu_254.jpg
pu_256,Punching,test,1690,C:\Users\anmol\OneDrive\Desktop\Steel_Surface_Defect_NEU_DET-DATASET\SteelDefectX\train_by_class\Punching\pu_256.jpg
pu_264,Punching,test,1695,C:\Users\anmol\OneDrive\Desktop\Steel_Surface_Defect_NEU_DET-DATASET\SteelDefectX\train_by_class\Punching\pu_264.jpg
pu_267,Punching,test,1697,C:\Users\anmol\OneDrive\Desktop\Steel_Surface_Defect_NEU_DET-DATASET\SteelDefectX\train_by_class\Punching\pu_267.jpg
pu_269,Punching,test,1699,C:\Users\anmol\OneDrive\Desktop\Steel_Surface_Defect_NEU_DET-DATASET\SteelDefectX\train_by_class\Punching\pu_269.jpg
pu_27,Punching,test,1700,C:\Users\anmol\OneDrive\Desktop\Steel_Surface_Defect_NEU_DET-DATASET\SteelDefectX\train_by_class\Punching\pu_27.jpg
pu_281,Punching,test,1709,C:\Users\anmol\OneDrive\Desktop\Steel_Surface_Defect_NEU_DET-DATASET\SteelDefectX\train_by_class\Punching\pu_281.jpg
pu_286,Punching,test,1712,C:\Users\anmol\OneDrive\Desktop\Steel_Surface_Defect_NEU_DET-DATASET\SteelDefectX\train_by_class\Punching\pu_286.jpg
pu_288,Punching,test,1714,C:\Users\anmol\OneDrive\Desktop\Steel_Surface_Defect_NEU_DET-DATASET\SteelDefectX\train_by_class\Punching\pu_288.jpg
pu_295,Punching,test,1720,C:\Users\anmol\OneDrive\Desktop\Steel_Surface_Defect_NEU_DET-DATASET\SteelDefectX\train_by_class\Punching\pu_295.jpg
pu_302,Punching,test,1725,C:\Users\anmol\OneDrive\Desktop\Steel_Surface_Defect_NEU_DET-DATASET\SteelDefectX\train_by_class\Punching\pu_302.jpg
pu_308,Punching,test,1729,C:\Users\anmol\OneDrive\Desktop\Steel_Surface_Defect_NEU_DET-DATASET\SteelDefectX\train_by_class\Punching\pu_308.jpg
pu_312,Punching,test,1733,C:\Users\anmol\OneDrive\Desktop\Steel_Surface_Defect_NEU_DET-DATASET\SteelDefectX\train_by_class\Punching\pu_312.jpg
pu_324,Punching,test,1741,C:\Users\anmol\OneDrive\Desktop\Steel_Surface_Defect_NEU_DET-DATASET\SteelDefectX\train_by_class\Punching\pu_324.jpg
pu_342,Punching,test,1753,C:\Users\anmol\OneDrive\Desktop\Steel_Surface_Defect_NEU_DET-DATASET\SteelDefectX\train_by_class\Punching\pu_342.jpg
pu_344,Punching,test,1754,C:\Users\anmol\OneDrive\Desktop\Steel_Surface_Defect_NEU_DET-DATASET\SteelDefectX\train_by_class\Punching\pu_344.jpg
pu_348,Punching,test,1757,C:\Users\anmol\OneDrive\Desktop\Steel_Surface_Defect_NEU_DET-DATASET\SteelDefectX\train_by_class\Punching\pu_348.jpg
pu_357,Punching,test,1764,C:\Users\anmol\OneDrive\Desktop\Steel_Surface_Defect_NEU_DET-DATASET\SteelDefectX\train_by_class\Punching\pu_357.jpg
pu_364,Punching,test,1771,C:\Users\anmol\OneDrive\Desktop\Steel_Surface_Defect_NEU_DET-DATASET\SteelDefectX\train_by_class\Punching\pu_364.jpg
pu_368,Punching,test,1772,C:\Users\anmol\OneDrive\Desktop\Steel_Surface_Defect_NEU_DET-DATASET\SteelDefectX\train_by_class\Punching\pu_368.jpg
pu_383,Punching,test,1784,C:\Users\anmol\OneDrive\Desktop\Steel_Surface_Defect_NEU_DET-DATASET\SteelDefectX\train_by_class\Punching\pu_383.jpg
pu_384,Punching,test,1785,C:\Users\anmol\OneDrive\Desktop\Steel_Surface_Defect_NEU_DET-DATASET\SteelDefectX\train_by_class\Punching\pu_384.jpg
pu_386,Punching,test,1787,C:\Users\anmol\OneDrive\Desktop\Steel_Surface_Defect_NEU_DET-DATASET\SteelDefectX\train_by_class\Punching\pu_386.jpg
pu_43,Punching,test,1798,C:\Users\anmol\OneDrive\Desktop\Steel_Surface_Defect_NEU_DET-DATASET\SteelDefectX\train_by_class\Punching\pu_43.jpg
pu_54,Punching,test,1807,C:\Users\anmol\OneDrive\Desktop\Steel_Surface_Defect_NEU_DET-DATASET\SteelDefectX\train_by_class\Punching\pu_54.jpg
pu_55,Punching,test,1808,C:\Users\anmol\OneDrive\Desktop\Steel_Surface_Defect_NEU_DET-DATASET\SteelDefectX\train_by_class\Punching\pu_55.jpg
pu_59,Punching,test,1812,C:\Users\anmol\OneDrive\Desktop\Steel_Surface_Defect_NEU_DET-DATASET\SteelDefectX\train_by_class\Punching\pu_59.jpg
pu_64,Punching,test,1817,C:\Users\anmol\OneDrive\Desktop\Steel_Surface_Defect_NEU_DET-DATASET\SteelDefectX\train_by_class\Punching\pu_64.jpg
pu_67,Punching,test,1820,C:\Users\anmol\OneDrive\Desktop\Steel_Surface_Defect_NEU_DET-DATASET\SteelDefectX\train_by_class\Punching\pu_67.jpg
pu_72,Punching,test,1823,C:\Users\anmol\OneDrive\Desktop\Steel_Surface_Defect_NEU_DET-DATASET\SteelDefectX\train_by_class\Punching\pu_72.jpg
pu_75,Punching,test,1826,C:\Users\anmol\OneDrive\Desktop\Steel_Surface_Defect_NEU_DET-DATASET\SteelDefectX\train_by_class\Punching\pu_75.jpg
pu_78,Punching,test,1829,C:\Users\anmol\OneDrive\Desktop\Steel_Surface_Defect_NEU_DET-DATASET\SteelDefectX\train_by_class\Punching\pu_78.jpg
pu_88,Punching,test,1836,C:\Users\anmol\OneDrive\Desktop\Steel_Surface_Defect_NEU_DET-DATASET\SteelDefectX\train_by_class\Punching\pu_88.jpg
pu_98,Punching,test,1844,C:\Users\anmol\OneDrive\Desktop\Steel_Surface_Defect_NEU_DET-DATASET\SteelDefectX\train_by_class\Punching\pu_98.jpg
pu_06,Punching,train,1570,C:\Users\anmol\OneDrive\Desktop\Steel_Surface_Defect_NEU_DET-DATASET\SteelDefectX\train_by_class\Punching\pu_06.jpg
pu_07,Punching,train,1571,C:\Users\anmol\OneDrive\Desktop\Steel_Surface_Defect_NEU_DET-DATASET\SteelDefectX\train_by_class\Punching\pu_07.jpg
pu_10,Punching,train,1573,C:\Users\anmol\OneDrive\Desktop\Steel_Surface_Defect_NEU_DET-DATASET\SteelDefectX\train_by_class\Punching\pu_10.jpg
pu_100,Punching,train,1574,C:\Users\anmol\OneDrive\Desktop\Steel_Surface_Defect_NEU_DET-DATASET\SteelDefectX\train_by_class\Punching\pu_100.jpg
pu_102,Punching,train,1576,C:\Users\anmol\OneDrive\Desktop\Steel_Surface_Defect_NEU_DET-DATASET\SteelDefectX\train_by_class\Punching\pu_102.jpg
pu_105,Punching,train,1578,C:\Users\anmol\OneDrive\Desktop\Steel_Surface_Defect_NEU_DET-DATASET\SteelDefectX\train_by_class\Punching\pu_105.jpg
pu_106,Punching,train,1579,C:\Users\anmol\OneDrive\Desktop\Steel_Surface_Defect_NEU_DET-DATASET\SteelDefectX\train_by_class\Punching\pu_106.jpg
pu_108,Punching,train,1580,C:\Users\anmol\OneDrive\Desktop\Steel_Surface_Defect_NEU_DET-DATASET\SteelDefectX\train_by_class\Punching\pu_108.jpg
pu_11,Punching,train,1582,C:\Users\anmol\OneDrive\Desktop\Steel_Surface_Defect_NEU_DET-DATASET\SteelDefectX\train_by_class\Punching\pu_11.jpg
pu_111,Punching,train,1584,C:\Users\anmol\OneDrive\Desktop\Steel_Surface_Defect_NEU_DET-DATASET\SteelDefectX\train_by_class\Punching\pu_111.jpg
pu_112,Punching,train,1585,C:\Users\anmol\OneDrive\Desktop\Steel_Surface_Defect_NEU_DET-DATASET\SteelDefectX\train_by_class\Punching\pu_112.jpg
pu_115,Punching,train,1587,C:\Users\anmol\OneDrive\Desktop\Steel_Surface_Defect_NEU_DET-DATASET\SteelDefectX\train_by_class\Punching\pu_115.jpg
pu_122,Punching,train,1590,C:\Users\anmol\OneDrive\Desktop\Steel_Surface_Defect_NEU_DET-DATASET\SteelDefectX\train_by_class\Punching\pu_122.jpg
pu_126,Punching,train,1594,C:\Users\anmol\OneDrive\Desktop\Steel_Surface_Defect_NEU_DET-DATASET\SteelDefectX\train_by_class\Punching\pu_126.jpg
pu_127,Punching,train,1595,C:\Users\anmol\OneDrive\Desktop\Steel_Surface_Defect_NEU_DET-DATASET\SteelDefectX\train_by_class\Punching\pu_127.jpg
pu_128,Punching,train,1596,C:\Users\anmol\OneDrive\Desktop\Steel_Surface_Defect_NEU_DET-DATASET\SteelDefectX\train_by_class\Punching\pu_128.jpg
pu_129,Punching,train,1597,C:\Users\anmol\OneDrive\Desktop\Steel_Surface_Defect_NEU_DET-DATASET\SteelDefectX\train_by_class\Punching\pu_129.jpg
pu_131,Punching,train,1599,C:\Users\anmol\OneDrive\Desktop\Steel_Surface_Defect_NEU_DET-DATASET\SteelDefectX\train_by_class\Punching\pu_131.jpg
pu_139,Punching,train,1600,C:\Users\anmol\OneDrive\Desktop\Steel_Surface_Defect_NEU_DET-DATASET\SteelDefectX\train_by_class\Punching\pu_139.jpg
pu_14,Punching,train,1601,C:\Users\anmol\OneDrive\Desktop\Steel_Surface_Defect_NEU_DET-DATASET\SteelDefectX\train_by_class\Punching\pu_14.jpg
pu_140,Punching,train,1602,C:\Users\anmol\OneDrive\Desktop\Steel_Surface_Defect_NEU_DET-DATASET\SteelDefectX\train_by_class\Punching\pu_140.jpg
pu_142,Punching,train,1604,C:\Users\anmol\OneDrive\Desktop\Steel_Surface_Defect_NEU_DET-DATASET\SteelDefectX\train_by_class\Punching\pu_142.jpg
pu_147,Punching,train,1606,C:\Users\anmol\OneDrive\Desktop\Steel_Surface_Defect_NEU_DET-DATASET\SteelDefectX\train_by_class\Punching\pu_147.jpg
pu_149,Punching,train,1607,C:\Users\anmol\OneDrive\Desktop\Steel_Surface_Defect_NEU_DET-DATASET\SteelDefectX\train_by_class\Punching\pu_149.jpg
pu_152,Punching,train,1609,C:\Users\anmol\OneDrive\Desktop\Steel_Surface_Defect_NEU_DET-DATASET\SteelDefectX\train_by_class\Punching\pu_152.jpg
pu_153,Punching,train,1610,C:\Users\anmol\OneDrive\Desktop\Steel_Surface_Defect_NEU_DET-DATASET\SteelDefectX\train_by_class\Punching\pu_153.jpg
pu_154,Punching,train,1611,C:\Users\anmol\OneDrive\Desktop\Steel_Surface_Defect_NEU_DET-DATASET\SteelDefectX\train_by_class\Punching\pu_154.jpg
pu_155,Punching,train,1612,C:\Users\anmol\OneDrive\Desktop\Steel_Surface_Defect_NEU_DET-DATASET\SteelDefectX\train_by_class\Punching\pu_155.jpg
pu_160,Punching,train,1613,C:\Users\anmol\OneDrive\Desktop\Steel_Surface_Defect_NEU_DET-DATASET\SteelDefectX\train_by_class\Punching\pu_160.jpg
pu_162,Punching,train,1614,C:\Users\anmol\OneDrive\Desktop\Steel_Surface_Defect_NEU_DET-DATASET\SteelDefectX\train_by_class\Punching\pu_162.jpg
pu_163,Punching,train,1615,C:\Users\anmol\OneDrive\Desktop\Steel_Surface_Defect_NEU_DET-DATASET\SteelDefectX\train_by_class\Punching\pu_163.jpg
pu_164,Punching,train,1616,C:\Users\anmol\OneDrive\Desktop\Steel_Surface_Defect_NEU_DET-DATASET\SteelDefectX\train_by_class\Punching\pu_164.jpg
pu_166,Punching,train,1618,C:\Users\anmol\OneDrive\Desktop\Steel_Surface_Defect_NEU_DET-DATASET\SteelDefectX\train_by_class\Punching\pu_166.jpg
pu_167,Punching,train,1619,C:\Users\anmol\OneDrive\Desktop\Steel_Surface_Defect_NEU_DET-DATASET\SteelDefectX\train_by_class\Punching\pu_167.jpg
pu_169,Punching,train,1621,C:\Users\anmol\OneDrive\Desktop\Steel_Surface_Defect_NEU_DET-DATASET\SteelDefectX\train_by_class\Punching\pu_169.jpg
pu_170,Punching,train,1622,C:\Users\anmol\OneDrive\Desktop\Steel_Surface_Defect_NEU_DET-DATASET\SteelDefectX\train_by_class\Punching\pu_170.jpg
pu_171,Punching,train,1623,C:\Users\anmol\OneDrive\Desktop\Steel_Surface_Defect_NEU_DET-DATASET\SteelDefectX\train_by_class\Punching\pu_171.jpg
pu_172,Punching,train,1624,C:\Users\anmol\OneDrive\Desktop\Steel_Surface_Defect_NEU_DET-DATASET\SteelDefectX\train_by_class\Punching\pu_172.jpg
pu_176,Punching,train,1627,C:\Users\anmol\OneDrive\Desktop\Steel_Surface_Defect_NEU_DET-DATASET\SteelDefectX\train_by_class\Punching\pu_176.jpg
pu_178,Punching,train,1629,C:\Users\anmol\OneDrive\Desktop\Steel_Surface_Defect_NEU_DET-DATASET\SteelDefectX\train_by_class\Punching\pu_178.jpg
pu_179,Punching,train,1630,C:\Users\anmol\OneDrive\Desktop\Steel_Surface_Defect_NEU_DET-DATASET\SteelDefectX\train_by_class\Punching\pu_179.jpg
pu_180,Punching,train,1631,C:\Users\anmol\OneDrive\Desktop\Steel_Surface_Defect_NEU_DET-DATASET\SteelDefectX\train_by_class\Punching\pu_180.jpg
pu_181,Punching,train,1632,C:\Users\anmol\OneDrive\Desktop\Steel_Surface_Defect_NEU_DET-DATASET\SteelDefectX\train_by_class\Punching\pu_181.jpg
pu_182,Punching,train,1633,C:\Users\anmol\OneDrive\Desktop\Steel_Surface_Defect_NEU_DET-DATASET\SteelDefectX\train_by_class\Punching\pu_182.jpg
pu_183,Punching,train,1634,C:\Users\anmol\OneDrive\Desktop\Steel_Surface_Defect_NEU_DET-DATASET\SteelDefectX\train_by_class\Punching\pu_183.jpg
pu_184,Punching,train,1635,C:\Users\anmol\OneDrive\Desktop\Steel_Surface_Defect_NEU_DET-DATASET\SteelDefectX\train_by_class\Punching\pu_184.jpg
pu_185,Punching,train,1636,C:\Users\anmol\OneDrive\Desktop\Steel_Surface_Defect_NEU_DET-DATASET\SteelDefectX\train_by_class\Punching\pu_185.jpg
pu_187,Punching,train,1638,C:\Users\anmol\OneDrive\Desktop\Steel_Surface_Defect_NEU_DET-DATASET\SteelDefectX\train_by_class\Punching\pu_187.jpg
pu_189,Punching,train,1639,C:\Users\anmol\OneDrive\Desktop\Steel_Surface_Defect_NEU_DET-DATASET\SteelDefectX\train_by_class\Punching\pu_189.jpg
pu_190,Punching,train,1641,C:\Users\anmol\OneDrive\Desktop\Steel_Surface_Defect_NEU_DET-DATASET\SteelDefectX\train_by_class\Punching\pu_190.jpg
pu_191,Punching,train,1642,C:\Users\anmol\OneDrive\Desktop\Steel_Surface_Defect_NEU_DET-DATASET\SteelDefectX\train_by_class\Punching\pu_191.jpg
pu_192,Punching,train,1643,C:\Users\anmol\OneDrive\Desktop\Steel_Surface_Defect_NEU_DET-DATASET\SteelDefectX\train_by_class\Punching\pu_192.jpg
pu_193,Punching,train,1644,C:\Users\anmol\OneDrive\Desktop\Steel_Surface_Defect_NEU_DET-DATASET\SteelDefectX\train_by_class\Punching\pu_193.jpg
pu_197,Punching,train,1647,C:\Users\anmol\OneDrive\Desktop\Steel_Surface_Defect_NEU_DET-DATASET\SteelDefectX\train_by_class\Punching\pu_197.jpg
pu_198,Punching,train,1648,C:\Users\anmol\OneDrive\Desktop\Steel_Surface_Defect_NEU_DET-DATASET\SteelDefectX\train_by_class\Punching\pu_198.jpg
pu_203,Punching,train,1649,C:\Users\anmol\OneDrive\Desktop\Steel_Surface_Defect_NEU_DET-DATASET\SteelDefectX\train_by_class\Punching\pu_203.jpg
pu_204,Punching,train,1650,C:\Users\anmol\OneDrive\Desktop\Steel_Surface_Defect_NEU_DET-DATASET\SteelDefectX\train_by_class\Punching\pu_204.jpg
pu_207,Punching,train,1651,C:\Users\anmol\OneDrive\Desktop\Steel_Surface_Defect_NEU_DET-DATASET\SteelDefectX\train_by_class\Punching\pu_207.jpg
pu_208,Punching,train,1652,C:\Users\anmol\OneDrive\Desktop\Steel_Surface_Defect_NEU_DET-DATASET\SteelDefectX\train_by_class\Punching\pu_208.jpg
pu_21,Punching,train,1654,C:\Users\anmol\OneDrive\Desktop\Steel_Surface_Defect_NEU_DET-DATASET\SteelDefectX\train_by_class\Punching\pu_21.jpg
pu_210,Punching,train,1655,C:\Users\anmol\OneDrive\Desktop\Steel_Surface_Defect_NEU_DET-DATASET\SteelDefectX\train_by_class\Punching\pu_210.jpg
pu_211,Punching,train,1656,C:\Users\anmol\OneDrive\Desktop\Steel_Surface_Defect_NEU_DET-DATASET\SteelDefectX\train_by_class\Punching\pu_211.jpg
pu_214,Punching,train,1659,C:\Users\anmol\OneDrive\Desktop\Steel_Surface_Defect_NEU_DET-DATASET\SteelDefectX\train_by_class\Punching\pu_214.jpg
pu_215,Punching,train,1660,C:\Users\anmol\OneDrive\Desktop\Steel_Surface_Defect_NEU_DET-DATASET\SteelDefectX\train_by_class\Punching\pu_215.jpg
pu_216,Punching,train,1661,C:\Users\anmol\OneDrive\Desktop\Steel_Surface_Defect_NEU_DET-DATASET\SteelDefectX\train_by_class\Punching\pu_216.jpg
pu_217,Punching,train,1662,C:\Users\anmol\OneDrive\Desktop\Steel_Surface_Defect_NEU_DET-DATASET\SteelDefectX\train_by_class\Punching\pu_217.jpg
pu_22,Punching,train,1664,C:\Users\anmol\OneDrive\Desktop\Steel_Surface_Defect_NEU_DET-DATASET\SteelDefectX\train_by_class\Punching\pu_22.jpg
pu_220,Punching,train,1665,C:\Users\anmol\OneDrive\Desktop\Steel_Surface_Defect_NEU_DET-DATASET\SteelDefectX\train_by_class\Punching\pu_220.jpg
pu_221,Punching,train,1666,C:\Users\anmol\OneDrive\Desktop\Steel_Surface_Defect_NEU_DET-DATASET\SteelDefectX\train_by_class\Punching\pu_221.jpg
pu_222,Punching,train,1667,C:\Users\anmol\OneDrive\Desktop\Steel_Surface_Defect_NEU_DET-DATASET\SteelDefectX\train_by_class\Punching\pu_222.jpg
pu_223,Punching,train,1668,C:\Users\anmol\OneDrive\Desktop\Steel_Surface_Defect_NEU_DET-DATASET\SteelDefectX\train_by_class\Punching\pu_223.jpg
pu_225,Punching,train,1670,C:\Users\anmol\OneDrive\Desktop\Steel_Surface_Defect_NEU_DET-DATASET\SteelDefectX\train_by_class\Punching\pu_225.jpg
pu_226,Punching,train,1671,C:\Users\anmol\OneDrive\Desktop\Steel_Surface_Defect_NEU_DET-DATASET\SteelDefectX\train_by_class\Punching\pu_226.jpg
pu_227,Punching,train,1672,C:\Users\anmol\OneDrive\Desktop\Steel_Surface_Defect_NEU_DET-DATASET\SteelDefectX\train_by_class\Punching\pu_227.jpg
pu_229,Punching,train,1673,C:\Users\anmol\OneDrive\Desktop\Steel_Surface_Defect_NEU_DET-DATASET\SteelDefectX\train_by_class\Punching\pu_229.jpg
pu_231,Punching,train,1674,C:\Users\anmol\OneDrive\Desktop\Steel_Surface_Defect_NEU_DET-DATASET\SteelDefectX\train_by_class\Punching\pu_231.jpg
pu_233,Punching,train,1676,C:\Users\anmol\OneDrive\Desktop\Steel_Surface_Defect_NEU_DET-DATASET\SteelDefectX\train_by_class\Punching\pu_233.jpg
pu_234,Punching,train,1677,C:\Users\anmol\OneDrive\Desktop\Steel_Surface_Defect_NEU_DET-DATASET\SteelDefectX\train_by_class\Punching\pu_234.jpg
pu_236,Punching,train,1679,C:\Users\anmol\OneDrive\Desktop\Steel_Surface_Defect_NEU_DET-DATASET\SteelDefectX\train_by_class\Punching\pu_236.jpg
pu_24,Punching,train,1681,C:\Users\anmol\OneDrive\Desktop\Steel_Surface_Defect_NEU_DET-DATASET\SteelDefectX\train_by_class\Punching\pu_24.jpg
pu_243,Punching,train,1682,C:\Users\anmol\OneDrive\Desktop\Steel_Surface_Defect_NEU_DET-DATASET\SteelDefectX\train_by_class\Punching\pu_243.jpg
pu_244,Punching,train,1683,C:\Users\anmol\OneDrive\Desktop\Steel_Surface_Defect_NEU_DET-DATASET\SteelDefectX\train_by_class\Punching\pu_244.jpg
pu_249,Punching,train,1684,C:\Users\anmol\OneDrive\Desktop\Steel_Surface_Defect_NEU_DET-DATASET\SteelDefectX\train_by_class\Punching\pu_249.jpg
pu_25,Punching,train,1685,C:\Users\anmol\OneDrive\Desktop\Steel_Surface_Defect_NEU_DET-DATASET\SteelDefectX\train_by_class\Punching\pu_25.jpg
pu_250,Punching,train,1686,C:\Users\anmol\OneDrive\Desktop\Steel_Surface_Defect_NEU_DET-DATASET\SteelDefectX\train_by_class\Punching\pu_250.jpg
pu_251,Punching,train,1687,C:\Users\anmol\OneDrive\Desktop\Steel_Surface_Defect_NEU_DET-DATASET\SteelDefectX\train_by_class\Punching\pu_251.jpg
pu_255,Punching,train,1689,C:\Users\anmol\OneDrive\Desktop\Steel_Surface_Defect_NEU_DET-DATASET\SteelDefectX\train_by_class\Punching\pu_255.jpg
pu_259,Punching,train,1691,C:\Users\anmol\OneDrive\Desktop\Steel_Surface_Defect_NEU_DET-DATASET\SteelDefectX\train_by_class\Punching\pu_259.jpg
pu_260,Punching,train,1692,C:\Users\anmol\OneDrive\Desktop\Steel_Surface_Defect_NEU_DET-DATASET\SteelDefectX\train_by_class\Punching\pu_260.jpg
pu_261,Punching,train,1693,C:\Users\anmol\OneDrive\Desktop\Steel_Surface_Defect_NEU_DET-DATASET\SteelDefectX\train_by_class\Punching\pu_261.jpg
pu_263,Punching,train,1694,C:\Users\anmol\OneDrive\Desktop\Steel_Surface_Defect_NEU_DET-DATASET\SteelDefectX\train_by_class\Punching\pu_263.jpg
pu_268,Punching,train,1698,C:\Users\anmol\OneDrive\Desktop\Steel_Surface_Defect_NEU_DET-DATASET\SteelDefectX\train_by_class\Punching\pu_268.jpg
pu_270,Punching,train,1701,C:\Users\anmol\OneDrive\Desktop\Steel_Surface_Defect_NEU_DET-DATASET\SteelDefectX\train_by_class\Punching\pu_270.jpg
pu_271,Punching,train,1702,C:\Users\anmol\OneDrive\Desktop\Steel_Surface_Defect_NEU_DET-DATASET\SteelDefectX\train_by_class\Punching\pu_271.jpg
pu_272,Punching,train,1703,C:\Users\anmol\OneDrive\Desktop\Steel_Surface_Defect_NEU_DET-DATASET\SteelDefectX\train_by_class\Punching\pu_272.jpg
pu_273,Punching,train,1704,C:\Users\anmol\OneDrive\Desktop\Steel_Surface_Defect_NEU_DET-DATASET\SteelDefectX\train_by_class\Punching\pu_273.jpg
pu_277,Punching,train,1705,C:\Users\anmol\OneDrive\Desktop\Steel_Surface_Defect_NEU_DET-DATASET\SteelDefectX\train_by_class\Punching\pu_277.jpg
pu_278,Punching,train,1706,C:\Users\anmol\OneDrive\Desktop\Steel_Surface_Defect_NEU_DET-DATASET\SteelDefectX\train_by_class\Punching\pu_278.jpg
pu_279,Punching,train,1707,C:\Users\anmol\OneDrive\Desktop\Steel_Surface_Defect_NEU_DET-DATASET\SteelDefectX\train_by_class\Punching\pu_279.jpg
pu_28,Punching,train,1708,C:\Users\anmol\OneDrive\Desktop\Steel_Surface_Defect_NEU_DET-DATASET\SteelDefectX\train_by_class\Punching\pu_28.jpg
pu_282,Punching,train,1710,C:\Users\anmol\OneDrive\Desktop\Steel_Surface_Defect_NEU_DET-DATASET\SteelDefectX\train_by_class\Punching\pu_282.jpg
pu_285,Punching,train,1711,C:\Users\anmol\OneDrive\Desktop\Steel_Surface_Defect_NEU_DET-DATASET\SteelDefectX\train_by_class\Punching\pu_285.jpg
pu_287,Punching,train,1713,C:\Users\anmol\OneDrive\Desktop\Steel_Surface_Defect_NEU_DET-DATASET\SteelDefectX\train_by_class\Punching\pu_287.jpg
pu_289,Punching,train,1715,C:\Users\anmol\OneDrive\Desktop\Steel_Surface_Defect_NEU_DET-DATASET\SteelDefectX\train_by_class\Punching\pu_289.jpg
pu_29,Punching,train,1716,C:\Users\anmol\OneDrive\Desktop\Steel_Surface_Defect_NEU_DET-DATASET\SteelDefectX\train_by_class\Punching\pu_29.jpg
pu_291,Punching,train,1717,C:\Users\anmol\OneDrive\Desktop\Steel_Surface_Defect_NEU_DET-DATASET\SteelDefectX\train_by_class\Punching\pu_291.jpg
pu_292,Punching,train,1718,C:\Users\anmol\OneDrive\Desktop\Steel_Surface_Defect_NEU_DET-DATASET\SteelDefectX\train_by_class\Punching\pu_292.jpg
pu_293,Punching,train,1719,C:\Users\anmol\OneDrive\Desktop\Steel_Surface_Defect_NEU_DET-DATASET\SteelDefectX\train_by_class\Punching\pu_293.jpg
pu_298,Punching,train,1722,C:\Users\anmol\OneDrive\Desktop\Steel_Surface_Defect_NEU_DET-DATASET\SteelDefectX\train_by_class\Punching\pu_298.jpg
pu_30,Punching,train,1723,C:\Users\anmol\OneDrive\Desktop\Steel_Surface_Defect_NEU_DET-DATASET\SteelDefectX\train_by_class\Punching\pu_30.jpg
pu_303,Punching,train,1726,C:\Users\anmol\OneDrive\Desktop\Steel_Surface_Defect_NEU_DET-DATASET\SteelDefectX\train_by_class\Punching\pu_303.jpg
pu_305,Punching,train,1727,C:\Users\anmol\OneDrive\Desktop\Steel_Surface_Defect_NEU_DET-DATASET\SteelDefectX\train_by_class\Punching\pu_305.jpg
pu_306,Punching,train,1728,C:\Users\anmol\OneDrive\Desktop\Steel_Surface_Defect_NEU_DET-DATASET\SteelDefectX\train_by_class\Punching\pu_306.jpg
pu_309,Punching,train,1730,C:\Users\anmol\OneDrive\Desktop\Steel_Surface_Defect_NEU_DET-DATASET\SteelDefectX\train_by_class\Punching\pu_309.jpg
pu_31,Punching,train,1731,C:\Users\anmol\OneDrive\Desktop\Steel_Surface_Defect_NEU_DET-DATASET\SteelDefectX\train_by_class\Punching\pu_31.jpg
pu_311,Punching,train,1732,C:\Users\anmol\OneDrive\Desktop\Steel_Surface_Defect_NEU_DET-DATASET\SteelDefectX\train_by_class\Punching\pu_311.jpg
pu_313,Punching,train,1734,C:\Users\anmol\OneDrive\Desktop\Steel_Surface_Defect_NEU_DET-DATASET\SteelDefectX\train_by_class\Punching\pu_313.jpg
pu_316,Punching,train,1736,C:\Users\anmol\OneDrive\Desktop\Steel_Surface_Defect_NEU_DET-DATASET\SteelDefectX\train_by_class\Punching\pu_316.jpg
pu_317,Punching,train,1737,C:\Users\anmol\OneDrive\Desktop\Steel_Surface_Defect_NEU_DET-DATASET\SteelDefectX\train_by_class\Punching\pu_317.jpg
pu_318,Punching,train,1738,C:\Users\anmol\OneDrive\Desktop\Steel_Surface_Defect_NEU_DET-DATASET\SteelDefectX\train_by_class\Punching\pu_318.jpg
pu_320,Punching,train,1739,C:\Users\anmol\OneDrive\Desktop\Steel_Surface_Defect_NEU_DET-DATASET\SteelDefectX\train_by_class\Punching\pu_320.jpg
pu_321,Punching,train,1740,C:\Users\anmol\OneDrive\Desktop\Steel_Surface_Defect_NEU_DET-DATASET\SteelDefectX\train_by_class\Punching\pu_321.jpg
pu_325,Punching,train,1742,C:\Users\anmol\OneDrive\Desktop\Steel_Surface_Defect_NEU_DET-DATASET\SteelDefectX\train_by_class\Punching\pu_325.jpg
pu_326,Punching,train,1743,C:\Users\anmol\OneDrive\Desktop\Steel_Surface_Defect_NEU_DET-DATASET\SteelDefectX\train_by_class\Punching\pu_326.jpg
pu_329,Punching,train,1744,C:\Users\anmol\OneDrive\Desktop\Steel_Surface_Defect_NEU_DET-DATASET\SteelDefectX\train_by_class\Punching\pu_329.jpg
pu_333,Punching,train,1745,C:\Users\anmol\OneDrive\Desktop\Steel_Surface_Defect_NEU_DET-DATASET\SteelDefectX\train_by_class\Punching\pu_333.jpg
pu_334,Punching,train,1746,C:\Users\anmol\OneDrive\Desktop\Steel_Surface_Defect_NEU_DET-DATASET\SteelDefectX\train_by_class\Punching\pu_334.jpg
pu_335,Punching,train,1747,C:\Users\anmol\OneDrive\Desktop\Steel_Surface_Defect_NEU_DET-DATASET\SteelDefectX\train_by_class\Punching\pu_335.jpg
pu_337,Punching,train,1748,C:\Users\anmol\OneDrive\Desktop\Steel_Surface_Defect_NEU_DET-DATASET\SteelDefectX\train_by_class\Punching\pu_337.jpg
pu_338,Punching,train,1749,C:\Users\anmol\OneDrive\Desktop\Steel_Surface_Defect_NEU_DET-DATASET\SteelDefectX\train_by_class\Punching\pu_338.jpg
pu_339,Punching,train,1750,C:\Users\anmol\OneDrive\Desktop\Steel_Surface_Defect_NEU_DET-DATASET\SteelDefectX\train_by_class\Punching\pu_339.jpg
pu_341,Punching,train,1752,C:\Users\anmol\OneDrive\Desktop\Steel_Surface_Defect_NEU_DET-DATASET\SteelDefectX\train_by_class\Punching\pu_341.jpg
pu_345,Punching,train,1755,C:\Users\anmol\OneDrive\Desktop\Steel_Surface_Defect_NEU_DET-DATASET\SteelDefectX\train_by_class\Punching\pu_345.jpg
pu_347,Punching,train,1756,C:\Users\anmol\OneDrive\Desktop\Steel_Surface_Defect_NEU_DET-DATASET\SteelDefectX\train_by_class\Punching\pu_347.jpg
pu_349,Punching,train,1758,C:\Users\anmol\OneDrive\Desktop\Steel_Surface_Defect_NEU_DET-DATASET\SteelDefectX\train_by_class\Punching\pu_349.jpg
pu_351,Punching,train,1760,C:\Users\anmol\OneDrive\Desktop\Steel_Surface_Defect_NEU_DET-DATASET\SteelDefectX\train_by_class\Punching\pu_351.jpg
pu_352,Punching,train,1761,C:\Users\anmol\OneDrive\Desktop\Steel_Surface_Defect_NEU_DET-DATASET\SteelDefectX\train_by_class\Punching\pu_352.jpg
pu_353,Punching,train,1762,C:\Users\anmol\OneDrive\Desktop\Steel_Surface_Defect_NEU_DET-DATASET\SteelDefectX\train_by_class\Punching\pu_353.jpg
pu_354,Punching,train,1763,C:\Users\anmol\OneDrive\Desktop\Steel_Surface_Defect_NEU_DET-DATASET\SteelDefectX\train_by_class\Punching\pu_354.jpg
pu_358,Punching,train,1765,C:\Users\anmol\OneDrive\Desktop\Steel_Surface_Defect_NEU_DET-DATASET\SteelDefectX\train_by_class\Punching\pu_358.jpg
pu_359,Punching,train,1766,C:\Users\anmol\OneDrive\Desktop\Steel_Surface_Defect_NEU_DET-DATASET\SteelDefectX\train_by_class\Punching\pu_359.jpg
pu_36,Punching,train,1767,C:\Users\anmol\OneDrive\Desktop\Steel_Surface_Defect_NEU_DET-DATASET\SteelDefectX\train_by_class\Punching\pu_36.jpg
pu_360,Punching,train,1768,C:\Users\anmol\OneDrive\Desktop\Steel_Surface_Defect_NEU_DET-DATASET\SteelDefectX\train_by_class\Punching\pu_360.jpg
pu_361,Punching,train,1769,C:\Users\anmol\OneDrive\Desktop\Steel_Surface_Defect_NEU_DET-DATASET\SteelDefectX\train_by_class\Punching\pu_361.jpg
pu_362,Punching,train,1770,C:\Users\anmol\OneDrive\Desktop\Steel_Surface_Defect_NEU_DET-DATASET\SteelDefectX\train_by_class\Punching\pu_362.jpg
pu_369,Punching,train,1773,C:\Users\anmol\OneDrive\Desktop\Steel_Surface_Defect_NEU_DET-DATASET\SteelDefectX\train_by_class\Punching\pu_369.jpg
pu_37,Punching,train,1774,C:\Users\anmol\OneDrive\Desktop\Steel_Surface_Defect_NEU_DET-DATASET\SteelDefectX\train_by_class\Punching\pu_37.jpg
pu_371,Punching,train,1775,C:\Users\anmol\OneDrive\Desktop\Steel_Surface_Defect_NEU_DET-DATASET\SteelDefectX\train_by_class\Punching\pu_371.jpg
pu_372,Punching,train,1776,C:\Users\anmol\OneDrive\Desktop\Steel_Surface_Defect_NEU_DET-DATASET\SteelDefectX\train_by_class\Punching\pu_372.jpg
pu_373,Punching,train,1777,C:\Users\anmol\OneDrive\Desktop\Steel_Surface_Defect_NEU_DET-DATASET\SteelDefectX\train_by_class\Punching\pu_373.jpg
pu_375,Punching,train,1778,C:\Users\anmol\OneDrive\Desktop\Steel_Surface_Defect_NEU_DET-DATASET\SteelDefectX\train_by_class\Punching\pu_375.jpg
pu_376,Punching,train,1779,C:\Users\anmol\OneDrive\Desktop\Steel_Surface_Defect_NEU_DET-DATASET\SteelDefectX\train_by_class\Punching\pu_376.jpg
pu_377,Punching,train,1780,C:\Users\anmol\OneDrive\Desktop\Steel_Surface_Defect_NEU_DET-DATASET\SteelDefectX\train_by_class\Punching\pu_377.jpg
pu_382,Punching,train,1783,C:\Users\anmol\OneDrive\Desktop\Steel_Surface_Defect_NEU_DET-DATASET\SteelDefectX\train_by_class\Punching\pu_382.jpg
pu_385,Punching,train,1786,C:\Users\anmol\OneDrive\Desktop\Steel_Surface_Defect_NEU_DET-DATASET\SteelDefectX\train_by_class\Punching\pu_385.jpg
pu_387,Punching,train,1788,C:\Users\anmol\OneDrive\Desktop\Steel_Surface_Defect_NEU_DET-DATASET\SteelDefectX\train_by_class\Punching\pu_387.jpg
pu_388,Punching,train,1789,C:\Users\anmol\OneDrive\Desktop\Steel_Surface_Defect_NEU_DET-DATASET\SteelDefectX\train_by_class\Punching\pu_388.jpg
pu_389,Punching,train,1790,C:\Users\anmol\OneDrive\Desktop\Steel_Surface_Defect_NEU_DET-DATASET\SteelDefectX\train_by_class\Punching\pu_389.jpg
pu_393,Punching,train,1791,C:\Users\anmol\OneDrive\Desktop\Steel_Surface_Defect_NEU_DET-DATASET\SteelDefectX\train_by_class\Punching\pu_393.jpg
pu_394,Punching,train,1792,C:\Users\anmol\OneDrive\Desktop\Steel_Surface_Defect_NEU_DET-DATASET\SteelDefectX\train_by_class\Punching\pu_394.jpg
pu_395,Punching,train,1793,C:\Users\anmol\OneDrive\Desktop\Steel_Surface_Defect_NEU_DET-DATASET\SteelDefectX\train_by_class\Punching\pu_395.jpg
pu_396,Punching,train,1794,C:\Users\anmol\OneDrive\Desktop\Steel_Surface_Defect_NEU_DET-DATASET\SteelDefectX\train_by_class\Punching\pu_396.jpg
pu_397,Punching,train,1795,C:\Users\anmol\OneDrive\Desktop\Steel_Surface_Defect_NEU_DET-DATASET\SteelDefectX\train_by_class\Punching\pu_397.jpg
pu_399,Punching,train,1796,C:\Users\anmol\OneDrive\Desktop\Steel_Surface_Defect_NEU_DET-DATASET\SteelDefectX\train_by_class\Punching\pu_399.jpg
pu_44,Punching,train,1799,C:\Users\anmol\OneDrive\Desktop\Steel_Surface_Defect_NEU_DET-DATASET\SteelDefectX\train_by_class\Punching\pu_44.jpg
pu_45,Punching,train,1800,C:\Users\anmol\OneDrive\Desktop\Steel_Surface_Defect_NEU_DET-DATASET\SteelDefectX\train_by_class\Punching\pu_45.jpg
pu_46,Punching,train,1801,C:\Users\anmol\OneDrive\Desktop\Steel_Surface_Defect_NEU_DET-DATASET\SteelDefectX\train_by_class\Punching\pu_46.jpg
pu_48,Punching,train,1802,C:\Users\anmol\OneDrive\Desktop\Steel_Surface_Defect_NEU_DET-DATASET\SteelDefectX\train_by_class\Punching\pu_48.jpg
pu_52,Punching,train,1805,C:\Users\anmol\OneDrive\Desktop\Steel_Surface_Defect_NEU_DET-DATASET\SteelDefectX\train_by_class\Punching\pu_52.jpg
pu_56,Punching,train,1809,C:\Users\anmol\OneDrive\Desktop\Steel_Surface_Defect_NEU_DET-DATASET\SteelDefectX\train_by_class\Punching\pu_56.jpg
pu_57,Punching,train,1810,C:\Users\anmol\OneDrive\Desktop\Steel_Surface_Defect_NEU_DET-DATASET\SteelDefectX\train_by_class\Punching\pu_57.jpg
pu_58,Punching,train,1811,C:\Users\anmol\OneDrive\Desktop\Steel_Surface_Defect_NEU_DET-DATASET\SteelDefectX\train_by_class\Punching\pu_58.jpg
pu_60,Punching,train,1813,C:\Users\anmol\OneDrive\Desktop\Steel_Surface_Defect_NEU_DET-DATASET\SteelDefectX\train_by_class\Punching\pu_60.jpg
pu_61,Punching,train,1814,C:\Users\anmol\OneDrive\Desktop\Steel_Surface_Defect_NEU_DET-DATASET\SteelDefectX\train_by_class\Punching\pu_61.jpg
pu_63,Punching,train,1816,C:\Users\anmol\OneDrive\Desktop\Steel_Surface_Defect_NEU_DET-DATASET\SteelDefectX\train_by_class\Punching\pu_63.jpg
pu_65,Punching,train,1818,C:\Users\anmol\OneDrive\Desktop\Steel_Surface_Defect_NEU_DET-DATASET\SteelDefectX\train_by_class\Punching\pu_65.jpg
pu_66,Punching,train,1819,C:\Users\anmol\OneDrive\Desktop\Steel_Surface_Defect_NEU_DET-DATASET\SteelDefectX\train_by_class\Punching\pu_66.jpg
pu_68,Punching,train,1821,C:\Users\anmol\OneDrive\Desktop\Steel_Surface_Defect_NEU_DET-DATASET\SteelDefectX\train_by_class\Punching\pu_68.jpg
pu_71,Punching,train,1822,C:\Users\anmol\OneDrive\Desktop\Steel_Surface_Defect_NEU_DET-DATASET\SteelDefectX\train_by_class\Punching\pu_71.jpg
pu_73,Punching,train,1824,C:\Users\anmol\OneDrive\Desktop\Steel_Surface_Defect_NEU_DET-DATASET\SteelDefectX\train_by_class\Punching\pu_73.jpg
pu_74,Punching,train,1825,C:\Users\anmol\OneDrive\Desktop\Steel_Surface_Defect_NEU_DET-DATASET\SteelDefectX\train_by_class\Punching\pu_74.jpg
pu_76,Punching,train,1827,C:\Users\anmol\OneDrive\Desktop\Steel_Surface_Defect_NEU_DET-DATASET\SteelDefectX\train_by_class\Punching\pu_76.jpg
pu_77,Punching,train,1828,C:\Users\anmol\OneDrive\Desktop\Steel_Surface_Defect_NEU_DET-DATASET\SteelDefectX\train_by_class\Punching\pu_77.jpg
pu_79,Punching,train,1830,C:\Users\anmol\OneDrive\Desktop\Steel_Surface_Defect_NEU_DET-DATASET\SteelDefectX\train_by_class\Punching\pu_79.jpg
pu_81,Punching,train,1831,C:\Users\anmol\OneDrive\Desktop\Steel_Surface_Defect_NEU_DET-DATASET\SteelDefectX\train_by_class\Punching\pu_81.jpg
pu_82,Punching,train,1832,C:\Users\anmol\OneDrive\Desktop\Steel_Surface_Defect_NEU_DET-DATASET\SteelDefectX\train_by_class\Punching\pu_82.jpg
pu_84,Punching,train,1833,C:\Users\anmol\OneDrive\Desktop\Steel_Surface_Defect_NEU_DET-DATASET\SteelDefectX\train_by_class\Punching\pu_84.jpg
pu_85,Punching,train,1834,C:\Users\anmol\OneDrive\Desktop\Steel_Surface_Defect_NEU_DET-DATASET\SteelDefectX\train_by_class\Punching\pu_85.jpg
pu_86,Punching,train,1835,C:\Users\anmol\OneDrive\Desktop\Steel_Surface_Defect_NEU_DET-DATASET\SteelDefectX\train_by_class\Punching\pu_86.jpg
pu_91,Punching,train,1838,C:\Users\anmol\OneDrive\Desktop\Steel_Surface_Defect_NEU_DET-DATASET\SteelDefectX\train_by_class\Punching\pu_91.jpg
pu_92,Punching,train,1839,C:\Users\anmol\OneDrive\Desktop\Steel_Surface_Defect_NEU_DET-DATASET\SteelDefectX\train_by_class\Punching\pu_92.jpg
pu_93,Punching,train,1840,C:\Users\anmol\OneDrive\Desktop\Steel_Surface_Defect_NEU_DET-DATASET\SteelDefectX\train_by_class\Punching\pu_93.jpg
pu_95,Punching,train,1841,C:\Users\anmol\OneDrive\Desktop\Steel_Surface_Defect_NEU_DET-DATASET\SteelDefectX\train_by_class\Punching\pu_95.jpg
pu_96,Punching,train,1842,C:\Users\anmol\OneDrive\Desktop\Steel_Surface_Defect_NEU_DET-DATASET\SteelDefectX\train_by_class\Punching\pu_96.jpg
pu_97,Punching,train,1843,C:\Users\anmol\OneDrive\Desktop\Steel_Surface_Defect_NEU_DET-DATASET\SteelDefectX\train_by_class\Punching\pu_97.jpg
pu_99,Punching,train,1845,C:\Users\anmol\OneDrive\Desktop\Steel_Surface_Defect_NEU_DET-DATASET\SteelDefectX\train_by_class\Punching\pu_99.jpg
pu_02,Punching,val,1567,C:\Users\anmol\OneDrive\Desktop\Steel_Surface_Defect_NEU_DET-DATASET\SteelDefectX\train_by_class\Punching\pu_02.jpg
pu_08,Punching,val,1572,C:\Users\anmol\OneDrive\Desktop\Steel_Surface_Defect_NEU_DET-DATASET\SteelDefectX\train_by_class\Punching\pu_08.jpg
pu_101,Punching,val,1575,C:\Users\anmol\OneDrive\Desktop\Steel_Surface_Defect_NEU_DET-DATASET\SteelDefectX\train_by_class\Punching\pu_101.jpg
pu_103,Punching,val,1577,C:\Users\anmol\OneDrive\Desktop\Steel_Surface_Defect_NEU_DET-DATASET\SteelDefectX\train_by_class\Punching\pu_103.jpg
pu_114,Punching,val,1586,C:\Users\anmol\OneDrive\Desktop\Steel_Surface_Defect_NEU_DET-DATASET\SteelDefectX\train_by_class\Punching\pu_114.jpg
pu_12,Punching,val,1589,C:\Users\anmol\OneDrive\Desktop\Steel_Surface_Defect_NEU_DET-DATASET\SteelDefectX\train_by_class\Punching\pu_12.jpg
pu_124,Punching,val,1592,C:\Users\anmol\OneDrive\Desktop\Steel_Surface_Defect_NEU_DET-DATASET\SteelDefectX\train_by_class\Punching\pu_124.jpg
pu_130,Punching,val,1598,C:\Users\anmol\OneDrive\Desktop\Steel_Surface_Defect_NEU_DET-DATASET\SteelDefectX\train_by_class\Punching\pu_130.jpg
pu_151,Punching,val,1608,C:\Users\anmol\OneDrive\Desktop\Steel_Surface_Defect_NEU_DET-DATASET\SteelDefectX\train_by_class\Punching\pu_151.jpg
pu_168,Punching,val,1620,C:\Users\anmol\OneDrive\Desktop\Steel_Surface_Defect_NEU_DET-DATASET\SteelDefectX\train_by_class\Punching\pu_168.jpg
pu_177,Punching,val,1628,C:\Users\anmol\OneDrive\Desktop\Steel_Surface_Defect_NEU_DET-DATASET\SteelDefectX\train_by_class\Punching\pu_177.jpg
pu_19,Punching,val,1640,C:\Users\anmol\OneDrive\Desktop\Steel_Surface_Defect_NEU_DET-DATASET\SteelDefectX\train_by_class\Punching\pu_19.jpg
pu_213,Punching,val,1658,C:\Users\anmol\OneDrive\Desktop\Steel_Surface_Defect_NEU_DET-DATASET\SteelDefectX\train_by_class\Punching\pu_213.jpg
pu_219,Punching,val,1663,C:\Users\anmol\OneDrive\Desktop\Steel_Surface_Defect_NEU_DET-DATASET\SteelDefectX\train_by_class\Punching\pu_219.jpg
pu_266,Punching,val,1696,C:\Users\anmol\OneDrive\Desktop\Steel_Surface_Defect_NEU_DET-DATASET\SteelDefectX\train_by_class\Punching\pu_266.jpg
pu_297,Punching,val,1721,C:\Users\anmol\OneDrive\Desktop\Steel_Surface_Defect_NEU_DET-DATASET\SteelDefectX\train_by_class\Punching\pu_297.jpg
pu_301,Punching,val,1724,C:\Users\anmol\OneDrive\Desktop\Steel_Surface_Defect_NEU_DET-DATASET\SteelDefectX\train_by_class\Punching\pu_301.jpg
pu_314,Punching,val,1735,C:\Users\anmol\OneDrive\Desktop\Steel_Surface_Defect_NEU_DET-DATASET\SteelDefectX\train_by_class\Punching\pu_314.jpg
pu_34,Punching,val,1751,C:\Users\anmol\OneDrive\Desktop\Steel_Surface_Defect_NEU_DET-DATASET\SteelDefectX\train_by_class\Punching\pu_34.jpg
pu_350,Punching,val,1759,C:\Users\anmol\OneDrive\Desktop\Steel_Surface_Defect_NEU_DET-DATASET\SteelDefectX\train_by_class\Punching\pu_350.jpg
pu_380,Punching,val,1781,C:\Users\anmol\OneDrive\Desktop\Steel_Surface_Defect_NEU_DET-DATASET\SteelDefectX\train_by_class\Punching\pu_380.jpg
pu_381,Punching,val,1782,C:\Users\anmol\OneDrive\Desktop\Steel_Surface_Defect_NEU_DET-DATASET\SteelDefectX\train_by_class\Punching\pu_381.jpg
pu_42,Punching,val,1797,C:\Users\anmol\OneDrive\Desktop\Steel_Surface_Defect_NEU_DET-DATASET\SteelDefectX\train_by_class\Punching\pu_42.jpg
pu_49,Punching,val,1803,C:\Users\anmol\OneDrive\Desktop\Steel_Surface_Defect_NEU_DET-DATASET\SteelDefectX\train_by_class\Punching\pu_49.jpg
pu_51,Punching,val,1804,C:\Users\anmol\OneDrive\Desktop\Steel_Surface_Defect_NEU_DET-DATASET\SteelDefectX\train_by_class\Punching\pu_51.jpg
pu_53,Punching,val,1806,C:\Users\anmol\OneDrive\Desktop\Steel_Surface_Defect_NEU_DET-DATASET\SteelDefectX\train_by_class\Punching\pu_53.jpg
pu_62,Punching,val,1815,C:\Users\anmol\OneDrive\Desktop\Steel_Surface_Defect_NEU_DET-DATASET\SteelDefectX\train_by_class\Punching\pu_62.jpg
pu_90,Punching,val,1837,C:\Users\anmol\OneDrive\Desktop\Steel_Surface_Defect_NEU_DET-DATASET\SteelDefectX\train_by_class\Punching\pu_90.jpg
ris_100,Red iron sheet,test,1854,C:\Users\anmol\OneDrive\Desktop\Steel_Surface_Defect_NEU_DET-DATASET\SteelDefectX\train_by_class\Red iron sheet\ris_100.jpg
ris_105,Red iron sheet,test,1857,C:\Users\anmol\OneDrive\Desktop\Steel_Surface_Defect_NEU_DET-DATASET\SteelDefectX\train_by_class\Red iron sheet\ris_105.jpg
ris_114,Red iron sheet,test,1861,C:\Users\anmol\OneDrive\Desktop\Steel_Surface_Defect_NEU_DET-DATASET\SteelDefectX\train_by_class\Red iron sheet\ris_114.jpg
ris_115,Red iron sheet,test,1862,C:\Users\anmol\OneDrive\Desktop\Steel_Surface_Defect_NEU_DET-DATASET\SteelDefectX\train_by_class\Red iron sheet\ris_115.jpg
ris_116,Red iron sheet,test,1863,C:\Users\anmol\OneDrive\Desktop\Steel_Surface_Defect_NEU_DET-DATASET\SteelDefectX\train_by_class\Red iron sheet\ris_116.jpg
ris_134,Red iron sheet,test,1876,C:\Users\anmol\OneDrive\Desktop\Steel_Surface_Defect_NEU_DET-DATASET\SteelDefectX\train_by_class\Red iron sheet\ris_134.jpg
ris_135,Red iron sheet,test,1877,C:\Users\anmol\OneDrive\Desktop\Steel_Surface_Defect_NEU_DET-DATASET\SteelDefectX\train_by_class\Red iron sheet\ris_135.jpg
ris_14,Red iron sheet,test,1881,C:\Users\anmol\OneDrive\Desktop\Steel_Surface_Defect_NEU_DET-DATASET\SteelDefectX\train_by_class\Red iron sheet\ris_14.jpg
ris_141,Red iron sheet,test,1883,C:\Users\anmol\OneDrive\Desktop\Steel_Surface_Defect_NEU_DET-DATASET\SteelDefectX\train_by_class\Red iron sheet\ris_141.jpg
ris_150,Red iron sheet,test,1889,C:\Users\anmol\OneDrive\Desktop\Steel_Surface_Defect_NEU_DET-DATASET\SteelDefectX\train_by_class\Red iron sheet\ris_150.jpg
ris_152,Red iron sheet,test,1891,C:\Users\anmol\OneDrive\Desktop\Steel_Surface_Defect_NEU_DET-DATASET\SteelDefectX\train_by_class\Red iron sheet\ris_152.jpg
ris_160,Red iron sheet,test,1897,C:\Users\anmol\OneDrive\Desktop\Steel_Surface_Defect_NEU_DET-DATASET\SteelDefectX\train_by_class\Red iron sheet\ris_160.jpg
ris_188,Red iron sheet,test,1915,C:\Users\anmol\OneDrive\Desktop\Steel_Surface_Defect_NEU_DET-DATASET\SteelDefectX\train_by_class\Red iron sheet\ris_188.jpg
ris_197,Red iron sheet,test,1921,C:\Users\anmol\OneDrive\Desktop\Steel_Surface_Defect_NEU_DET-DATASET\SteelDefectX\train_by_class\Red iron sheet\ris_197.jpg
ris_198,Red iron sheet,test,1922,C:\Users\anmol\OneDrive\Desktop\Steel_Surface_Defect_NEU_DET-DATASET\SteelDefectX\train_by_class\Red iron sheet\ris_198.jpg
ris_201,Red iron sheet,test,1926,C:\Users\anmol\OneDrive\Desktop\Steel_Surface_Defect_NEU_DET-DATASET\SteelDefectX\train_by_class\Red iron sheet\ris_201.jpg
ris_208,Red iron sheet,test,1929,C:\Users\anmol\OneDrive\Desktop\Steel_Surface_Defect_NEU_DET-DATASET\SteelDefectX\train_by_class\Red iron sheet\ris_208.jpg
ris_213,Red iron sheet,test,1929,C:\Users\anmol\OneDrive\Desktop\Steel_Surface_Defect_NEU_DET-DATASET\SteelDefectX\train_by_class\Red iron sheet\ris_213.jpg
ris_228,Red iron sheet,test,1946,C:\Users\anmol\OneDrive\Desktop\Steel_Surface_Defect_NEU_DET-DATASET\SteelDefectX\train_by_class\Red iron sheet\ris_228.jpg
ris_240,Red iron sheet,test,1954,C:\Users\anmol\OneDrive\Desktop\Steel_Surface_Defect_NEU_DET-DATASET\SteelDefectX\train_by_class\Red iron sheet\ris_240.jpg
ris_251,Red iron sheet,test,1960,C:\Users\anmol\OneDrive\Desktop\Steel_Surface_Defect_NEU_DET-DATASET\SteelDefectX\train_by_class\Red iron sheet\ris_251.jpg
ris_255,Red iron sheet,test,1964,C:\Users\anmol\OneDrive\Desktop\Steel_Surface_Defect_NEU_DET-DATASET\SteelDefectX\train_by_class\Red iron sheet\ris_255.jpg
ris_260,Red iron sheet,test,1969,C:\Users\anmol\OneDrive\Desktop\Steel_Surface_Defect_NEU_DET-DATASET\SteelDefectX\train_by_class\Red iron sheet\ris_260.jpg
ris_262,Red iron sheet,test,1970,C:\Users\anmol\OneDrive\Desktop\Steel_Surface_Defect_NEU_DET-DATASET\SteelDefectX\train_by_class\Red iron sheet\ris_262.jpg
ris_265,Red iron sheet,test,1972,C:\Users\anmol\OneDrive\Desktop\Steel_Surface_Defect_NEU_DET-DATASET\SteelDefectX\train_by_class\Red iron sheet\ris_265.jpg
ris_28,Red iron sheet,test,1982,C:\Users\anmol\OneDrive\Desktop\Steel_Surface_Defect_NEU_DET-DATASET\SteelDefectX\train_by_class\Red iron sheet\ris_28.jpg
ris_286,Red iron sheet,test,1987,C:\Users\anmol\OneDrive\Desktop\Steel_Surface_Defect_NEU_DET-DATASET\SteelDefectX\train_by_class\Red iron sheet\ris_286.jpg
ris_29,Red iron sheet,test,1991,C:\Users\anmol\OneDrive\Desktop\Steel_Surface_Defect_NEU_DET-DATASET\SteelDefectX\train_by_class\Red iron sheet\ris_29.jpg
ris_291,Red iron sheet,test,1993,C:\Users\anmol\OneDrive\Desktop\Steel_Surface_Defect_NEU_DET-DATASET\SteelDefectX\train_by_class\Red iron sheet\ris_291.jpg
ris_295,Red iron sheet,test,1997,C:\Users\anmol\OneDrive\Desktop\Steel_Surface_Defect_NEU_DET-DATASET\SteelDefectX\train_by_class\Red iron sheet\ris_295.jpg
ris_305,Red iron sheet,test,2006,C:\Users\anmol\OneDrive\Desktop\Steel_Surface_Defect_NEU_DET-DATASET\SteelDefectX\train_by_class\Red iron sheet\ris_305.jpg
ris_306,Red iron sheet,test,2007,C:\Users\anmol\OneDrive\Desktop\Steel_Surface_Defect_NEU_DET-DATASET\SteelDefectX\train_by_class\Red iron sheet\ris_306.jpg
ris_308,Red iron sheet,test,2008,C:\Users\anmol\OneDrive\Desktop\Steel_Surface_Defect_NEU_DET-DATASET\SteelDefectX\train_by_class\Red iron sheet\ris_308.jpg
ris_322,Red iron sheet,test,2019,C:\Users\anmol\OneDrive\Desktop\Steel_Surface_Defect_NEU_DET-DATASET\SteelDefectX\train_by_class\Red iron sheet\ris_322.jpg
ris_323,Red iron sheet,test,2020,C:\Users\anmol\OneDrive\Desktop\Steel_Surface_Defect_NEU_DET-DATASET\SteelDefectX\train_by_class\Red iron sheet\ris_323.jpg
ris_334,Red iron sheet,test,2030,C:\Users\anmol\OneDrive\Desktop\Steel_Surface_Defect_NEU_DET-DATASET\SteelDefectX\train_by_class\Red iron sheet\ris_334.jpg
ris_341,Red iron sheet,test,2035,C:\Users\anmol\OneDrive\Desktop\Steel_Surface_Defect_NEU_DET-DATASET\SteelDefectX\train_by_class\Red iron sheet\ris_341.jpg
ris_352,Red iron sheet,test,2046,C:\Users\anmol\OneDrive\Desktop\Steel_Surface_Defect_NEU_DET-DATASET\SteelDefectX\train_by_class\Red iron sheet\ris_352.jpg
ris_379,Red iron sheet,test,2065,C:\Users\anmol\OneDrive\Desktop\Steel_Surface_Defect_NEU_DET-DATASET\SteelDefectX\train_by_class\Red iron sheet\ris_379.jpg
ris_38,Red iron sheet,test,2066,C:\Users\anmol\OneDrive\Desktop\Steel_Surface_Defect_NEU_DET-DATASET\SteelDefectX\train_by_class\Red iron sheet\ris_38.jpg
ris_388,Red iron sheet,test,2073,C:\Users\anmol\OneDrive\Desktop\Steel_Surface_Defect_NEU_DET-DATASET\SteelDefectX\train_by_class\Red iron sheet\ris_388.jpg
ris_390,Red iron sheet,test,2074,C:\Users\anmol\OneDrive\Desktop\Steel_Surface_Defect_NEU_DET-DATASET\SteelDefectX\train_by_class\Red iron sheet\ris_390.jpg
ris_391,Red iron sheet,test,2075,C:\Users\anmol\OneDrive\Desktop\Steel_Surface_Defect_NEU_DET-DATASET\SteelDefectX\train_by_class\Red iron sheet\ris_391.jpg
ris_41,Red iron sheet,test,2080,C:\Users\anmol\OneDrive\Desktop\Steel_Surface_Defect_NEU_DET-DATASET\SteelDefectX\train_by_class\Red iron sheet\ris_41.jpg
ris_45,Red iron sheet,test,2082,C:\Users\anmol\OneDrive\Desktop\Steel_Surface_Defect_NEU_DET-DATASET\SteelDefectX\train_by_class\Red iron sheet\ris_45.jpg
ris_49,Red iron sheet,test,2086,C:\Users\anmol\OneDrive\Desktop\Steel_Surface_Defect_NEU_DET-DATASET\SteelDefectX\train_by_class\Red iron sheet\ris_49.jpg
ris_54,Red iron sheet,test,2090,C:\Users\anmol\OneDrive\Desktop\Steel_Surface_Defect_NEU_DET-DATASET\SteelDefectX\train_by_class\Red iron sheet\ris_54.jpg
ris_56,Red iron sheet,test,2092,C:\Users\anmol\OneDrive\Desktop\Steel_Surface_Defect_NEU_DET-DATASET\SteelDefectX\train_by_class\Red iron sheet\ris_56.jpg
ris_58,Red iron sheet,test,2094,C:\Users\anmol\OneDrive\Desktop\Steel_Surface_Defect_NEU_DET-DATASET\SteelDefectX\train_by_class\Red iron sheet\ris_58.jpg
ris_62,Red iron sheet,test,2095,C:\Users\anmol\OneDrive\Desktop\Steel_Surface_Defect_NEU_DET-DATASET\SteelDefectX\train_by_class\Red iron sheet\ris_62.jpg
ris_66,Red iron sheet,test,2097,C:\Users\anmol\OneDrive\Desktop\Steel_Surface_Defect_NEU_DET-DATASET\SteelDefectX\train_by_class\Red iron sheet\ris_66.jpg
ris_73,Red iron sheet,test,2102,C:\Users\anmol\OneDrive\Desktop\Steel_Surface_Defect_NEU_DET-DATASET\SteelDefectX\train_by_class\Red iron sheet\ris_73.jpg
ris_81,Red iron sheet,test,2107,C:\Users\anmol\OneDrive\Desktop\Steel_Surface_Defect_NEU_DET-DATASET\SteelDefectX\train_by_class\Red iron sheet\ris_81.jpg
ris_85,Red iron sheet,test,2107,C:\Users\anmol\OneDrive\Desktop\Steel_Surface_Defect_NEU_DET-DATASET\SteelDefectX\train_by_class\Red iron sheet\ris_85.jpg
ris_96,Red iron sheet,test,2115,C:\Users\anmol\OneDrive\Desktop\Steel_Surface_Defect_NEU_DET-DATASET\SteelDefectX\train_by_class\Red iron sheet\ris_96.jpg
ris_99,Red iron sheet,test,2117,C:\Users\anmol\OneDrive\Desktop\Steel_Surface_Defect_NEU_DET-DATASET\SteelDefectX\train_by_class\Red iron sheet\ris_99.jpg
ris_01,Red iron sheet,train,1846,C:\Users\anmol\OneDrive\Desktop\Steel_Surface_Defect_NEU_DET-DATASET\SteelDefectX\train_by_class\Red iron sheet\ris_01.jpg
ris_02,Red iron sheet,train,1847,C:\Users\anmol\OneDrive\Desktop\Steel_Surface_Defect_NEU_DET-DATASET\SteelDefectX\train_by_class\Red iron sheet\ris_02.jpg
ris_04,Red iron sheet,train,1848,C:\Users\anmol\OneDrive\Desktop\Steel_Surface_Defect_NEU_DET-DATASET\SteelDefectX\train_by_class\Red iron sheet\ris_04.jpg
ris_05,Red iron sheet,train,1849,C:\Users\anmol\OneDrive\Desktop\Steel_Surface_Defect_NEU_DET-DATASET\SteelDefectX\train_by_class\Red iron sheet\ris_05.jpg
ris_07,Red iron sheet,train,1851,C:\Users\anmol\OneDrive\Desktop\Steel_Surface_Defect_NEU_DET-DATASET\SteelDefectX\train_by_class\Red iron sheet\ris_07.jpg
ris_08,Red iron sheet,train,1852,C:\Users\anmol\OneDrive\Desktop\Steel_Surface_Defect_NEU_DET-DATASET\SteelDefectX\train_by_class\Red iron sheet\ris_08.jpg
ris_09,Red iron sheet,train,1853,C:\Users\anmol\OneDrive\Desktop\Steel_Surface_Defect_NEU_DET-DATASET\SteelDefectX\train_by_class\Red iron sheet\ris_09.jpg
ris_101,Red iron sheet,train,1855,C:\Users\anmol\OneDrive\Desktop\Steel_Surface_Defect_NEU_DET-DATASET\SteelDefectX\train_by_class\Red iron sheet\ris_101.jpg
ris_103,Red iron sheet,train,1856,C:\Users\anmol\OneDrive\Desktop\Steel_Surface_Defect_NEU_DET-DATASET\SteelDefectX\train_by_class\Red iron sheet\ris_103.jpg
ris_107,Red iron sheet,train,1858,C:\Users\anmol\OneDrive\Desktop\Steel_Surface_Defect_NEU_DET-DATASET\SteelDefectX\train_by_class\Red iron sheet\ris_107.jpg
ris_11,Red iron sheet,train,1859,C:\Users\anmol\OneDrive\Desktop\Steel_Surface_Defect_NEU_DET-DATASET\SteelDefectX\train_by_class\Red iron sheet\ris_11.jpg
ris_112,Red iron sheet,train,1860,C:\Users\anmol\OneDrive\Desktop\Steel_Surface_Defect_NEU_DET-DATASET\SteelDefectX\train_by_class\Red iron sheet\ris_112.jpg
ris_118,Red iron sheet,train,1864,C:\Users\anmol\OneDrive\Desktop\Steel_Surface_Defect_NEU_DET-DATASET\SteelDefectX\train_by_class\Red iron sheet\ris_118.jpg
ris_119,Red iron sheet,train,1865,C:\Users\anmol\OneDrive\Desktop\Steel_Surface_Defect_NEU_DET-DATASET\SteelDefectX\train_by_class\Red iron sheet\ris_119.jpg
ris_121,Red iron sheet,train,1866,C:\Users\anmol\OneDrive\Desktop\Steel_Surface_Defect_NEU_DET-DATASET\SteelDefectX\train_by_class\Red iron sheet\ris_121.jpg
ris_123,Red iron sheet,train,1867,C:\Users\anmol\OneDrive\Desktop\Steel_Surface_Defect_NEU_DET-DATASET\SteelDefectX\train_by_class\Red iron sheet\ris_123.jpg
ris_124,Red iron sheet,train,1868,C:\Users\anmol\OneDrive\Desktop\Steel_Surface_Defect_NEU_DET-DATASET\SteelDefectX\train_by_class\Red iron sheet\ris_124.jpg
ris_125,Red iron sheet,train,1869,C:\Users\anmol\OneDrive\Desktop\Steel_Surface_Defect_NEU_DET-DATASET\SteelDefectX\train_by_class\Red iron sheet\ris_125.jpg
ris_128,Red iron sheet,train,1870,C:\Users\anmol\OneDrive\Desktop\Steel_Surface_Defect_NEU_DET-DATASET\SteelDefectX\train_by_class\Red iron sheet\ris_128.jpg
ris_129,Red iron sheet,train,1871,C:\Users\anmol\OneDrive\Desktop\Steel_Surface_Defect_NEU_DET-DATASET\SteelDefectX\train_by_class\Red iron sheet\ris_129.jpg
ris_13,Red iron sheet,train,1872,C:\Users\anmol\OneDrive\Desktop\Steel_Surface_Defect_NEU_DET-DATASET\SteelDefectX\train_by_class\Red iron sheet\ris_13.jpg
ris_130,Red iron sheet,train,1873,C:\Users\anmol\OneDrive\Desktop\Steel_Surface_Defect_NEU_DET-DATASET\SteelDefectX\train_by_class\Red iron sheet\ris_130.jpg
ris_132,Red iron sheet,train,1874,C:\Users\anmol\OneDrive\Desktop\Steel_Surface_Defect_NEU_DET-DATASET\SteelDefectX\train_by_class\Red iron sheet\ris_132.jpg
ris_136,Red iron sheet,train,1878,C:\Users\anmol\OneDrive\Desktop\Steel_Surface_Defect_NEU_DET-DATASET\SteelDefectX\train_by_class\Red iron sheet\ris_136.jpg
ris_137,Red iron sheet,train,1879,C:\Users\anmol\OneDrive\Desktop\Steel_Surface_Defect_NEU_DET-DATASET\SteelDefectX\train_by_class\Red iron sheet\ris_137.jpg
ris_138,Red iron sheet,train,1880,C:\Users\anmol\OneDrive\Desktop\Steel_Surface_Defect_NEU_DET-DATASET\SteelDefectX\train_by_class\Red iron sheet\ris_138.jpg
ris_140,Red iron sheet,train,1882,C:\Users\anmol\OneDrive\Desktop\Steel_Surface_Defect_NEU_DET-DATASET\SteelDefectX\train_by_class\Red iron sheet\ris_140.jpg
ris_143,Red iron sheet,train,1884,C:\Users\anmol\OneDrive\Desktop\Steel_Surface_Defect_NEU_DET-DATASET\SteelDefectX\train_by_class\Red iron sheet\ris_143.jpg
ris_145,Red iron sheet,train,1885,C:\Users\anmol\OneDrive\Desktop\Steel_Surface_Defect_NEU_DET-DATASET\SteelDefectX\train_by_class\Red iron sheet\ris_145.jpg
ris_146,Red iron sheet,train,1886,C:\Users\anmol\OneDrive\Desktop\Steel_Surface_Defect_NEU_DET-DATASET\SteelDefectX\train_by_class\Red iron sheet\ris_146.jpg
ris_15,Red iron sheet,train,1888,C:\Users\anmol\OneDrive\Desktop\Steel_Surface_Defect_NEU_DET-DATASET\SteelDefectX\train_by_class\Red iron sheet\ris_15.jpg
ris_151,Red iron sheet,train,1890,C:\Users\anmol\OneDrive\Desktop\Steel_Surface_Defect_NEU_DET-DATASET\SteelDefectX\train_by_class\Red iron sheet\ris_151.jpg
ris_153,Red iron sheet,train,1892,C:\Users\anmol\OneDrive\Desktop\Steel_Surface_Defect_NEU_DET-DATASET\SteelDefectX\train_by_class\Red iron sheet\ris_153.jpg
ris_154,Red iron sheet,train,1893,C:\Users\anmol\OneDrive\Desktop\Steel_Surface_Defect_NEU_DET-DATASET\SteelDefectX\train_by_class\Red iron sheet\ris_154.jpg
ris_158,Red iron sheet,train,1895,C:\Users\anmol\OneDrive\Desktop\Steel_Surface_Defect_NEU_DET-DATASET\SteelDefectX\train_by_class\Red iron sheet\ris_158.jpg
ris_159,Red iron sheet,train,1896,C:\Users\anmol\OneDrive\Desktop\Steel_Surface_Defect_NEU_DET-DATASET\SteelDefectX\train_by_class\Red iron sheet\ris_159.jpg
ris_162,Red iron sheet,train,1898,C:\Users\anmol\OneDrive\Desktop\Steel_Surface_Defect_NEU_DET-DATASET\SteelDefectX\train_by_class\Red iron sheet\ris_162.jpg
ris_17,Red iron sheet,train,1899,C:\Users\anmol\OneDrive\Desktop\Steel_Surface_Defect_NEU_DET-DATASET\SteelDefectX\train_by_class\Red iron sheet\ris_17.jpg
ris_170,Red iron sheet,train,1900,C:\Users\anmol\OneDrive\Desktop\Steel_Surface_Defect_NEU_DET-DATASET\SteelDefectX\train_by_class\Red iron sheet\ris_170.jpg
ris_172,Red iron sheet,train,1902,C:\Users\anmol\OneDrive\Desktop\Steel_Surface_Defect_NEU_DET-DATASET\SteelDefectX\train_by_class\Red iron sheet\ris_172.jpg
ris_173,Red iron sheet,train,1903,C:\Users\anmol\OneDrive\Desktop\Steel_Surface_Defect_NEU_DET-DATASET\SteelDefectX\train_by_class\Red iron sheet\ris_173.jpg
ris_174,Red iron sheet,train,1904,C:\Users\anmol\OneDrive\Desktop\Steel_Surface_Defect_NEU_DET-DATASET\SteelDefectX\train_by_class\Red iron sheet\ris_174.jpg
ris_175,Red iron sheet,train,1905,C:\Users\anmol\OneDrive\Desktop\Steel_Surface_Defect_NEU_DET-DATASET\SteelDefectX\train_by_class\Red iron sheet\ris_175.jpg
ris_179,Red iron sheet,train,1906,C:\Users\anmol\OneDrive\Desktop\Steel_Surface_Defect_NEU_DET-DATASET\SteelDefectX\train_by_class\Red iron sheet\ris_179.jpg
ris_18,Red iron sheet,train,1907,C:\Users\anmol\OneDrive\Desktop\Steel_Surface_Defect_NEU_DET-DATASET\SteelDefectX\train_by_class\Red iron sheet\ris_18.jpg
ris_180,Red iron sheet,train,1908,C:\Users\anmol\OneDrive\Desktop\Steel_Surface_Defect_NEU_DET-DATASET\SteelDefectX\train_by_class\Red iron sheet\ris_180.jpg
ris_181,Red iron sheet,train,1909,C:\Users\anmol\OneDrive\Desktop\Steel_Surface_Defect_NEU_DET-DATASET\SteelDefectX\train_by_class\Red iron sheet\ris_181.jpg
ris_183,Red iron sheet,train,1910,C:\Users\anmol\OneDrive\Desktop\Steel_Surface_Defect_NEU_DET-DATASET\SteelDefectX\train_by_class\Red iron sheet\ris_183.jpg
ris_184,Red iron sheet,train,1911,C:\Users\anmol\OneDrive\Desktop\Steel_Surface_Defect_NEU_DET-DATASET\SteelDefectX\train_by_class\Red iron sheet\ris_184.jpg
ris_185,Red iron sheet,train,1912,C:\Users\anmol\OneDrive\Desktop\Steel_Surface_Defect_NEU_DET-DATASET\SteelDefectX\train_by_class\Red iron sheet\ris_185.jpg
ris_186,Red iron sheet,train,1913,C:\Users\anmol\OneDrive\Desktop\Steel_Surface_Defect_NEU_DET-DATASET\SteelDefectX\train_by_class\Red iron sheet\ris_186.jpg
ris_187,Red iron sheet,train,1914,C:\Users\anmol\OneDrive\Desktop\Steel_Surface_Defect_NEU_DET-DATASET\SteelDefectX\train_by_class\Red iron sheet\ris_187.jpg
ris_193,Red iron sheet,train,1917,C:\Users\anmol\OneDrive\Desktop\Steel_Surface_Defect_NEU_DET-DATASET\SteelDefectX\train_by_class\Red iron sheet\ris_193.jpg
ris_194,Red iron sheet,train,1918,C:\Users\anmol\OneDrive\Desktop\Steel_Surface_Defect_NEU_DET-DATASET\SteelDefectX\train_by_class\Red iron sheet\ris_194.jpg
ris_195,Red iron sheet,train,1919,C:\Users\anmol\OneDrive\Desktop\Steel_Surface_Defect_NEU_DET-DATASET\SteelDefectX\train_by_class\Red iron sheet\ris_195.jpg
ris_196,Red iron sheet,train,1920,C:\Users\anmol\OneDrive\Desktop\Steel_Surface_Defect_NEU_DET-DATASET\SteelDefectX\train_by_class\Red iron sheet\ris_196.jpg
ris_199,Red iron sheet,train,1923,C:\Users\anmol\OneDrive\Desktop\Steel_Surface_Defect_NEU_DET-DATASET\SteelDefectX\train_by_class\Red iron sheet\ris_199.jpg
ris_20,Red iron sheet,train,1924,C:\Users\anmol\OneDrive\Desktop\Steel_Surface_Defect_NEU_DET-DATASET\SteelDefectX\train_by_class\Red iron sheet\ris_20.jpg
ris_207,Red iron sheet,train,1928,C:\Users\anmol\OneDrive\Desktop\Steel_Surface_Defect_NEU_DET-DATASET\SteelDefectX\train_by_class\Red iron sheet\ris_207.jpg
ris_209,Red iron sheet,train,1930,C:\Users\anmol\OneDrive\Desktop\Steel_Surface_Defect_NEU_DET-DATASET\SteelDefectX\train_by_class\Red iron sheet\ris_209.jpg
ris_21,Red iron sheet,train,1931,C:\Users\anmol\OneDrive\Desktop\Steel_Surface_Defect_NEU_DET-DATASET\SteelDefectX\train_by_class\Red iron sheet\ris_21.jpg
ris_210,Red iron sheet,train,1932,C:\Users\anmol\OneDrive\Desktop\Steel_Surface_Defect_NEU_DET-DATASET\SteelDefectX\train_by_class\Red iron sheet\ris_210.jpg
ris_211,Red iron sheet,train,1933,C:\Users\anmol\OneDrive\Desktop\Steel_Surface_Defect_NEU_DET-DATASET\SteelDefectX\train_by_class\Red iron sheet\ris_211.jpg
ris_212,Red iron sheet,train,1928,C:\Users\anmol\OneDrive\Desktop\Steel_Surface_Defect_NEU_DET-DATASET\SteelDefectX\train_by_class\Red iron sheet\ris_212.jpg
ris_214,Red iron sheet,train,1930,C:\Users\anmol\OneDrive\Desktop\Steel_Surface_Defect_NEU_DET-DATASET\SteelDefectX\train_by_class\Red iron sheet\ris_214.jpg
ris_215,Red iron sheet,train,1934,C:\Users\anmol\OneDrive\Desktop\Steel_Surface_Defect_NEU_DET-DATASET\SteelDefectX\train_by_class\Red iron sheet\ris_215.jpg
ris_219,Red iron sheet,train,1936,C:\Users\anmol\OneDrive\Desktop\Steel_Surface_Defect_NEU_DET-DATASET\SteelDefectX\train_by_class\Red iron sheet\ris_219.jpg
ris_22,Red iron sheet,train,1937,C:\Users\anmol\OneDrive\Desktop\Steel_Surface_Defect_NEU_DET-DATASET\SteelDefectX\train_by_class\Red iron sheet\ris_22.jpg
ris_220,Red iron sheet,train,1938,C:\Users\anmol\OneDrive\Desktop\Steel_Surface_Defect_NEU_DET-DATASET\SteelDefectX\train_by_class\Red iron sheet\ris_220.jpg
ris_221,Red iron sheet,train,1939,C:\Users\anmol\OneDrive\Desktop\Steel_Surface_Defect_NEU_DET-DATASET\SteelDefectX\train_by_class\Red iron sheet\ris_221.jpg
ris_222,Red iron sheet,train,1940,C:\Users\anmol\OneDrive\Desktop\Steel_Surface_Defect_NEU_DET-DATASET\SteelDefectX\train_by_class\Red iron sheet\ris_222.jpg
ris_223,Red iron sheet,train,1941,C:\Users\anmol\OneDrive\Desktop\Steel_Surface_Defect_NEU_DET-DATASET\SteelDefectX\train_by_class\Red iron sheet\ris_223.jpg
ris_225,Red iron sheet,train,1943,C:\Users\anmol\OneDrive\Desktop\Steel_Surface_Defect_NEU_DET-DATASET\SteelDefectX\train_by_class\Red iron sheet\ris_225.jpg
ris_226,Red iron sheet,train,1944,C:\Users\anmol\OneDrive\Desktop\Steel_Surface_Defect_NEU_DET-DATASET\SteelDefectX\train_by_class\Red iron sheet\ris_226.jpg
ris_227,Red iron sheet,train,1945,C:\Users\anmol\OneDrive\Desktop\Steel_Surface_Defect_NEU_DET-DATASET\SteelDefectX\train_by_class\Red iron sheet\ris_227.jpg
ris_23,Red iron sheet,train,1947,C:\Users\anmol\OneDrive\Desktop\Steel_Surface_Defect_NEU_DET-DATASET\SteelDefectX\train_by_class\Red iron sheet\ris_23.jpg
ris_230,Red iron sheet,train,1948,C:\Users\anmol\OneDrive\Desktop\Steel_Surface_Defect_NEU_DET-DATASET\SteelDefectX\train_by_class\Red iron sheet\ris_230.jpg
ris_233,Red iron sheet,train,1949,C:\Users\anmol\OneDrive\Desktop\Steel_Surface_Defect_NEU_DET-DATASET\SteelDefectX\train_by_class\Red iron sheet\ris_233.jpg
ris_234,Red iron sheet,train,1950,C:\Users\anmol\OneDrive\Desktop\Steel_Surface_Defect_NEU_DET-DATASET\SteelDefectX\train_by_class\Red iron sheet\ris_234.jpg
ris_236,Red iron sheet,train,1951,C:\Users\anmol\OneDrive\Desktop\Steel_Surface_Defect_NEU_DET-DATASET\SteelDefectX\train_by_class\Red iron sheet\ris_236.jpg
ris_237,Red iron sheet,train,1952,C:\Users\anmol\OneDrive\Desktop\Steel_Surface_Defect_NEU_DET-DATASET\SteelDefectX\train_by_class\Red iron sheet\ris_237.jpg
ris_239,Red iron sheet,train,1953,C:\Users\anmol\OneDrive\Desktop\Steel_Surface_Defect_NEU_DET-DATASET\SteelDefectX\train_by_class\Red iron sheet\ris_239.jpg
ris_241,Red iron sheet,train,1955,C:\Users\anmol\OneDrive\Desktop\Steel_Surface_Defect_NEU_DET-DATASET\SteelDefectX\train_by_class\Red iron sheet\ris_241.jpg
ris_242,Red iron sheet,train,1956,C:\Users\anmol\OneDrive\Desktop\Steel_Surface_Defect_NEU_DET-DATASET\SteelDefectX\train_by_class\Red iron sheet\ris_242.jpg
ris_243,Red iron sheet,train,1957,C:\Users\anmol\OneDrive\Desktop\Steel_Surface_Defect_NEU_DET-DATASET\SteelDefectX\train_by_class\Red iron sheet\ris_243.jpg
ris_246,Red iron sheet,train,1958,C:\Users\anmol\OneDrive\Desktop\Steel_Surface_Defect_NEU_DET-DATASET\SteelDefectX\train_by_class\Red iron sheet\ris_246.jpg
ris_248,Red iron sheet,train,1959,C:\Users\anmol\OneDrive\Desktop\Steel_Surface_Defect_NEU_DET-DATASET\SteelDefectX\train_by_class\Red iron sheet\ris_248.jpg
ris_252,Red iron sheet,train,1961,C:\Users\anmol\OneDrive\Desktop\Steel_Surface_Defect_NEU_DET-DATASET\SteelDefectX\train_by_class\Red iron sheet\ris_252.jpg
ris_253,Red iron sheet,train,1962,C:\Users\anmol\OneDrive\Desktop\Steel_Surface_Defect_NEU_DET-DATASET\SteelDefectX\train_by_class\Red iron sheet\ris_253.jpg
ris_254,Red iron sheet,train,1963,C:\Users\anmol\OneDrive\Desktop\Steel_Surface_Defect_NEU_DET-DATASET\SteelDefectX\train_by_class\Red iron sheet\ris_254.jpg
ris_256,Red iron sheet,train,1965,C:\Users\anmol\OneDrive\Desktop\Steel_Surface_Defect_NEU_DET-DATASET\SteelDefectX\train_by_class\Red iron sheet\ris_256.jpg
ris_258,Red iron sheet,train,1966,C:\Users\anmol\OneDrive\Desktop\Steel_Surface_Defect_NEU_DET-DATASET\SteelDefectX\train_by_class\Red iron sheet\ris_258.jpg
ris_259,Red iron sheet,train,1967,C:\Users\anmol\OneDrive\Desktop\Steel_Surface_Defect_NEU_DET-DATASET\SteelDefectX\train_by_class\Red iron sheet\ris_259.jpg
ris_266,Red iron sheet,train,1973,C:\Users\anmol\OneDrive\Desktop\Steel_Surface_Defect_NEU_DET-DATASET\SteelDefectX\train_by_class\Red iron sheet\ris_266.jpg
ris_268,Red iron sheet,train,1974,C:\Users\anmol\OneDrive\Desktop\Steel_Surface_Defect_NEU_DET-DATASET\SteelDefectX\train_by_class\Red iron sheet\ris_268.jpg
ris_269,Red iron sheet,train,1975,C:\Users\anmol\OneDrive\Desktop\Steel_Surface_Defect_NEU_DET-DATASET\SteelDefectX\train_by_class\Red iron sheet\ris_269.jpg
ris_273,Red iron sheet,train,1977,C:\Users\anmol\OneDrive\Desktop\Steel_Surface_Defect_NEU_DET-DATASET\SteelDefectX\train_by_class\Red iron sheet\ris_273.jpg
ris_274,Red iron sheet,train,1978,C:\Users\anmol\OneDrive\Desktop\Steel_Surface_Defect_NEU_DET-DATASET\SteelDefectX\train_by_class\Red iron sheet\ris_274.jpg
ris_276,Red iron sheet,train,1979,C:\Users\anmol\OneDrive\Desktop\Steel_Surface_Defect_NEU_DET-DATASET\SteelDefectX\train_by_class\Red iron sheet\ris_276.jpg
ris_277,Red iron sheet,train,1980,C:\Users\anmol\OneDrive\Desktop\Steel_Surface_Defect_NEU_DET-DATASET\SteelDefectX\train_by_class\Red iron sheet\ris_277.jpg
ris_278,Red iron sheet,train,1981,C:\Users\anmol\OneDrive\Desktop\Steel_Surface_Defect_NEU_DET-DATASET\SteelDefectX\train_by_class\Red iron sheet\ris_278.jpg
ris_280,Red iron sheet,train,1983,C:\Users\anmol\OneDrive\Desktop\Steel_Surface_Defect_NEU_DET-DATASET\SteelDefectX\train_by_class\Red iron sheet\ris_280.jpg
ris_284,Red iron sheet,train,1985,C:\Users\anmol\OneDrive\Desktop\Steel_Surface_Defect_NEU_DET-DATASET\SteelDefectX\train_by_class\Red iron sheet\ris_284.jpg
ris_285,Red iron sheet,train,1986,C:\Users\anmol\OneDrive\Desktop\Steel_Surface_Defect_NEU_DET-DATASET\SteelDefectX\train_by_class\Red iron sheet\ris_285.jpg
ris_287,Red iron sheet,train,1988,C:\Users\anmol\OneDrive\Desktop\Steel_Surface_Defect_NEU_DET-DATASET\SteelDefectX\train_by_class\Red iron sheet\ris_287.jpg
ris_288,Red iron sheet,train,1989,C:\Users\anmol\OneDrive\Desktop\Steel_Surface_Defect_NEU_DET-DATASET\SteelDefectX\train_by_class\Red iron sheet\ris_288.jpg
ris_289,Red iron sheet,train,1990,C:\Users\anmol\OneDrive\Desktop\Steel_Surface_Defect_NEU_DET-DATASET\SteelDefectX\train_by_class\Red iron sheet\ris_289.jpg
ris_290,Red iron sheet,train,1992,C:\Users\anmol\OneDrive\Desktop\Steel_Surface_Defect_NEU_DET-DATASET\SteelDefectX\train_by_class\Red iron sheet\ris_290.jpg
ris_292,Red iron sheet,train,1994,C:\Users\anmol\OneDrive\Desktop\Steel_Surface_Defect_NEU_DET-DATASET\SteelDefectX\train_by_class\Red iron sheet\ris_292.jpg
ris_293,Red iron sheet,train,1995,C:\Users\anmol\OneDrive\Desktop\Steel_Surface_Defect_NEU_DET-DATASET\SteelDefectX\train_by_class\Red iron sheet\ris_293.jpg
ris_294,Red iron sheet,train,1996,C:\Users\anmol\OneDrive\Desktop\Steel_Surface_Defect_NEU_DET-DATASET\SteelDefectX\train_by_class\Red iron sheet\ris_294.jpg
ris_296,Red iron sheet,train,1998,C:\Users\anmol\OneDrive\Desktop\Steel_Surface_Defect_NEU_DET-DATASET\SteelDefectX\train_by_class\Red iron sheet\ris_296.jpg
ris_298,Red iron sheet,train,2000,C:\Users\anmol\OneDrive\Desktop\Steel_Surface_Defect_NEU_DET-DATASET\SteelDefectX\train_by_class\Red iron sheet\ris_298.jpg
ris_30,Red iron sheet,train,2001,C:\Users\anmol\OneDrive\Desktop\Steel_Surface_Defect_NEU_DET-DATASET\SteelDefectX\train_by_class\Red iron sheet\ris_30.jpg
ris_301,Red iron sheet,train,2002,C:\Users\anmol\OneDrive\Desktop\Steel_Surface_Defect_NEU_DET-DATASET\SteelDefectX\train_by_class\Red iron sheet\ris_301.jpg
ris_302,Red iron sheet,train,2003,C:\Users\anmol\OneDrive\Desktop\Steel_Surface_Defect_NEU_DET-DATASET\SteelDefectX\train_by_class\Red iron sheet\ris_302.jpg
ris_303,Red iron sheet,train,2004,C:\Users\anmol\OneDrive\Desktop\Steel_Surface_Defect_NEU_DET-DATASET\SteelDefectX\train_by_class\Red iron sheet\ris_303.jpg
ris_304,Red iron sheet,train,2005,C:\Users\anmol\OneDrive\Desktop\Steel_Surface_Defect_NEU_DET-DATASET\SteelDefectX\train_by_class\Red iron sheet\ris_304.jpg
ris_31,Red iron sheet,train,2009,C:\Users\anmol\OneDrive\Desktop\Steel_Surface_Defect_NEU_DET-DATASET\SteelDefectX\train_by_class\Red iron sheet\ris_31.jpg
ris_310,Red iron sheet,train,2010,C:\Users\anmol\OneDrive\Desktop\Steel_Surface_Defect_NEU_DET-DATASET\SteelDefectX\train_by_class\Red iron sheet\ris_310.jpg
ris_311,Red iron sheet,train,2011,C:\Users\anmol\OneDrive\Desktop\Steel_Surface_Defect_NEU_DET-DATASET\SteelDefectX\train_by_class\Red iron sheet\ris_311.jpg
ris_312,Red iron sheet,train,2012,C:\Users\anmol\OneDrive\Desktop\Steel_Surface_Defect_NEU_DET-DATASET\SteelDefectX\train_by_class\Red iron sheet\ris_312.jpg
ris_314,Red iron sheet,train,2013,C:\Users\anmol\OneDrive\Desktop\Steel_Surface_Defect_NEU_DET-DATASET\SteelDefectX\train_by_class\Red iron sheet\ris_314.jpg
ris_316,Red iron sheet,train,2014,C:\Users\anmol\OneDrive\Desktop\Steel_Surface_Defect_NEU_DET-DATASET\SteelDefectX\train_by_class\Red iron sheet\ris_316.jpg
ris_318,Red iron sheet,train,2015,C:\Users\anmol\OneDrive\Desktop\Steel_Surface_Defect_NEU_DET-DATASET\SteelDefectX\train_by_class\Red iron sheet\ris_318.jpg
ris_32,Red iron sheet,train,2016,C:\Users\anmol\OneDrive\Desktop\Steel_Surface_Defect_NEU_DET-DATASET\SteelDefectX\train_by_class\Red iron sheet\ris_32.jpg
ris_320,Red iron sheet,train,2017,C:\Users\anmol\OneDrive\Desktop\Steel_Surface_Defect_NEU_DET-DATASET\SteelDefectX\train_by_class\Red iron sheet\ris_320.jpg
ris_324,Red iron sheet,train,2021,C:\Users\anmol\OneDrive\Desktop\Steel_Surface_Defect_NEU_DET-DATASET\SteelDefectX\train_by_class\Red iron sheet\ris_324.jpg
ris_325,Red iron sheet,train,2022,C:\Users\anmol\OneDrive\Desktop\Steel_Surface_Defect_NEU_DET-DATASET\SteelDefectX\train_by_class\Red iron sheet\ris_325.jpg
ris_327,Red iron sheet,train,2024,C:\Users\anmol\OneDrive\Desktop\Steel_Surface_Defect_NEU_DET-DATASET\SteelDefectX\train_by_class\Red iron sheet\ris_327.jpg
ris_328,Red iron sheet,train,2025,C:\Users\anmol\OneDrive\Desktop\Steel_Surface_Defect_NEU_DET-DATASET\SteelDefectX\train_by_class\Red iron sheet\ris_328.jpg
ris_33,Red iron sheet,train,2026,C:\Users\anmol\OneDrive\Desktop\Steel_Surface_Defect_NEU_DET-DATASET\SteelDefectX\train_by_class\Red iron sheet\ris_33.jpg
ris_331,Red iron sheet,train,2028,C:\Users\anmol\OneDrive\Desktop\Steel_Surface_Defect_NEU_DET-DATASET\SteelDefectX\train_by_class\Red iron sheet\ris_331.jpg
ris_332,Red iron sheet,train,2029,C:\Users\anmol\OneDrive\Desktop\Steel_Surface_Defect_NEU_DET-DATASET\SteelDefectX\train_by_class\Red iron sheet\ris_332.jpg
ris_335,Red iron sheet,train,2031,C:\Users\anmol\OneDrive\Desktop\Steel_Surface_Defect_NEU_DET-DATASET\SteelDefectX\train_by_class\Red iron sheet\ris_335.jpg
ris_339,Red iron sheet,train,2032,C:\Users\anmol\OneDrive\Desktop\Steel_Surface_Defect_NEU_DET-DATASET\SteelDefectX\train_by_class\Red iron sheet\ris_339.jpg
ris_34,Red iron sheet,train,2033,C:\Users\anmol\OneDrive\Desktop\Steel_Surface_Defect_NEU_DET-DATASET\SteelDefectX\train_by_class\Red iron sheet\ris_34.jpg
ris_340,Red iron sheet,train,2034,C:\Users\anmol\OneDrive\Desktop\Steel_Surface_Defect_NEU_DET-DATASET\SteelDefectX\train_by_class\Red iron sheet\ris_340.jpg
ris_342,Red iron sheet,train,2036,C:\Users\anmol\OneDrive\Desktop\Steel_Surface_Defect_NEU_DET-DATASET\SteelDefectX\train_by_class\Red iron sheet\ris_342.jpg
ris_344,Red iron sheet,train,2037,C:\Users\anmol\OneDrive\Desktop\Steel_Surface_Defect_NEU_DET-DATASET\SteelDefectX\train_by_class\Red iron sheet\ris_344.jpg
ris_345,Red iron sheet,train,2038,C:\Users\anmol\OneDrive\Desktop\Steel_Surface_Defect_NEU_DET-DATASET\SteelDefectX\train_by_class\Red iron sheet\ris_345.jpg
ris_346,Red iron sheet,train,2039,C:\Users\anmol\OneDrive\Desktop\Steel_Surface_Defect_NEU_DET-DATASET\SteelDefectX\train_by_class\Red iron sheet\ris_346.jpg
ris_347,Red iron sheet,train,2040,C:\Users\anmol\OneDrive\Desktop\Steel_Surface_Defect_NEU_DET-DATASET\SteelDefectX\train_by_class\Red iron sheet\ris_347.jpg
ris_348,Red iron sheet,train,2041,C:\Users\anmol\OneDrive\Desktop\Steel_Surface_Defect_NEU_DET-DATASET\SteelDefectX\train_by_class\Red iron sheet\ris_348.jpg
ris_349,Red iron sheet,train,2042,C:\Users\anmol\OneDrive\Desktop\Steel_Surface_Defect_NEU_DET-DATASET\SteelDefectX\train_by_class\Red iron sheet\ris_349.jpg
ris_35,Red iron sheet,train,2043,C:\Users\anmol\OneDrive\Desktop\Steel_Surface_Defect_NEU_DET-DATASET\SteelDefectX\train_by_class\Red iron sheet\ris_35.jpg
ris_350,Red iron sheet,train,2044,C:\Users\anmol\OneDrive\Desktop\Steel_Surface_Defect_NEU_DET-DATASET\SteelDefectX\train_by_class\Red iron sheet\ris_350.jpg
ris_351,Red iron sheet,train,2045,C:\Users\anmol\OneDrive\Desktop\Steel_Surface_Defect_NEU_DET-DATASET\SteelDefectX\train_by_class\Red iron sheet\ris_351.jpg
ris_354,Red iron sheet,train,2048,C:\Users\anmol\OneDrive\Desktop\Steel_Surface_Defect_NEU_DET-DATASET\SteelDefectX\train_by_class\Red iron sheet\ris_354.jpg
ris_355,Red iron sheet,train,2049,C:\Users\anmol\OneDrive\Desktop\Steel_Surface_Defect_NEU_DET-DATASET\SteelDefectX\train_by_class\Red iron sheet\ris_355.jpg
ris_357,Red iron sheet,train,2051,C:\Users\anmol\OneDrive\Desktop\Steel_Surface_Defect_NEU_DET-DATASET\SteelDefectX\train_by_class\Red iron sheet\ris_357.jpg
ris_358,Red iron sheet,train,2052,C:\Users\anmol\OneDrive\Desktop\Steel_Surface_Defect_NEU_DET-DATASET\SteelDefectX\train_by_class\Red iron sheet\ris_358.jpg
ris_359,Red iron sheet,train,2053,C:\Users\anmol\OneDrive\Desktop\Steel_Surface_Defect_NEU_DET-DATASET\SteelDefectX\train_by_class\Red iron sheet\ris_359.jpg
ris_360,Red iron sheet,train,2054,C:\Users\anmol\OneDrive\Desktop\Steel_Surface_Defect_NEU_DET-DATASET\SteelDefectX\train_by_class\Red iron sheet\ris_360.jpg
ris_364,Red iron sheet,train,2055,C:\Users\anmol\OneDrive\Desktop\Steel_Surface_Defect_NEU_DET-DATASET\SteelDefectX\train_by_class\Red iron sheet\ris_364.jpg
ris_365,Red iron sheet,train,2056,C:\Users\anmol\OneDrive\Desktop\Steel_Surface_Defect_NEU_DET-DATASET\SteelDefectX\train_by_class\Red iron sheet\ris_365.jpg
ris_368,Red iron sheet,train,2058,C:\Users\anmol\OneDrive\Desktop\Steel_Surface_Defect_NEU_DET-DATASET\SteelDefectX\train_by_class\Red iron sheet\ris_368.jpg
ris_371,Red iron sheet,train,2059,C:\Users\anmol\OneDrive\Desktop\Steel_Surface_Defect_NEU_DET-DATASET\SteelDefectX\train_by_class\Red iron sheet\ris_371.jpg
ris_372,Red iron sheet,train,2060,C:\Users\anmol\OneDrive\Desktop\Steel_Surface_Defect_NEU_DET-DATASET\SteelDefectX\train_by_class\Red iron sheet\ris_372.jpg
ris_373,Red iron sheet,train,2061,C:\Users\anmol\OneDrive\Desktop\Steel_Surface_Defect_NEU_DET-DATASET\SteelDefectX\train_by_class\Red iron sheet\ris_373.jpg
ris_377,Red iron sheet,train,2063,C:\Users\anmol\OneDrive\Desktop\Steel_Surface_Defect_NEU_DET-DATASET\SteelDefectX\train_by_class\Red iron sheet\ris_377.jpg
ris_378,Red iron sheet,train,2064,C:\Users\anmol\OneDrive\Desktop\Steel_Surface_Defect_NEU_DET-DATASET\SteelDefectX\train_by_class\Red iron sheet\ris_378.jpg
ris_380,Red iron sheet,train,2067,C:\Users\anmol\OneDrive\Desktop\Steel_Surface_Defect_NEU_DET-DATASET\SteelDefectX\train_by_class\Red iron sheet\ris_380.jpg
ris_381,Red iron sheet,train,2068,C:\Users\anmol\OneDrive\Desktop\Steel_Surface_Defect_NEU_DET-DATASET\SteelDefectX\train_by_class\Red iron sheet\ris_381.jpg
ris_383,Red iron sheet,train,2069,C:\Users\anmol\OneDrive\Desktop\Steel_Surface_Defect_NEU_DET-DATASET\SteelDefectX\train_by_class\Red iron sheet\ris_383.jpg
ris_384,Red iron sheet,train,2070,C:\Users\anmol\OneDrive\Desktop\Steel_Surface_Defect_NEU_DET-DATASET\SteelDefectX\train_by_class\Red iron sheet\ris_384.jpg
ris_386,Red iron sheet,train,2071,C:\Users\anmol\OneDrive\Desktop\Steel_Surface_Defect_NEU_DET-DATASET\SteelDefectX\train_by_class\Red iron sheet\ris_386.jpg
ris_387,Red iron sheet,train,2072,C:\Users\anmol\OneDrive\Desktop\Steel_Surface_Defect_NEU_DET-DATASET\SteelDefectX\train_by_class\Red iron sheet\ris_387.jpg
ris_392,Red iron sheet,train,2076,C:\Users\anmol\OneDrive\Desktop\Steel_Surface_Defect_NEU_DET-DATASET\SteelDefectX\train_by_class\Red iron sheet\ris_392.jpg
ris_395,Red iron sheet,train,2077,C:\Users\anmol\OneDrive\Desktop\Steel_Surface_Defect_NEU_DET-DATASET\SteelDefectX\train_by_class\Red iron sheet\ris_395.jpg
ris_396,Red iron sheet,train,2078,C:\Users\anmol\OneDrive\Desktop\Steel_Surface_Defect_NEU_DET-DATASET\SteelDefectX\train_by_class\Red iron sheet\ris_396.jpg
ris_40,Red iron sheet,train,2079,C:\Users\anmol\OneDrive\Desktop\Steel_Surface_Defect_NEU_DET-DATASET\SteelDefectX\train_by_class\Red iron sheet\ris_40.jpg
ris_46,Red iron sheet,train,2083,C:\Users\anmol\OneDrive\Desktop\Steel_Surface_Defect_NEU_DET-DATASET\SteelDefectX\train_by_class\Red iron sheet\ris_46.jpg
ris_47,Red iron sheet,train,2084,C:\Users\anmol\OneDrive\Desktop\Steel_Surface_Defect_NEU_DET-DATASET\SteelDefectX\train_by_class\Red iron sheet\ris_47.jpg
ris_50,Red iron sheet,train,2087,C:\Users\anmol\OneDrive\Desktop\Steel_Surface_Defect_NEU_DET-DATASET\SteelDefectX\train_by_class\Red iron sheet\ris_50.jpg
ris_51,Red iron sheet,train,2088,C:\Users\anmol\OneDrive\Desktop\Steel_Surface_Defect_NEU_DET-DATASET\SteelDefectX\train_by_class\Red iron sheet\ris_51.jpg
ris_52,Red iron sheet,train,2089,C:\Users\anmol\OneDrive\Desktop\Steel_Surface_Defect_NEU_DET-DATASET\SteelDefectX\train_by_class\Red iron sheet\ris_52.jpg
ris_55,Red iron sheet,train,2091,C:\Users\anmol\OneDrive\Desktop\Steel_Surface_Defect_NEU_DET-DATASET\SteelDefectX\train_by_class\Red iron sheet\ris_55.jpg
ris_57,Red iron sheet,train,2093,C:\Users\anmol\OneDrive\Desktop\Steel_Surface_Defect_NEU_DET-DATASET\SteelDefectX\train_by_class\Red iron sheet\ris_57.jpg
ris_64,Red iron sheet,train,2096,C:\Users\anmol\OneDrive\Desktop\Steel_Surface_Defect_NEU_DET-DATASET\SteelDefectX\train_by_class\Red iron sheet\ris_64.jpg
ris_67,Red iron sheet,train,2098,C:\Users\anmol\OneDrive\Desktop\Steel_Surface_Defect_NEU_DET-DATASET\SteelDefectX\train_by_class\Red iron sheet\ris_67.jpg
ris_70,Red iron sheet,train,2100,C:\Users\anmol\OneDrive\Desktop\Steel_Surface_Defect_NEU_DET-DATASET\SteelDefectX\train_by_class\Red iron sheet\ris_70.jpg
ris_75,Red iron sheet,train,2103,C:\Users\anmol\OneDrive\Desktop\Steel_Surface_Defect_NEU_DET-DATASET\SteelDefectX\train_by_class\Red iron sheet\ris_75.jpg
ris_77,Red iron sheet,train,2104,C:\Users\anmol\OneDrive\Desktop\Steel_Surface_Defect_NEU_DET-DATASET\SteelDefectX\train_by_class\Red iron sheet\ris_77.jpg
ris_79,Red iron sheet,train,2105,C:\Users\anmol\OneDrive\Desktop\Steel_Surface_Defect_NEU_DET-DATASET\SteelDefectX\train_by_class\Red iron sheet\ris_79.jpg
ris_80,Red iron sheet,train,2106,C:\Users\anmol\OneDrive\Desktop\Steel_Surface_Defect_NEU_DET-DATASET\SteelDefectX\train_by_class\Red iron sheet\ris_80.jpg
ris_83,Red iron sheet,train,2105,C:\Users\anmol\OneDrive\Desktop\Steel_Surface_Defect_NEU_DET-DATASET\SteelDefectX\train_by_class\Red iron sheet\ris_83.jpg
ris_84,Red iron sheet,train,2106,C:\Users\anmol\OneDrive\Desktop\Steel_Surface_Defect_NEU_DET-DATASET\SteelDefectX\train_by_class\Red iron sheet\ris_84.jpg
ris_87,Red iron sheet,train,2109,C:\Users\anmol\OneDrive\Desktop\Steel_Surface_Defect_NEU_DET-DATASET\SteelDefectX\train_by_class\Red iron sheet\ris_87.jpg
ris_89,Red iron sheet,train,2110,C:\Users\anmol\OneDrive\Desktop\Steel_Surface_Defect_NEU_DET-DATASET\SteelDefectX\train_by_class\Red iron sheet\ris_89.jpg
ris_91,Red iron sheet,train,2111,C:\Users\anmol\OneDrive\Desktop\Steel_Surface_Defect_NEU_DET-DATASET\SteelDefectX\train_by_class\Red iron sheet\ris_91.jpg
ris_92,Red iron sheet,train,2112,C:\Users\anmol\OneDrive\Desktop\Steel_Surface_Defect_NEU_DET-DATASET\SteelDefectX\train_by_class\Red iron sheet\ris_92.jpg
ris_94,Red iron sheet,train,2113,C:\Users\anmol\OneDrive\Desktop\Steel_Surface_Defect_NEU_DET-DATASET\SteelDefectX\train_by_class\Red iron sheet\ris_94.jpg
ris_95,Red iron sheet,train,2114,C:\Users\anmol\OneDrive\Desktop\Steel_Surface_Defect_NEU_DET-DATASET\SteelDefectX\train_by_class\Red iron sheet\ris_95.jpg
ris_06,Red iron sheet,val,1850,C:\Users\anmol\OneDrive\Desktop\Steel_Surface_Defect_NEU_DET-DATASET\SteelDefectX\train_by_class\Red iron sheet\ris_06.jpg
ris_133,Red iron sheet,val,1875,C:\Users\anmol\OneDrive\Desktop\Steel_Surface_Defect_NEU_DET-DATASET\SteelDefectX\train_by_class\Red iron sheet\ris_133.jpg
ris_147,Red iron sheet,val,1887,C:\Users\anmol\OneDrive\Desktop\Steel_Surface_Defect_NEU_DET-DATASET\SteelDefectX\train_by_class\Red iron sheet\ris_147.jpg
ris_156,Red iron sheet,val,1894,C:\Users\anmol\OneDrive\Desktop\Steel_Surface_Defect_NEU_DET-DATASET\SteelDefectX\train_by_class\Red iron sheet\ris_156.jpg
ris_171,Red iron sheet,val,1901,C:\Users\anmol\OneDrive\Desktop\Steel_Surface_Defect_NEU_DET-DATASET\SteelDefectX\train_by_class\Red iron sheet\ris_171.jpg
ris_191,Red iron sheet,val,1916,C:\Users\anmol\OneDrive\Desktop\Steel_Surface_Defect_NEU_DET-DATASET\SteelDefectX\train_by_class\Red iron sheet\ris_191.jpg
ris_200,Red iron sheet,val,1925,C:\Users\anmol\OneDrive\Desktop\Steel_Surface_Defect_NEU_DET-DATASET\SteelDefectX\train_by_class\Red iron sheet\ris_200.jpg
ris_203,Red iron sheet,val,1927,C:\Users\anmol\OneDrive\Desktop\Steel_Surface_Defect_NEU_DET-DATASET\SteelDefectX\train_by_class\Red iron sheet\ris_203.jpg
ris_216,Red iron sheet,val,1935,C:\Users\anmol\OneDrive\Desktop\Steel_Surface_Defect_NEU_DET-DATASET\SteelDefectX\train_by_class\Red iron sheet\ris_216.jpg
ris_224,Red iron sheet,val,1942,C:\Users\anmol\OneDrive\Desktop\Steel_Surface_Defect_NEU_DET-DATASET\SteelDefectX\train_by_class\Red iron sheet\ris_224.jpg
ris_26,Red iron sheet,val,1968,C:\Users\anmol\OneDrive\Desktop\Steel_Surface_Defect_NEU_DET-DATASET\SteelDefectX\train_by_class\Red iron sheet\ris_26.jpg
ris_263,Red iron sheet,val,1971,C:\Users\anmol\OneDrive\Desktop\Steel_Surface_Defect_NEU_DET-DATASET\SteelDefectX\train_by_class\Red iron sheet\ris_263.jpg
ris_271,Red iron sheet,val,1976,C:\Users\anmol\OneDrive\Desktop\Steel_Surface_Defect_NEU_DET-DATASET\SteelDefectX\train_by_class\Red iron sheet\ris_271.jpg
ris_283,Red iron sheet,val,1984,C:\Users\anmol\OneDrive\Desktop\Steel_Surface_Defect_NEU_DET-DATASET\SteelDefectX\train_by_class\Red iron sheet\ris_283.jpg
ris_297,Red iron sheet,val,1999,C:\Users\anmol\OneDrive\Desktop\Steel_Surface_Defect_NEU_DET-DATASET\SteelDefectX\train_by_class\Red iron sheet\ris_297.jpg
ris_321,Red iron sheet,val,2018,C:\Users\anmol\OneDrive\Desktop\Steel_Surface_Defect_NEU_DET-DATASET\SteelDefectX\train_by_class\Red iron sheet\ris_321.jpg
ris_326,Red iron sheet,val,2023,C:\Users\anmol\OneDrive\Desktop\Steel_Surface_Defect_NEU_DET-DATASET\SteelDefectX\train_by_class\Red iron sheet\ris_326.jpg
ris_330,Red iron sheet,val,2027,C:\Users\anmol\OneDrive\Desktop\Steel_Surface_Defect_NEU_DET-DATASET\SteelDefectX\train_by_class\Red iron sheet\ris_330.jpg
ris_353,Red iron sheet,val,2047,C:\Users\anmol\OneDrive\Desktop\Steel_Surface_Defect_NEU_DET-DATASET\SteelDefectX\train_by_class\Red iron sheet\ris_353.jpg
ris_356,Red iron sheet,val,2050,C:\Users\anmol\OneDrive\Desktop\Steel_Surface_Defect_NEU_DET-DATASET\SteelDefectX\train_by_class\Red iron sheet\ris_356.jpg
ris_366,Red iron sheet,val,2057,C:\Users\anmol\OneDrive\Desktop\Steel_Surface_Defect_NEU_DET-DATASET\SteelDefectX\train_by_class\Red iron sheet\ris_366.jpg
ris_375,Red iron sheet,val,2062,C:\Users\anmol\OneDrive\Desktop\Steel_Surface_Defect_NEU_DET-DATASET\SteelDefectX\train_by_class\Red iron sheet\ris_375.jpg
ris_44,Red iron sheet,val,2081,C:\Users\anmol\OneDrive\Desktop\Steel_Surface_Defect_NEU_DET-DATASET\SteelDefectX\train_by_class\Red iron sheet\ris_44.jpg
ris_48,Red iron sheet,val,2085,C:\Users\anmol\OneDrive\Desktop\Steel_Surface_Defect_NEU_DET-DATASET\SteelDefectX\train_by_class\Red iron sheet\ris_48.jpg
ris_68,Red iron sheet,val,2099,C:\Users\anmol\OneDrive\Desktop\Steel_Surface_Defect_NEU_DET-DATASET\SteelDefectX\train_by_class\Red iron sheet\ris_68.jpg
ris_71,Red iron sheet,val,2101,C:\Users\anmol\OneDrive\Desktop\Steel_Surface_Defect_NEU_DET-DATASET\SteelDefectX\train_by_class\Red iron sheet\ris_71.jpg
ris_82,Red iron sheet,val,2108,C:\Users\anmol\OneDrive\Desktop\Steel_Surface_Defect_NEU_DET-DATASET\SteelDefectX\train_by_class\Red iron sheet\ris_82.jpg
ris_97,Red iron sheet,val,2116,C:\Users\anmol\OneDrive\Desktop\Steel_Surface_Defect_NEU_DET-DATASET\SteelDefectX\train_by_class\Red iron sheet\ris_97.jpg
rp_11,Rolled pit,test,2125,C:\Users\anmol\OneDrive\Desktop\Steel_Surface_Defect_NEU_DET-DATASET\SteelDefectX\train_by_class\Rolled pit\rp_11.jpg
rp_12,Rolled pit,test,2126,C:\Users\anmol\OneDrive\Desktop\Steel_Surface_Defect_NEU_DET-DATASET\SteelDefectX\train_by_class\Rolled pit\rp_12.jpg
rp_13,Rolled pit,test,2127,C:\Users\anmol\OneDrive\Desktop\Steel_Surface_Defect_NEU_DET-DATASET\SteelDefectX\train_by_class\Rolled pit\rp_13.jpg
rp_16,Rolled pit,test,2129,C:\Users\anmol\OneDrive\Desktop\Steel_Surface_Defect_NEU_DET-DATASET\SteelDefectX\train_by_class\Rolled pit\rp_16.jpg
rp_30,Rolled pit,test,2140,C:\Users\anmol\OneDrive\Desktop\Steel_Surface_Defect_NEU_DET-DATASET\SteelDefectX\train_by_class\Rolled pit\rp_30.jpg
rp_37,Rolled pit,test,2144,C:\Users\anmol\OneDrive\Desktop\Steel_Surface_Defect_NEU_DET-DATASET\SteelDefectX\train_by_class\Rolled pit\rp_37.jpg
rp_40,Rolled pit,test,2147,C:\Users\anmol\OneDrive\Desktop\Steel_Surface_Defect_NEU_DET-DATASET\SteelDefectX\train_by_class\Rolled pit\rp_40.jpg
rp_01,Rolled pit,train,2118,C:\Users\anmol\OneDrive\Desktop\Steel_Surface_Defect_NEU_DET-DATASET\SteelDefectX\train_by_class\Rolled pit\rp_01.jpg
rp_02,Rolled pit,train,2119,C:\Users\anmol\OneDrive\Desktop\Steel_Surface_Defect_NEU_DET-DATASET\SteelDefectX\train_by_class\Rolled pit\rp_02.jpg
rp_04,Rolled pit,train,2121,C:\Users\anmol\OneDrive\Desktop\Steel_Surface_Defect_NEU_DET-DATASET\SteelDefectX\train_by_class\Rolled pit\rp_04.jpg
rp_06,Rolled pit,train,2122,C:\Users\anmol\OneDrive\Desktop\Steel_Surface_Defect_NEU_DET-DATASET\SteelDefectX\train_by_class\Rolled pit\rp_06.jpg
rp_07,Rolled pit,train,2123,C:\Users\anmol\OneDrive\Desktop\Steel_Surface_Defect_NEU_DET-DATASET\SteelDefectX\train_by_class\Rolled pit\rp_07.jpg
rp_09,Rolled pit,train,2124,C:\Users\anmol\OneDrive\Desktop\Steel_Surface_Defect_NEU_DET-DATASET\SteelDefectX\train_by_class\Rolled pit\rp_09.jpg
rp_14,Rolled pit,train,2128,C:\Users\anmol\OneDrive\Desktop\Steel_Surface_Defect_NEU_DET-DATASET\SteelDefectX\train_by_class\Rolled pit\rp_14.jpg
rp_18,Rolled pit,train,2130,C:\Users\anmol\OneDrive\Desktop\Steel_Surface_Defect_NEU_DET-DATASET\SteelDefectX\train_by_class\Rolled pit\rp_18.jpg
rp_19,Rolled pit,train,2131,C:\Users\anmol\OneDrive\Desktop\Steel_Surface_Defect_NEU_DET-DATASET\SteelDefectX\train_by_class\Rolled pit\rp_19.jpg
rp_20,Rolled pit,train,2132,C:\Users\anmol\OneDrive\Desktop\Steel_Surface_Defect_NEU_DET-DATASET\SteelDefectX\train_by_class\Rolled pit\rp_20.jpg
rp_21,Rolled pit,train,2133,C:\Users\anmol\OneDrive\Desktop\Steel_Surface_Defect_NEU_DET-DATASET\SteelDefectX\train_by_class\Rolled pit\rp_21.jpg
rp_22,Rolled pit,train,2134,C:\Users\anmol\OneDrive\Desktop\Steel_Surface_Defect_NEU_DET-DATASET\SteelDefectX\train_by_class\Rolled pit\rp_22.jpg
rp_23,Rolled pit,train,2135,C:\Users\anmol\OneDrive\Desktop\Steel_Surface_Defect_NEU_DET-DATASET\SteelDefectX\train_by_class\Rolled pit\rp_23.jpg
rp_28,Rolled pit,train,2139,C:\Users\anmol\OneDrive\Desktop\Steel_Surface_Defect_NEU_DET-DATASET\SteelDefectX\train_by_class\Rolled pit\rp_28.jpg
rp_32,Rolled pit,train,2141,C:\Users\anmol\OneDrive\Desktop\Steel_Surface_Defect_NEU_DET-DATASET\SteelDefectX\train_by_class\Rolled pit\rp_32.jpg
rp_33,Rolled pit,train,2142,C:\Users\anmol\OneDrive\Desktop\Steel_Surface_Defect_NEU_DET-DATASET\SteelDefectX\train_by_class\Rolled pit\rp_33.jpg
rp_36,Rolled pit,train,2143,C:\Users\anmol\OneDrive\Desktop\Steel_Surface_Defect_NEU_DET-DATASET\SteelDefectX\train_by_class\Rolled pit\rp_36.jpg
rp_38,Rolled pit,train,2145,C:\Users\anmol\OneDrive\Desktop\Steel_Surface_Defect_NEU_DET-DATASET\SteelDefectX\train_by_class\Rolled pit\rp_38.jpg
rp_39,Rolled pit,train,2146,C:\Users\anmol\OneDrive\Desktop\Steel_Surface_Defect_NEU_DET-DATASET\SteelDefectX\train_by_class\Rolled pit\rp_39.jpg
rp_43,Rolled pit,train,2148,C:\Users\anmol\OneDrive\Desktop\Steel_Surface_Defect_NEU_DET-DATASET\SteelDefectX\train_by_class\Rolled pit\rp_43.jpg
rp_44,Rolled pit,train,2149,C:\Users\anmol\OneDrive\Desktop\Steel_Surface_Defect_NEU_DET-DATASET\SteelDefectX\train_by_class\Rolled pit\rp_44.jpg
rp_45,Rolled pit,train,2150,C:\Users\anmol\OneDrive\Desktop\Steel_Surface_Defect_NEU_DET-DATASET\SteelDefectX\train_by_class\Rolled pit\rp_45.jpg
rp_48,Rolled pit,train,2151,C:\Users\anmol\OneDrive\Desktop\Steel_Surface_Defect_NEU_DET-DATASET\SteelDefectX\train_by_class\Rolled pit\rp_48.jpg
rp_49,Rolled pit,train,2152,C:\Users\anmol\OneDrive\Desktop\Steel_Surface_Defect_NEU_DET-DATASET\SteelDefectX\train_by_class\Rolled pit\rp_49.jpg
rp_03,Rolled pit,val,2120,C:\Users\anmol\OneDrive\Desktop\Steel_Surface_Defect_NEU_DET-DATASET\SteelDefectX\train_by_class\Rolled pit\rp_03.jpg
rp_24,Rolled pit,val,2136,C:\Users\anmol\OneDrive\Desktop\Steel_Surface_Defect_NEU_DET-DATASET\SteelDefectX\train_by_class\Rolled pit\rp_24.jpg
rp_25,Rolled pit,val,2137,C:\Users\anmol\OneDrive\Desktop\Steel_Surface_Defect_NEU_DET-DATASET\SteelDefectX\train_by_class\Rolled pit\rp_25.jpg
rp_27,Rolled pit,val,2138,C:\Users\anmol\OneDrive\Desktop\Steel_Surface_Defect_NEU_DET-DATASET\SteelDefectX\train_by_class\Rolled pit\rp_27.jpg
ds_08,Scratches,test,2156,C:\Users\anmol\OneDrive\Desktop\Steel_Surface_Defect_NEU_DET-DATASET\SteelDefectX\train_by_class\Scratches\ds_08.jpg
ds_103,Scratches,test,2160,C:\Users\anmol\OneDrive\Desktop\Steel_Surface_Defect_NEU_DET-DATASET\SteelDefectX\train_by_class\Scratches\ds_103.jpg
ds_12,Scratches,test,2171,C:\Users\anmol\OneDrive\Desktop\Steel_Surface_Defect_NEU_DET-DATASET\SteelDefectX\train_by_class\Scratches\ds_12.jpg
ds_132,Scratches,test,2175,C:\Users\anmol\OneDrive\Desktop\Steel_Surface_Defect_NEU_DET-DATASET\SteelDefectX\train_by_class\Scratches\ds_132.jpg
ds_139,Scratches,test,2180,C:\Users\anmol\OneDrive\Desktop\Steel_Surface_Defect_NEU_DET-DATASET\SteelDefectX\train_by_class\Scratches\ds_139.jpg
ds_146,Scratches,test,2187,C:\Users\anmol\OneDrive\Desktop\Steel_Surface_Defect_NEU_DET-DATASET\SteelDefectX\train_by_class\Scratches\ds_146.jpg
ds_150,Scratches,test,2191,C:\Users\anmol\OneDrive\Desktop\Steel_Surface_Defect_NEU_DET-DATASET\SteelDefectX\train_by_class\Scratches\ds_150.jpg
ds_160,Scratches,test,2199,C:\Users\anmol\OneDrive\Desktop\Steel_Surface_Defect_NEU_DET-DATASET\SteelDefectX\train_by_class\Scratches\ds_160.jpg
ds_164,Scratches,test,2202,C:\Users\anmol\OneDrive\Desktop\Steel_Surface_Defect_NEU_DET-DATASET\SteelDefectX\train_by_class\Scratches\ds_164.jpg
ds_166,Scratches,test,2204,C:\Users\anmol\OneDrive\Desktop\Steel_Surface_Defect_NEU_DET-DATASET\SteelDefectX\train_by_class\Scratches\ds_166.jpg
ds_171,Scratches,test,2208,C:\Users\anmol\OneDrive\Desktop\Steel_Surface_Defect_NEU_DET-DATASET\SteelDefectX\train_by_class\Scratches\ds_171.jpg
ds_179,Scratches,test,2214,C:\Users\anmol\OneDrive\Desktop\Steel_Surface_Defect_NEU_DET-DATASET\SteelDefectX\train_by_class\Scratches\ds_179.jpg
ds_180,Scratches,test,2216,C:\Users\anmol\OneDrive\Desktop\Steel_Surface_Defect_NEU_DET-DATASET\SteelDefectX\train_by_class\Scratches\ds_180.jpg
ds_188,Scratches,test,2221,C:\Users\anmol\OneDrive\Desktop\Steel_Surface_Defect_NEU_DET-DATASET\SteelDefectX\train_by_class\Scratches\ds_188.jpg
ds_19,Scratches,test,2223,C:\Users\anmol\OneDrive\Desktop\Steel_Surface_Defect_NEU_DET-DATASET\SteelDefectX\train_by_class\Scratches\ds_19.jpg
ds_197,Scratches,test,2226,C:\Users\anmol\OneDrive\Desktop\Steel_Surface_Defect_NEU_DET-DATASET\SteelDefectX\train_by_class\Scratches\ds_197.jpg
ds_205,Scratches,test,2231,C:\Users\anmol\OneDrive\Desktop\Steel_Surface_Defect_NEU_DET-DATASET\SteelDefectX\train_by_class\Scratches\ds_205.jpg
ds_206,Scratches,test,2232,C:\Users\anmol\OneDrive\Desktop\Steel_Surface_Defect_NEU_DET-DATASET\SteelDefectX\train_by_class\Scratches\ds_206.jpg
ds_226,Scratches,test,2243,C:\Users\anmol\OneDrive\Desktop\Steel_Surface_Defect_NEU_DET-DATASET\SteelDefectX\train_by_class\Scratches\ds_226.jpg
ds_227,Scratches,test,2244,C:\Users\anmol\OneDrive\Desktop\Steel_Surface_Defect_NEU_DET-DATASET\SteelDefectX\train_by_class\Scratches\ds_227.jpg
ds_229,Scratches,test,2246,C:\Users\anmol\OneDrive\Desktop\Steel_Surface_Defect_NEU_DET-DATASET\SteelDefectX\train_by_class\Scratches\ds_229.jpg
ds_238,Scratches,test,2255,C:\Users\anmol\OneDrive\Desktop\Steel_Surface_Defect_NEU_DET-DATASET\SteelDefectX\train_by_class\Scratches\ds_238.jpg
ds_244,Scratches,test,2260,C:\Users\anmol\OneDrive\Desktop\Steel_Surface_Defect_NEU_DET-DATASET\SteelDefectX\train_by_class\Scratches\ds_244.jpg
ds_248,Scratches,test,2264,C:\Users\anmol\OneDrive\Desktop\Steel_Surface_Defect_NEU_DET-DATASET\SteelDefectX\train_by_class\Scratches\ds_248.jpg
ds_251,Scratches,test,2268,C:\Users\anmol\OneDrive\Desktop\Steel_Surface_Defect_NEU_DET-DATASET\SteelDefectX\train_by_class\Scratches\ds_251.jpg
ds_257,Scratches,test,2274,C:\Users\anmol\OneDrive\Desktop\Steel_Surface_Defect_NEU_DET-DATASET\SteelDefectX\train_by_class\Scratches\ds_257.jpg
ds_26,Scratches,test,2276,C:\Users\anmol\OneDrive\Desktop\Steel_Surface_Defect_NEU_DET-DATASET\SteelDefectX\train_by_class\Scratches\ds_26.jpg
ds_267,Scratches,test,2281,C:\Users\anmol\OneDrive\Desktop\Steel_Surface_Defect_NEU_DET-DATASET\SteelDefectX\train_by_class\Scratches\ds_267.jpg
ds_283,Scratches,test,2294,C:\Users\anmol\OneDrive\Desktop\Steel_Surface_Defect_NEU_DET-DATASET\SteelDefectX\train_by_class\Scratches\ds_283.jpg
ds_287,Scratches,test,2297,C:\Users\anmol\OneDrive\Desktop\Steel_Surface_Defect_NEU_DET-DATASET\SteelDefectX\train_by_class\Scratches\ds_287.jpg
ds_294,Scratches,test,2304,C:\Users\anmol\OneDrive\Desktop\Steel_Surface_Defect_NEU_DET-DATASET\SteelDefectX\train_by_class\Scratches\ds_294.jpg
ds_301,Scratches,test,2309,C:\Users\anmol\OneDrive\Desktop\Steel_Surface_Defect_NEU_DET-DATASET\SteelDefectX\train_by_class\Scratches\ds_301.jpg
ds_303,Scratches,test,2311,C:\Users\anmol\OneDrive\Desktop\Steel_Surface_Defect_NEU_DET-DATASET\SteelDefectX\train_by_class\Scratches\ds_303.jpg
ds_320,Scratches,test,2323,C:\Users\anmol\OneDrive\Desktop\Steel_Surface_Defect_NEU_DET-DATASET\SteelDefectX\train_by_class\Scratches\ds_320.jpg
ds_321,Scratches,test,2324,C:\Users\anmol\OneDrive\Desktop\Steel_Surface_Defect_NEU_DET-DATASET\SteelDefectX\train_by_class\Scratches\ds_321.jpg
ds_324,Scratches,test,2327,C:\Users\anmol\OneDrive\Desktop\Steel_Surface_Defect_NEU_DET-DATASET\SteelDefectX\train_by_class\Scratches\ds_324.jpg
ds_33,Scratches,test,2330,C:\Users\anmol\OneDrive\Desktop\Steel_Surface_Defect_NEU_DET-DATASET\SteelDefectX\train_by_class\Scratches\ds_33.jpg
ds_333,Scratches,test,2332,C:\Users\anmol\OneDrive\Desktop\Steel_Surface_Defect_NEU_DET-DATASET\SteelDefectX\train_by_class\Scratches\ds_333.jpg
ds_39,Scratches,test,2338,C:\Users\anmol\OneDrive\Desktop\Steel_Surface_Defect_NEU_DET-DATASET\SteelDefectX\train_by_class\Scratches\ds_39.jpg
ds_40,Scratches,test,2339,C:\Users\anmol\OneDrive\Desktop\Steel_Surface_Defect_NEU_DET-DATASET\SteelDefectX\train_by_class\Scratches\ds_40.jpg
ds_44,Scratches,test,2342,C:\Users\anmol\OneDrive\Desktop\Steel_Surface_Defect_NEU_DET-DATASET\SteelDefectX\train_by_class\Scratches\ds_44.jpg
ds_45,Scratches,test,2343,C:\Users\anmol\OneDrive\Desktop\Steel_Surface_Defect_NEU_DET-DATASET\SteelDefectX\train_by_class\Scratches\ds_45.jpg
ds_46,Scratches,test,2344,C:\Users\anmol\OneDrive\Desktop\Steel_Surface_Defect_NEU_DET-DATASET\SteelDefectX\train_by_class\Scratches\ds_46.jpg
ds_58,Scratches,test,2354,C:\Users\anmol\OneDrive\Desktop\Steel_Surface_Defect_NEU_DET-DATASET\SteelDefectX\train_by_class\Scratches\ds_58.jpg
ds_72,Scratches,test,2368,C:\Users\anmol\OneDrive\Desktop\Steel_Surface_Defect_NEU_DET-DATASET\SteelDefectX\train_by_class\Scratches\ds_72.jpg
ds_77,Scratches,test,2373,C:\Users\anmol\OneDrive\Desktop\Steel_Surface_Defect_NEU_DET-DATASET\SteelDefectX\train_by_class\Scratches\ds_77.jpg
ds_98,Scratches,test,2386,C:\Users\anmol\OneDrive\Desktop\Steel_Surface_Defect_NEU_DET-DATASET\SteelDefectX\train_by_class\Scratches\ds_98.jpg
ds_04,Scratches,train,2153,C:\Users\anmol\OneDrive\Desktop\Steel_Surface_Defect_NEU_DET-DATASET\SteelDefectX\train_by_class\Scratches\ds_04.jpg
ds_05,Scratches,train,2154,C:\Users\anmol\OneDrive\Desktop\Steel_Surface_Defect_NEU_DET-DATASET\SteelDefectX\train_by_class\Scratches\ds_05.jpg
ds_06,Scratches,train,2155,C:\Users\anmol\OneDrive\Desktop\Steel_Surface_Defect_NEU_DET-DATASET\SteelDefectX\train_by_class\Scratches\ds_06.jpg
ds_100,Scratches,train,2157,C:\Users\anmol\OneDrive\Desktop\Steel_Surface_Defect_NEU_DET-DATASET\SteelDefectX\train_by_class\Scratches\ds_100.jpg
ds_101,Scratches,train,2158,C:\Users\anmol\OneDrive\Desktop\Steel_Surface_Defect_NEU_DET-DATASET\SteelDefectX\train_by_class\Scratches\ds_101.jpg
ds_102,Scratches,train,2159,C:\Users\anmol\OneDrive\Desktop\Steel_Surface_Defect_NEU_DET-DATASET\SteelDefectX\train_by_class\Scratches\ds_102.jpg
ds_104,Scratches,train,2161,C:\Users\anmol\OneDrive\Desktop\Steel_Surface_Defect_NEU_DET-DATASET\SteelDefectX\train_by_class\Scratches\ds_104.jpg
ds_105,Scratches,train,2162,C:\Users\anmol\OneDrive\Desktop\Steel_Surface_Defect_NEU_DET-DATASET\SteelDefectX\train_by_class\Scratches\ds_105.jpg
ds_108,Scratches,train,2163,C:\Users\anmol\OneDrive\Desktop\Steel_Surface_Defect_NEU_DET-DATASET\SteelDefectX\train_by_class\Scratches\ds_108.jpg
ds_11,Scratches,train,2164,C:\Users\anmol\OneDrive\Desktop\Steel_Surface_Defect_NEU_DET-DATASET\SteelDefectX\train_by_class\Scratches\ds_11.jpg
ds_111,Scratches,train,2165,C:\Users\anmol\OneDrive\Desktop\Steel_Surface_Defect_NEU_DET-DATASET\SteelDefectX\train_by_class\Scratches\ds_111.jpg
ds_115,Scratches,train,2168,C:\Users\anmol\OneDrive\Desktop\Steel_Surface_Defect_NEU_DET-DATASET\SteelDefectX\train_by_class\Scratches\ds_115.jpg
ds_116,Scratches,train,2169,C:\Users\anmol\OneDrive\Desktop\Steel_Surface_Defect_NEU_DET-DATASET\SteelDefectX\train_by_class\Scratches\ds_116.jpg
ds_119,Scratches,train,2170,C:\Users\anmol\OneDrive\Desktop\Steel_Surface_Defect_NEU_DET-DATASET\SteelDefectX\train_by_class\Scratches\ds_119.jpg
ds_122,Scratches,train,2172,C:\Users\anmol\OneDrive\Desktop\Steel_Surface_Defect_NEU_DET-DATASET\SteelDefectX\train_by_class\Scratches\ds_122.jpg
ds_126,Scratches,train,2173,C:\Users\anmol\OneDrive\Desktop\Steel_Surface_Defect_NEU_DET-DATASET\SteelDefectX\train_by_class\Scratches\ds_126.jpg
ds_131,Scratches,train,2174,C:\Users\anmol\OneDrive\Desktop\Steel_Surface_Defect_NEU_DET-DATASET\SteelDefectX\train_by_class\Scratches\ds_131.jpg
ds_134,Scratches,train,2176,C:\Users\anmol\OneDrive\Desktop\Steel_Surface_Defect_NEU_DET-DATASET\SteelDefectX\train_by_class\Scratches\ds_134.jpg
ds_136,Scratches,train,2177,C:\Users\anmol\OneDrive\Desktop\Steel_Surface_Defect_NEU_DET-DATASET\SteelDefectX\train_by_class\Scratches\ds_136.jpg
ds_137,Scratches,train,2178,C:\Users\anmol\OneDrive\Desktop\Steel_Surface_Defect_NEU_DET-DATASET\SteelDefectX\train_by_class\Scratches\ds_137.jpg
ds_138,Scratches,train,2179,C:\Users\anmol\OneDrive\Desktop\Steel_Surface_Defect_NEU_DET-DATASET\SteelDefectX\train_by_class\Scratches\ds_138.jpg
ds_140,Scratches,train,2181,C:\Users\anmol\OneDrive\Desktop\Steel_Surface_Defect_NEU_DET-DATASET\SteelDefectX\train_by_class\Scratches\ds_140.jpg
ds_141,Scratches,train,2182,C:\Users\anmol\OneDrive\Desktop\Steel_Surface_Defect_NEU_DET-DATASET\SteelDefectX\train_by_class\Scratches\ds_141.jpg
ds_142,Scratches,train,2183,C:\Users\anmol\OneDrive\Desktop\Steel_Surface_Defect_NEU_DET-DATASET\SteelDefectX\train_by_class\Scratches\ds_142.jpg
ds_143,Scratches,train,2184,C:\Users\anmol\OneDrive\Desktop\Steel_Surface_Defect_NEU_DET-DATASET\SteelDefectX\train_by_class\Scratches\ds_143.jpg
ds_144,Scratches,train,2185,C:\Users\anmol\OneDrive\Desktop\Steel_Surface_Defect_NEU_DET-DATASET\SteelDefectX\train_by_class\Scratches\ds_144.jpg
ds_145,Scratches,train,2186,C:\Users\anmol\OneDrive\Desktop\Steel_Surface_Defect_NEU_DET-DATASET\SteelDefectX\train_by_class\Scratches\ds_145.jpg
ds_148,Scratches,train,2188,C:\Users\anmol\OneDrive\Desktop\Steel_Surface_Defect_NEU_DET-DATASET\SteelDefectX\train_by_class\Scratches\ds_148.jpg
ds_149,Scratches,train,2189,C:\Users\anmol\OneDrive\Desktop\Steel_Surface_Defect_NEU_DET-DATASET\SteelDefectX\train_by_class\Scratches\ds_149.jpg
ds_15,Scratches,train,2190,C:\Users\anmol\OneDrive\Desktop\Steel_Surface_Defect_NEU_DET-DATASET\SteelDefectX\train_by_class\Scratches\ds_15.jpg
ds_151,Scratches,train,2192,C:\Users\anmol\OneDrive\Desktop\Steel_Surface_Defect_NEU_DET-DATASET\SteelDefectX\train_by_class\Scratches\ds_151.jpg
ds_152,Scratches,train,2193,C:\Users\anmol\OneDrive\Desktop\Steel_Surface_Defect_NEU_DET-DATASET\SteelDefectX\train_by_class\Scratches\ds_152.jpg
ds_153,Scratches,train,2194,C:\Users\anmol\OneDrive\Desktop\Steel_Surface_Defect_NEU_DET-DATASET\SteelDefectX\train_by_class\Scratches\ds_153.jpg
ds_154,Scratches,train,2195,C:\Users\anmol\OneDrive\Desktop\Steel_Surface_Defect_NEU_DET-DATASET\SteelDefectX\train_by_class\Scratches\ds_154.jpg
ds_156,Scratches,train,2196,C:\Users\anmol\OneDrive\Desktop\Steel_Surface_Defect_NEU_DET-DATASET\SteelDefectX\train_by_class\Scratches\ds_156.jpg
ds_159,Scratches,train,2197,C:\Users\anmol\OneDrive\Desktop\Steel_Surface_Defect_NEU_DET-DATASET\SteelDefectX\train_by_class\Scratches\ds_159.jpg
ds_16,Scratches,train,2198,C:\Users\anmol\OneDrive\Desktop\Steel_Surface_Defect_NEU_DET-DATASET\SteelDefectX\train_by_class\Scratches\ds_16.jpg
ds_161,Scratches,train,2200,C:\Users\anmol\OneDrive\Desktop\Steel_Surface_Defect_NEU_DET-DATASET\SteelDefectX\train_by_class\Scratches\ds_161.jpg
ds_163,Scratches,train,2201,C:\Users\anmol\OneDrive\Desktop\Steel_Surface_Defect_NEU_DET-DATASET\SteelDefectX\train_by_class\Scratches\ds_163.jpg
ds_165,Scratches,train,2203,C:\Users\anmol\OneDrive\Desktop\Steel_Surface_Defect_NEU_DET-DATASET\SteelDefectX\train_by_class\Scratches\ds_165.jpg
ds_169,Scratches,train,2206,C:\Users\anmol\OneDrive\Desktop\Steel_Surface_Defect_NEU_DET-DATASET\SteelDefectX\train_by_class\Scratches\ds_169.jpg
ds_170,Scratches,train,2207,C:\Users\anmol\OneDrive\Desktop\Steel_Surface_Defect_NEU_DET-DATASET\SteelDefectX\train_by_class\Scratches\ds_170.jpg
ds_172,Scratches,train,2209,C:\Users\anmol\OneDrive\Desktop\Steel_Surface_Defect_NEU_DET-DATASET\SteelDefectX\train_by_class\Scratches\ds_172.jpg
ds_173,Scratches,train,2210,C:\Users\anmol\OneDrive\Desktop\Steel_Surface_Defect_NEU_DET-DATASET\SteelDefectX\train_by_class\Scratches\ds_173.jpg
ds_175,Scratches,train,2211,C:\Users\anmol\OneDrive\Desktop\Steel_Surface_Defect_NEU_DET-DATASET\SteelDefectX\train_by_class\Scratches\ds_175.jpg
ds_176,Scratches,train,2212,C:\Users\anmol\OneDrive\Desktop\Steel_Surface_Defect_NEU_DET-DATASET\SteelDefectX\train_by_class\Scratches\ds_176.jpg
ds_178,Scratches,train,2213,C:\Users\anmol\OneDrive\Desktop\Steel_Surface_Defect_NEU_DET-DATASET\SteelDefectX\train_by_class\Scratches\ds_178.jpg
ds_18,Scratches,train,2215,C:\Users\anmol\OneDrive\Desktop\Steel_Surface_Defect_NEU_DET-DATASET\SteelDefectX\train_by_class\Scratches\ds_18.jpg
ds_182,Scratches,train,2217,C:\Users\anmol\OneDrive\Desktop\Steel_Surface_Defect_NEU_DET-DATASET\SteelDefectX\train_by_class\Scratches\ds_182.jpg
ds_184,Scratches,train,2218,C:\Users\anmol\OneDrive\Desktop\Steel_Surface_Defect_NEU_DET-DATASET\SteelDefectX\train_by_class\Scratches\ds_184.jpg
ds_185,Scratches,train,2219,C:\Users\anmol\OneDrive\Desktop\Steel_Surface_Defect_NEU_DET-DATASET\SteelDefectX\train_by_class\Scratches\ds_185.jpg
ds_187,Scratches,train,2220,C:\Users\anmol\OneDrive\Desktop\Steel_Surface_Defect_NEU_DET-DATASET\SteelDefectX\train_by_class\Scratches\ds_187.jpg
ds_189,Scratches,train,2222,C:\Users\anmol\OneDrive\Desktop\Steel_Surface_Defect_NEU_DET-DATASET\SteelDefectX\train_by_class\Scratches\ds_189.jpg
ds_196,Scratches,train,2225,C:\Users\anmol\OneDrive\Desktop\Steel_Surface_Defect_NEU_DET-DATASET\SteelDefectX\train_by_class\Scratches\ds_196.jpg
ds_199,Scratches,train,2227,C:\Users\anmol\OneDrive\Desktop\Steel_Surface_Defect_NEU_DET-DATASET\SteelDefectX\train_by_class\Scratches\ds_199.jpg
ds_208,Scratches,train,2233,C:\Users\anmol\OneDrive\Desktop\Steel_Surface_Defect_NEU_DET-DATASET\SteelDefectX\train_by_class\Scratches\ds_208.jpg
ds_209,Scratches,train,2234,C:\Users\anmol\OneDrive\Desktop\Steel_Surface_Defect_NEU_DET-DATASET\SteelDefectX\train_by_class\Scratches\ds_209.jpg
ds_21,Scratches,train,2235,C:\Users\anmol\OneDrive\Desktop\Steel_Surface_Defect_NEU_DET-DATASET\SteelDefectX\train_by_class\Scratches\ds_21.jpg
ds_211,Scratches,train,2236,C:\Users\anmol\OneDrive\Desktop\Steel_Surface_Defect_NEU_DET-DATASET\SteelDefectX\train_by_class\Scratches\ds_211.jpg
ds_213,Scratches,train,2237,C:\Users\anmol\OneDrive\Desktop\Steel_Surface_Defect_NEU_DET-DATASET\SteelDefectX\train_by_class\Scratches\ds_213.jpg
ds_214,Scratches,train,2238,C:\Users\anmol\OneDrive\Desktop\Steel_Surface_Defect_NEU_DET-DATASET\SteelDefectX\train_by_class\Scratches\ds_214.jpg
ds_215,Scratches,train,2239,C:\Users\anmol\OneDrive\Desktop\Steel_Surface_Defect_NEU_DET-DATASET\SteelDefectX\train_by_class\Scratches\ds_215.jpg
ds_216,Scratches,train,2240,C:\Users\anmol\OneDrive\Desktop\Steel_Surface_Defect_NEU_DET-DATASET\SteelDefectX\train_by_class\Scratches\ds_216.jpg
ds_224,Scratches,train,2242,C:\Users\anmol\OneDrive\Desktop\Steel_Surface_Defect_NEU_DET-DATASET\SteelDefectX\train_by_class\Scratches\ds_224.jpg
ds_23,Scratches,train,2247,C:\Users\anmol\OneDrive\Desktop\Steel_Surface_Defect_NEU_DET-DATASET\SteelDefectX\train_by_class\Scratches\ds_23.jpg
ds_230,Scratches,train,2248,C:\Users\anmol\OneDrive\Desktop\Steel_Surface_Defect_NEU_DET-DATASET\SteelDefectX\train_by_class\Scratches\ds_230.jpg
ds_231,Scratches,train,2249,C:\Users\anmol\OneDrive\Desktop\Steel_Surface_Defect_NEU_DET-DATASET\SteelDefectX\train_by_class\Scratches\ds_231.jpg
ds_232,Scratches,train,2250,C:\Users\anmol\OneDrive\Desktop\Steel_Surface_Defect_NEU_DET-DATASET\SteelDefectX\train_by_class\Scratches\ds_232.jpg
ds_233,Scratches,train,2251,C:\Users\anmol\OneDrive\Desktop\Steel_Surface_Defect_NEU_DET-DATASET\SteelDefectX\train_by_class\Scratches\ds_233.jpg
ds_234,Scratches,train,2252,C:\Users\anmol\OneDrive\Desktop\Steel_Surface_Defect_NEU_DET-DATASET\SteelDefectX\train_by_class\Scratches\ds_234.jpg
ds_236,Scratches,train,2253,C:\Users\anmol\OneDrive\Desktop\Steel_Surface_Defect_NEU_DET-DATASET\SteelDefectX\train_by_class\Scratches\ds_236.jpg
ds_237,Scratches,train,2254,C:\Users\anmol\OneDrive\Desktop\Steel_Surface_Defect_NEU_DET-DATASET\SteelDefectX\train_by_class\Scratches\ds_237.jpg
ds_239,Scratches,train,2256,C:\Users\anmol\OneDrive\Desktop\Steel_Surface_Defect_NEU_DET-DATASET\SteelDefectX\train_by_class\Scratches\ds_239.jpg
ds_242,Scratches,train,2258,C:\Users\anmol\OneDrive\Desktop\Steel_Surface_Defect_NEU_DET-DATASET\SteelDefectX\train_by_class\Scratches\ds_242.jpg
ds_243,Scratches,train,2259,C:\Users\anmol\OneDrive\Desktop\Steel_Surface_Defect_NEU_DET-DATASET\SteelDefectX\train_by_class\Scratches\ds_243.jpg
ds_245,Scratches,train,2261,C:\Users\anmol\OneDrive\Desktop\Steel_Surface_Defect_NEU_DET-DATASET\SteelDefectX\train_by_class\Scratches\ds_245.jpg
ds_247,Scratches,train,2263,C:\Users\anmol\OneDrive\Desktop\Steel_Surface_Defect_NEU_DET-DATASET\SteelDefectX\train_by_class\Scratches\ds_247.jpg
ds_25,Scratches,train,2266,C:\Users\anmol\OneDrive\Desktop\Steel_Surface_Defect_NEU_DET-DATASET\SteelDefectX\train_by_class\Scratches\ds_25.jpg
ds_250,Scratches,train,2267,C:\Users\anmol\OneDrive\Desktop\Steel_Surface_Defect_NEU_DET-DATASET\SteelDefectX\train_by_class\Scratches\ds_250.jpg
ds_252,Scratches,train,2269,C:\Users\anmol\OneDrive\Desktop\Steel_Surface_Defect_NEU_DET-DATASET\SteelDefectX\train_by_class\Scratches\ds_252.jpg
ds_253,Scratches,train,2270,C:\Users\anmol\OneDrive\Desktop\Steel_Surface_Defect_NEU_DET-DATASET\SteelDefectX\train_by_class\Scratches\ds_253.jpg
ds_254,Scratches,train,2271,C:\Users\anmol\OneDrive\Desktop\Steel_Surface_Defect_NEU_DET-DATASET\SteelDefectX\train_by_class\Scratches\ds_254.jpg
ds_255,Scratches,train,2272,C:\Users\anmol\OneDrive\Desktop\Steel_Surface_Defect_NEU_DET-DATASET\SteelDefectX\train_by_class\Scratches\ds_255.jpg
ds_256,Scratches,train,2273,C:\Users\anmol\OneDrive\Desktop\Steel_Surface_Defect_NEU_DET-DATASET\SteelDefectX\train_by_class\Scratches\ds_256.jpg
ds_258,Scratches,train,2275,C:\Users\anmol\OneDrive\Desktop\Steel_Surface_Defect_NEU_DET-DATASET\SteelDefectX\train_by_class\Scratches\ds_258.jpg
ds_262,Scratches,train,2278,C:\Users\anmol\OneDrive\Desktop\Steel_Surface_Defect_NEU_DET-DATASET\SteelDefectX\train_by_class\Scratches\ds_262.jpg
ds_263,Scratches,train,2279,C:\Users\anmol\OneDrive\Desktop\Steel_Surface_Defect_NEU_DET-DATASET\SteelDefectX\train_by_class\Scratches\ds_263.jpg
ds_266,Scratches,train,2280,C:\Users\anmol\OneDrive\Desktop\Steel_Surface_Defect_NEU_DET-DATASET\SteelDefectX\train_by_class\Scratches\ds_266.jpg
ds_269,Scratches,train,2282,C:\Users\anmol\OneDrive\Desktop\Steel_Surface_Defect_NEU_DET-DATASET\SteelDefectX\train_by_class\Scratches\ds_269.jpg
ds_270,Scratches,train,2284,C:\Users\anmol\OneDrive\Desktop\Steel_Surface_Defect_NEU_DET-DATASET\SteelDefectX\train_by_class\Scratches\ds_270.jpg
ds_272,Scratches,train,2286,C:\Users\anmol\OneDrive\Desktop\Steel_Surface_Defect_NEU_DET-DATASET\SteelDefectX\train_by_class\Scratches\ds_272.jpg
ds_273,Scratches,train,2287,C:\Users\anmol\OneDrive\Desktop\Steel_Surface_Defect_NEU_DET-DATASET\SteelDefectX\train_by_class\Scratches\ds_273.jpg
ds_274,Scratches,train,2288,C:\Users\anmol\OneDrive\Desktop\Steel_Surface_Defect_NEU_DET-DATASET\SteelDefectX\train_by_class\Scratches\ds_274.jpg
ds_275,Scratches,train,2289,C:\Users\anmol\OneDrive\Desktop\Steel_Surface_Defect_NEU_DET-DATASET\SteelDefectX\train_by_class\Scratches\ds_275.jpg
ds_277,Scratches,train,2290,C:\Users\anmol\OneDrive\Desktop\Steel_Surface_Defect_NEU_DET-DATASET\SteelDefectX\train_by_class\Scratches\ds_277.jpg
ds_28,Scratches,train,2291,C:\Users\anmol\OneDrive\Desktop\Steel_Surface_Defect_NEU_DET-DATASET\SteelDefectX\train_by_class\Scratches\ds_28.jpg
ds_281,Scratches,train,2292,C:\Users\anmol\OneDrive\Desktop\Steel_Surface_Defect_NEU_DET-DATASET\SteelDefectX\train_by_class\Scratches\ds_281.jpg
ds_282,Scratches,train,2293,C:\Users\anmol\OneDrive\Desktop\Steel_Surface_Defect_NEU_DET-DATASET\SteelDefectX\train_by_class\Scratches\ds_282.jpg
ds_285,Scratches,train,2295,C:\Users\anmol\OneDrive\Desktop\Steel_Surface_Defect_NEU_DET-DATASET\SteelDefectX\train_by_class\Scratches\ds_285.jpg
ds_288,Scratches,train,2298,C:\Users\anmol\OneDrive\Desktop\Steel_Surface_Defect_NEU_DET-DATASET\SteelDefectX\train_by_class\Scratches\ds_288.jpg
ds_289,Scratches,train,2299,C:\Users\anmol\OneDrive\Desktop\Steel_Surface_Defect_NEU_DET-DATASET\SteelDefectX\train_by_class\Scratches\ds_289.jpg
ds_29,Scratches,train,2300,C:\Users\anmol\OneDrive\Desktop\Steel_Surface_Defect_NEU_DET-DATASET\SteelDefectX\train_by_class\Scratches\ds_29.jpg
ds_291,Scratches,train,2301,C:\Users\anmol\OneDrive\Desktop\Steel_Surface_Defect_NEU_DET-DATASET\SteelDefectX\train_by_class\Scratches\ds_291.jpg
ds_292,Scratches,train,2302,C:\Users\anmol\OneDrive\Desktop\Steel_Surface_Defect_NEU_DET-DATASET\SteelDefectX\train_by_class\Scratches\ds_292.jpg
ds_293,Scratches,train,2303,C:\Users\anmol\OneDrive\Desktop\Steel_Surface_Defect_NEU_DET-DATASET\SteelDefectX\train_by_class\Scratches\ds_293.jpg
ds_296,Scratches,train,2305,C:\Users\anmol\OneDrive\Desktop\Steel_Surface_Defect_NEU_DET-DATASET\SteelDefectX\train_by_class\Scratches\ds_296.jpg
ds_297,Scratches,train,2306,C:\Users\anmol\OneDrive\Desktop\Steel_Surface_Defect_NEU_DET-DATASET\SteelDefectX\train_by_class\Scratches\ds_297.jpg
ds_30,Scratches,train,2307,C:\Users\anmol\OneDrive\Desktop\Steel_Surface_Defect_NEU_DET-DATASET\SteelDefectX\train_by_class\Scratches\ds_30.jpg
ds_302,Scratches,train,2310,C:\Users\anmol\OneDrive\Desktop\Steel_Surface_Defect_NEU_DET-DATASET\SteelDefectX\train_by_class\Scratches\ds_302.jpg
ds_304,Scratches,train,2312,C:\Users\anmol\OneDrive\Desktop\Steel_Surface_Defect_NEU_DET-DATASET\SteelDefectX\train_by_class\Scratches\ds_304.jpg
ds_31,Scratches,train,2313,C:\Users\anmol\OneDrive\Desktop\Steel_Surface_Defect_NEU_DET-DATASET\SteelDefectX\train_by_class\Scratches\ds_31.jpg
ds_310,Scratches,train,2314,C:\Users\anmol\OneDrive\Desktop\Steel_Surface_Defect_NEU_DET-DATASET\SteelDefectX\train_by_class\Scratches\ds_310.jpg
ds_311,Scratches,train,2315,C:\Users\anmol\OneDrive\Desktop\Steel_Surface_Defect_NEU_DET-DATASET\SteelDefectX\train_by_class\Scratches\ds_311.jpg
ds_313,Scratches,train,2316,C:\Users\anmol\OneDrive\Desktop\Steel_Surface_Defect_NEU_DET-DATASET\SteelDefectX\train_by_class\Scratches\ds_313.jpg
ds_314,Scratches,train,2317,C:\Users\anmol\OneDrive\Desktop\Steel_Surface_Defect_NEU_DET-DATASET\SteelDefectX\train_by_class\Scratches\ds_314.jpg
ds_316,Scratches,train,2318,C:\Users\anmol\OneDrive\Desktop\Steel_Surface_Defect_NEU_DET-DATASET\SteelDefectX\train_by_class\Scratches\ds_316.jpg
ds_317,Scratches,train,2319,C:\Users\anmol\OneDrive\Desktop\Steel_Surface_Defect_NEU_DET-DATASET\SteelDefectX\train_by_class\Scratches\ds_317.jpg
ds_318,Scratches,train,2320,C:\Users\anmol\OneDrive\Desktop\Steel_Surface_Defect_NEU_DET-DATASET\SteelDefectX\train_by_class\Scratches\ds_318.jpg
ds_319,Scratches,train,2321,C:\Users\anmol\OneDrive\Desktop\Steel_Surface_Defect_NEU_DET-DATASET\SteelDefectX\train_by_class\Scratches\ds_319.jpg
ds_32,Scratches,train,2322,C:\Users\anmol\OneDrive\Desktop\Steel_Surface_Defect_NEU_DET-DATASET\SteelDefectX\train_by_class\Scratches\ds_32.jpg
ds_322,Scratches,train,2325,C:\Users\anmol\OneDrive\Desktop\Steel_Surface_Defect_NEU_DET-DATASET\SteelDefectX\train_by_class\Scratches\ds_322.jpg
ds_323,Scratches,train,2326,C:\Users\anmol\OneDrive\Desktop\Steel_Surface_Defect_NEU_DET-DATASET\SteelDefectX\train_by_class\Scratches\ds_323.jpg
ds_325,Scratches,train,2328,C:\Users\anmol\OneDrive\Desktop\Steel_Surface_Defect_NEU_DET-DATASET\SteelDefectX\train_by_class\Scratches\ds_325.jpg
ds_326,Scratches,train,2329,C:\Users\anmol\OneDrive\Desktop\Steel_Surface_Defect_NEU_DET-DATASET\SteelDefectX\train_by_class\Scratches\ds_326.jpg
ds_330,Scratches,train,2331,C:\Users\anmol\OneDrive\Desktop\Steel_Surface_Defect_NEU_DET-DATASET\SteelDefectX\train_by_class\Scratches\ds_330.jpg
ds_334,Scratches,train,2333,C:\Users\anmol\OneDrive\Desktop\Steel_Surface_Defect_NEU_DET-DATASET\SteelDefectX\train_by_class\Scratches\ds_334.jpg
ds_34,Scratches,train,2334,C:\Users\anmol\OneDrive\Desktop\Steel_Surface_Defect_NEU_DET-DATASET\SteelDefectX\train_by_class\Scratches\ds_34.jpg
ds_35,Scratches,train,2335,C:\Users\anmol\OneDrive\Desktop\Steel_Surface_Defect_NEU_DET-DATASET\SteelDefectX\train_by_class\Scratches\ds_35.jpg
ds_38,Scratches,train,2337,C:\Users\anmol\OneDrive\Desktop\Steel_Surface_Defect_NEU_DET-DATASET\SteelDefectX\train_by_class\Scratches\ds_38.jpg
ds_41,Scratches,train,2340,C:\Users\anmol\OneDrive\Desktop\Steel_Surface_Defect_NEU_DET-DATASET\SteelDefectX\train_by_class\Scratches\ds_41.jpg
ds_42,Scratches,train,2341,C:\Users\anmol\OneDrive\Desktop\Steel_Surface_Defect_NEU_DET-DATASET\SteelDefectX\train_by_class\Scratches\ds_42.jpg
ds_47,Scratches,train,2345,C:\Users\anmol\OneDrive\Desktop\Steel_Surface_Defect_NEU_DET-DATASET\SteelDefectX\train_by_class\Scratches\ds_47.jpg
ds_48,Scratches,train,2346,C:\Users\anmol\OneDrive\Desktop\Steel_Surface_Defect_NEU_DET-DATASET\SteelDefectX\train_by_class\Scratches\ds_48.jpg
ds_49,Scratches,train,2347,C:\Users\anmol\OneDrive\Desktop\Steel_Surface_Defect_NEU_DET-DATASET\SteelDefectX\train_by_class\Scratches\ds_49.jpg
ds_50,Scratches,train,2348,C:\Users\anmol\OneDrive\Desktop\Steel_Surface_Defect_NEU_DET-DATASET\SteelDefectX\train_by_class\Scratches\ds_50.jpg
ds_52,Scratches,train,2349,C:\Users\anmol\OneDrive\Desktop\Steel_Surface_Defect_NEU_DET-DATASET\SteelDefectX\train_by_class\Scratches\ds_52.jpg
ds_53,Scratches,train,2350,C:\Users\anmol\OneDrive\Desktop\Steel_Surface_Defect_NEU_DET-DATASET\SteelDefectX\train_by_class\Scratches\ds_53.jpg
ds_54,Scratches,train,2351,C:\Users\anmol\OneDrive\Desktop\Steel_Surface_Defect_NEU_DET-DATASET\SteelDefectX\train_by_class\Scratches\ds_54.jpg
ds_55,Scratches,train,2352,C:\Users\anmol\OneDrive\Desktop\Steel_Surface_Defect_NEU_DET-DATASET\SteelDefectX\train_by_class\Scratches\ds_55.jpg
ds_57,Scratches,train,2353,C:\Users\anmol\OneDrive\Desktop\Steel_Surface_Defect_NEU_DET-DATASET\SteelDefectX\train_by_class\Scratches\ds_57.jpg
ds_59,Scratches,train,2355,C:\Users\anmol\OneDrive\Desktop\Steel_Surface_Defect_NEU_DET-DATASET\SteelDefectX\train_by_class\Scratches\ds_59.jpg
ds_60,Scratches,train,2356,C:\Users\anmol\OneDrive\Desktop\Steel_Surface_Defect_NEU_DET-DATASET\SteelDefectX\train_by_class\Scratches\ds_60.jpg
ds_61,Scratches,train,2357,C:\Users\anmol\OneDrive\Desktop\Steel_Surface_Defect_NEU_DET-DATASET\SteelDefectX\train_by_class\Scratches\ds_61.jpg
ds_62,Scratches,train,2358,C:\Users\anmol\OneDrive\Desktop\Steel_Surface_Defect_NEU_DET-DATASET\SteelDefectX\train_by_class\Scratches\ds_62.jpg
ds_64,Scratches,train,2360,C:\Users\anmol\OneDrive\Desktop\Steel_Surface_Defect_NEU_DET-DATASET\SteelDefectX\train_by_class\Scratches\ds_64.jpg
ds_65,Scratches,train,2361,C:\Users\anmol\OneDrive\Desktop\Steel_Surface_Defect_NEU_DET-DATASET\SteelDefectX\train_by_class\Scratches\ds_65.jpg
ds_66,Scratches,train,2362,C:\Users\anmol\OneDrive\Desktop\Steel_Surface_Defect_NEU_DET-DATASET\SteelDefectX\train_by_class\Scratches\ds_66.jpg
ds_68,Scratches,train,2364,C:\Users\anmol\OneDrive\Desktop\Steel_Surface_Defect_NEU_DET-DATASET\SteelDefectX\train_by_class\Scratches\ds_68.jpg
ds_69,Scratches,train,2365,C:\Users\anmol\OneDrive\Desktop\Steel_Surface_Defect_NEU_DET-DATASET\SteelDefectX\train_by_class\Scratches\ds_69.jpg
ds_71,Scratches,train,2367,C:\Users\anmol\OneDrive\Desktop\Steel_Surface_Defect_NEU_DET-DATASET\SteelDefectX\train_by_class\Scratches\ds_71.jpg
ds_73,Scratches,train,2369,C:\Users\anmol\OneDrive\Desktop\Steel_Surface_Defect_NEU_DET-DATASET\SteelDefectX\train_by_class\Scratches\ds_73.jpg
ds_74,Scratches,train,2370,C:\Users\anmol\OneDrive\Desktop\Steel_Surface_Defect_NEU_DET-DATASET\SteelDefectX\train_by_class\Scratches\ds_74.jpg
ds_75,Scratches,train,2371,C:\Users\anmol\OneDrive\Desktop\Steel_Surface_Defect_NEU_DET-DATASET\SteelDefectX\train_by_class\Scratches\ds_75.jpg
ds_76,Scratches,train,2372,C:\Users\anmol\OneDrive\Desktop\Steel_Surface_Defect_NEU_DET-DATASET\SteelDefectX\train_by_class\Scratches\ds_76.jpg
ds_80,Scratches,train,2375,C:\Users\anmol\OneDrive\Desktop\Steel_Surface_Defect_NEU_DET-DATASET\SteelDefectX\train_by_class\Scratches\ds_80.jpg
ds_84,Scratches,train,2377,C:\Users\anmol\OneDrive\Desktop\Steel_Surface_Defect_NEU_DET-DATASET\SteelDefectX\train_by_class\Scratches\ds_84.jpg
ds_85,Scratches,train,2378,C:\Users\anmol\OneDrive\Desktop\Steel_Surface_Defect_NEU_DET-DATASET\SteelDefectX\train_by_class\Scratches\ds_85.jpg
ds_86,Scratches,train,2379,C:\Users\anmol\OneDrive\Desktop\Steel_Surface_Defect_NEU_DET-DATASET\SteelDefectX\train_by_class\Scratches\ds_86.jpg
ds_87,Scratches,train,2380,C:\Users\anmol\OneDrive\Desktop\Steel_Surface_Defect_NEU_DET-DATASET\SteelDefectX\train_by_class\Scratches\ds_87.jpg
ds_89,Scratches,train,2381,C:\Users\anmol\OneDrive\Desktop\Steel_Surface_Defect_NEU_DET-DATASET\SteelDefectX\train_by_class\Scratches\ds_89.jpg
ds_90,Scratches,train,2382,C:\Users\anmol\OneDrive\Desktop\Steel_Surface_Defect_NEU_DET-DATASET\SteelDefectX\train_by_class\Scratches\ds_90.jpg
ds_91,Scratches,train,2383,C:\Users\anmol\OneDrive\Desktop\Steel_Surface_Defect_NEU_DET-DATASET\SteelDefectX\train_by_class\Scratches\ds_91.jpg
ds_92,Scratches,train,2384,C:\Users\anmol\OneDrive\Desktop\Steel_Surface_Defect_NEU_DET-DATASET\SteelDefectX\train_by_class\Scratches\ds_92.jpg
ds_96,Scratches,train,2385,C:\Users\anmol\OneDrive\Desktop\Steel_Surface_Defect_NEU_DET-DATASET\SteelDefectX\train_by_class\Scratches\ds_96.jpg
ds_112,Scratches,val,2166,C:\Users\anmol\OneDrive\Desktop\Steel_Surface_Defect_NEU_DET-DATASET\SteelDefectX\train_by_class\Scratches\ds_112.jpg
ds_113,Scratches,val,2167,C:\Users\anmol\OneDrive\Desktop\Steel_Surface_Defect_NEU_DET-DATASET\SteelDefectX\train_by_class\Scratches\ds_113.jpg
ds_168,Scratches,val,2205,C:\Users\anmol\OneDrive\Desktop\Steel_Surface_Defect_NEU_DET-DATASET\SteelDefectX\train_by_class\Scratches\ds_168.jpg
ds_194,Scratches,val,2224,C:\Users\anmol\OneDrive\Desktop\Steel_Surface_Defect_NEU_DET-DATASET\SteelDefectX\train_by_class\Scratches\ds_194.jpg
ds_20,Scratches,val,2228,C:\Users\anmol\OneDrive\Desktop\Steel_Surface_Defect_NEU_DET-DATASET\SteelDefectX\train_by_class\Scratches\ds_20.jpg
ds_200,Scratches,val,2229,C:\Users\anmol\OneDrive\Desktop\Steel_Surface_Defect_NEU_DET-DATASET\SteelDefectX\train_by_class\Scratches\ds_200.jpg
ds_203,Scratches,val,2230,C:\Users\anmol\OneDrive\Desktop\Steel_Surface_Defect_NEU_DET-DATASET\SteelDefectX\train_by_class\Scratches\ds_203.jpg
ds_217,Scratches,val,2241,C:\Users\anmol\OneDrive\Desktop\Steel_Surface_Defect_NEU_DET-DATASET\SteelDefectX\train_by_class\Scratches\ds_217.jpg
ds_228,Scratches,val,2245,C:\Users\anmol\OneDrive\Desktop\Steel_Surface_Defect_NEU_DET-DATASET\SteelDefectX\train_by_class\Scratches\ds_228.jpg
ds_241,Scratches,val,2257,C:\Users\anmol\OneDrive\Desktop\Steel_Surface_Defect_NEU_DET-DATASET\SteelDefectX\train_by_class\Scratches\ds_241.jpg
ds_246,Scratches,val,2262,C:\Users\anmol\OneDrive\Desktop\Steel_Surface_Defect_NEU_DET-DATASET\SteelDefectX\train_by_class\Scratches\ds_246.jpg
ds_249,Scratches,val,2265,C:\Users\anmol\OneDrive\Desktop\Steel_Surface_Defect_NEU_DET-DATASET\SteelDefectX\train_by_class\Scratches\ds_249.jpg
ds_260,Scratches,val,2277,C:\Users\anmol\OneDrive\Desktop\Steel_Surface_Defect_NEU_DET-DATASET\SteelDefectX\train_by_class\Scratches\ds_260.jpg
ds_27,Scratches,val,2283,C:\Users\anmol\OneDrive\Desktop\Steel_Surface_Defect_NEU_DET-DATASET\SteelDefectX\train_by_class\Scratches\ds_27.jpg
ds_271,Scratches,val,2285,C:\Users\anmol\OneDrive\Desktop\Steel_Surface_Defect_NEU_DET-DATASET\SteelDefectX\train_by_class\Scratches\ds_271.jpg
ds_286,Scratches,val,2296,C:\Users\anmol\OneDrive\Desktop\Steel_Surface_Defect_NEU_DET-DATASET\SteelDefectX\train_by_class\Scratches\ds_286.jpg
ds_300,Scratches,val,2308,C:\Users\anmol\OneDrive\Desktop\Steel_Surface_Defect_NEU_DET-DATASET\SteelDefectX\train_by_class\Scratches\ds_300.jpg
ds_37,Scratches,val,2336,C:\Users\anmol\OneDrive\Desktop\Steel_Surface_Defect_NEU_DET-DATASET\SteelDefectX\train_by_class\Scratches\ds_37.jpg
ds_63,Scratches,val,2359,C:\Users\anmol\OneDrive\Desktop\Steel_Surface_Defect_NEU_DET-DATASET\SteelDefectX\train_by_class\Scratches\ds_63.jpg
ds_67,Scratches,val,2363,C:\Users\anmol\OneDrive\Desktop\Steel_Surface_Defect_NEU_DET-DATASET\SteelDefectX\train_by_class\Scratches\ds_67.jpg
ds_70,Scratches,val,2366,C:\Users\anmol\OneDrive\Desktop\Steel_Surface_Defect_NEU_DET-DATASET\SteelDefectX\train_by_class\Scratches\ds_70.jpg
ds_78,Scratches,val,2374,C:\Users\anmol\OneDrive\Desktop\Steel_Surface_Defect_NEU_DET-DATASET\SteelDefectX\train_by_class\Scratches\ds_78.jpg
ds_81,Scratches,val,2376,C:\Users\anmol\OneDrive\Desktop\Steel_Surface_Defect_NEU_DET-DATASET\SteelDefectX\train_by_class\Scratches\ds_81.jpg
Srs_03,Secondary rust skin,test,2388,C:\Users\anmol\OneDrive\Desktop\Steel_Surface_Defect_NEU_DET-DATASET\SteelDefectX\train_by_class\Secondary rust skin\Srs_03.jpg
Srs_06,Secondary rust skin,test,2389,C:\Users\anmol\OneDrive\Desktop\Steel_Surface_Defect_NEU_DET-DATASET\SteelDefectX\train_by_class\Secondary rust skin\Srs_06.jpg
Srs_100,Secondary rust skin,test,2392,C:\Users\anmol\OneDrive\Desktop\Steel_Surface_Defect_NEU_DET-DATASET\SteelDefectX\train_by_class\Secondary rust skin\Srs_100.jpg
Srs_101,Secondary rust skin,test,2393,C:\Users\anmol\OneDrive\Desktop\Steel_Surface_Defect_NEU_DET-DATASET\SteelDefectX\train_by_class\Secondary rust skin\Srs_101.jpg
Srs_104,Secondary rust skin,test,2396,C:\Users\anmol\OneDrive\Desktop\Steel_Surface_Defect_NEU_DET-DATASET\SteelDefectX\train_by_class\Secondary rust skin\Srs_104.jpg
Srs_11,Secondary rust skin,test,2399,C:\Users\anmol\OneDrive\Desktop\Steel_Surface_Defect_NEU_DET-DATASET\SteelDefectX\train_by_class\Secondary rust skin\Srs_11.jpg
Srs_133,Secondary rust skin,test,2415,C:\Users\anmol\OneDrive\Desktop\Steel_Surface_Defect_NEU_DET-DATASET\SteelDefectX\train_by_class\Secondary rust skin\Srs_133.jpg
Srs_134,Secondary rust skin,test,2416,C:\Users\anmol\OneDrive\Desktop\Steel_Surface_Defect_NEU_DET-DATASET\SteelDefectX\train_by_class\Secondary rust skin\Srs_134.jpg
Srs_136,Secondary rust skin,test,2418,C:\Users\anmol\OneDrive\Desktop\Steel_Surface_Defect_NEU_DET-DATASET\SteelDefectX\train_by_class\Secondary rust skin\Srs_136.jpg
Srs_137,Secondary rust skin,test,2419,C:\Users\anmol\OneDrive\Desktop\Steel_Surface_Defect_NEU_DET-DATASET\SteelDefectX\train_by_class\Secondary rust skin\Srs_137.jpg
Srs_158,Secondary rust skin,test,2435,C:\Users\anmol\OneDrive\Desktop\Steel_Surface_Defect_NEU_DET-DATASET\SteelDefectX\train_by_class\Secondary rust skin\Srs_158.jpg
Srs_162,Secondary rust skin,test,2439,C:\Users\anmol\OneDrive\Desktop\Steel_Surface_Defect_NEU_DET-DATASET\SteelDefectX\train_by_class\Secondary rust skin\Srs_162.jpg
Srs_170,Secondary rust skin,test,2446,C:\Users\anmol\OneDrive\Desktop\Steel_Surface_Defect_NEU_DET-DATASET\SteelDefectX\train_by_class\Secondary rust skin\Srs_170.jpg
Srs_195,Secondary rust skin,test,2465,C:\Users\anmol\OneDrive\Desktop\Steel_Surface_Defect_NEU_DET-DATASET\SteelDefectX\train_by_class\Secondary rust skin\Srs_195.jpg
Srs_196,Secondary rust skin,test,2466,C:\Users\anmol\OneDrive\Desktop\Steel_Surface_Defect_NEU_DET-DATASET\SteelDefectX\train_by_class\Secondary rust skin\Srs_196.jpg
Srs_21,Secondary rust skin,test,2469,C:\Users\anmol\OneDrive\Desktop\Steel_Surface_Defect_NEU_DET-DATASET\SteelDefectX\train_by_class\Secondary rust skin\Srs_21.jpg
Srs_22,Secondary rust skin,test,2470,C:\Users\anmol\OneDrive\Desktop\Steel_Surface_Defect_NEU_DET-DATASET\SteelDefectX\train_by_class\Secondary rust skin\Srs_22.jpg
Srs_24,Secondary rust skin,test,2472,C:\Users\anmol\OneDrive\Desktop\Steel_Surface_Defect_NEU_DET-DATASET\SteelDefectX\train_by_class\Secondary rust skin\Srs_24.jpg
Srs_27,Secondary rust skin,test,2474,C:\Users\anmol\OneDrive\Desktop\Steel_Surface_Defect_NEU_DET-DATASET\SteelDefectX\train_by_class\Secondary rust skin\Srs_27.jpg
Srs_41,Secondary rust skin,test,2484,C:\Users\anmol\OneDrive\Desktop\Steel_Surface_Defect_NEU_DET-DATASET\SteelDefectX\train_by_class\Secondary rust skin\Srs_41.jpg
Srs_43,Secondary rust skin,test,2486,C:\Users\anmol\OneDrive\Desktop\Steel_Surface_Defect_NEU_DET-DATASET\SteelDefectX\train_by_class\Secondary rust skin\Srs_43.jpg
Srs_56,Secondary rust skin,test,2495,C:\Users\anmol\OneDrive\Desktop\Steel_Surface_Defect_NEU_DET-DATASET\SteelDefectX\train_by_class\Secondary rust skin\Srs_56.jpg
Srs_58,Secondary rust skin,test,2497,C:\Users\anmol\OneDrive\Desktop\Steel_Surface_Defect_NEU_DET-DATASET\SteelDefectX\train_by_class\Secondary rust skin\Srs_58.jpg
Srs_65,Secondary rust skin,test,2502,C:\Users\anmol\OneDrive\Desktop\Steel_Surface_Defect_NEU_DET-DATASET\SteelDefectX\train_by_class\Secondary rust skin\Srs_65.jpg
Srs_73,Secondary rust skin,test,2507,C:\Users\anmol\OneDrive\Desktop\Steel_Surface_Defect_NEU_DET-DATASET\SteelDefectX\train_by_class\Secondary rust skin\Srs_73.jpg
Srs_74,Secondary rust skin,test,2508,C:\Users\anmol\OneDrive\Desktop\Steel_Surface_Defect_NEU_DET-DATASET\SteelDefectX\train_by_class\Secondary rust skin\Srs_74.jpg
Srs_80,Secondary rust skin,test,2513,C:\Users\anmol\OneDrive\Desktop\Steel_Surface_Defect_NEU_DET-DATASET\SteelDefectX\train_by_class\Secondary rust skin\Srs_80.jpg
Srs_86,Secondary rust skin,test,2517,C:\Users\anmol\OneDrive\Desktop\Steel_Surface_Defect_NEU_DET-DATASET\SteelDefectX\train_by_class\Secondary rust skin\Srs_86.jpg
Srs_02,Secondary rust skin,train,2387,C:\Users\anmol\OneDrive\Desktop\Steel_Surface_Defect_NEU_DET-DATASET\SteelDefectX\train_by_class\Secondary rust skin\Srs_02.jpg
Srs_10,Secondary rust skin,train,2391,C:\Users\anmol\OneDrive\Desktop\Steel_Surface_Defect_NEU_DET-DATASET\SteelDefectX\train_by_class\Secondary rust skin\Srs_10.jpg
Srs_102,Secondary rust skin,train,2394,C:\Users\anmol\OneDrive\Desktop\Steel_Surface_Defect_NEU_DET-DATASET\SteelDefectX\train_by_class\Secondary rust skin\Srs_102.jpg
Srs_103,Secondary rust skin,train,2395,C:\Users\anmol\OneDrive\Desktop\Steel_Surface_Defect_NEU_DET-DATASET\SteelDefectX\train_by_class\Secondary rust skin\Srs_103.jpg
Srs_107,Secondary rust skin,train,2397,C:\Users\anmol\OneDrive\Desktop\Steel_Surface_Defect_NEU_DET-DATASET\SteelDefectX\train_by_class\Secondary rust skin\Srs_107.jpg
Srs_109,Secondary rust skin,train,2398,C:\Users\anmol\OneDrive\Desktop\Steel_Surface_Defect_NEU_DET-DATASET\SteelDefectX\train_by_class\Secondary rust skin\Srs_109.jpg
Srs_113,Secondary rust skin,train,2402,C:\Users\anmol\OneDrive\Desktop\Steel_Surface_Defect_NEU_DET-DATASET\SteelDefectX\train_by_class\Secondary rust skin\Srs_113.jpg
Srs_118,Secondary rust skin,train,2403,C:\Users\anmol\OneDrive\Desktop\Steel_Surface_Defect_NEU_DET-DATASET\SteelDefectX\train_by_class\Secondary rust skin\Srs_118.jpg
Srs_119,Secondary rust skin,train,2404,C:\Users\anmol\OneDrive\Desktop\Steel_Surface_Defect_NEU_DET-DATASET\SteelDefectX\train_by_class\Secondary rust skin\Srs_119.jpg
Srs_12,Secondary rust skin,train,2405,C:\Users\anmol\OneDrive\Desktop\Steel_Surface_Defect_NEU_DET-DATASET\SteelDefectX\train_by_class\Secondary rust skin\Srs_12.jpg
Srs_120,Secondary rust skin,train,2406,C:\Users\anmol\OneDrive\Desktop\Steel_Surface_Defect_NEU_DET-DATASET\SteelDefectX\train_by_class\Secondary rust skin\Srs_120.jpg
Srs_121,Secondary rust skin,train,2407,C:\Users\anmol\OneDrive\Desktop\Steel_Surface_Defect_NEU_DET-DATASET\SteelDefectX\train_by_class\Secondary rust skin\Srs_121.jpg
Srs_122,Secondary rust skin,train,2408,C:\Users\anmol\OneDrive\Desktop\Steel_Surface_Defect_NEU_DET-DATASET\SteelDefectX\train_by_class\Secondary rust skin\Srs_122.jpg
Srs_125,Secondary rust skin,train,2409,C:\Users\anmol\OneDrive\Desktop\Steel_Surface_Defect_NEU_DET-DATASET\SteelDefectX\train_by_class\Secondary rust skin\Srs_125.jpg
Srs_126,Secondary rust skin,train,2410,C:\Users\anmol\OneDrive\Desktop\Steel_Surface_Defect_NEU_DET-DATASET\SteelDefectX\train_by_class\Secondary rust skin\Srs_126.jpg
Srs_128,Secondary rust skin,train,2411,C:\Users\anmol\OneDrive\Desktop\Steel_Surface_Defect_NEU_DET-DATASET\SteelDefectX\train_by_class\Secondary rust skin\Srs_128.jpg
Srs_13,Secondary rust skin,train,2412,C:\Users\anmol\OneDrive\Desktop\Steel_Surface_Defect_NEU_DET-DATASET\SteelDefectX\train_by_class\Secondary rust skin\Srs_13.jpg
Srs_130,Secondary rust skin,train,2413,C:\Users\anmol\OneDrive\Desktop\Steel_Surface_Defect_NEU_DET-DATASET\SteelDefectX\train_by_class\Secondary rust skin\Srs_130.jpg
Srs_131,Secondary rust skin,train,2414,C:\Users\anmol\OneDrive\Desktop\Steel_Surface_Defect_NEU_DET-DATASET\SteelDefectX\train_by_class\Secondary rust skin\Srs_131.jpg
Srs_135,Secondary rust skin,train,2417,C:\Users\anmol\OneDrive\Desktop\Steel_Surface_Defect_NEU_DET-DATASET\SteelDefectX\train_by_class\Secondary rust skin\Srs_135.jpg
Srs_139,Secondary rust skin,train,2420,C:\Users\anmol\OneDrive\Desktop\Steel_Surface_Defect_NEU_DET-DATASET\SteelDefectX\train_by_class\Secondary rust skin\Srs_139.jpg
Srs_14,Secondary rust skin,train,2421,C:\Users\anmol\OneDrive\Desktop\Steel_Surface_Defect_NEU_DET-DATASET\SteelDefectX\train_by_class\Secondary rust skin\Srs_14.jpg
Srs_140,Secondary rust skin,train,2422,C:\Users\anmol\OneDrive\Desktop\Steel_Surface_Defect_NEU_DET-DATASET\SteelDefectX\train_by_class\Secondary rust skin\Srs_140.jpg
Srs_141,Secondary rust skin,train,2423,C:\Users\anmol\OneDrive\Desktop\Steel_Surface_Defect_NEU_DET-DATASET\SteelDefectX\train_by_class\Secondary rust skin\Srs_141.jpg
Srs_143,Secondary rust skin,train,2424,C:\Users\anmol\OneDrive\Desktop\Steel_Surface_Defect_NEU_DET-DATASET\SteelDefectX\train_by_class\Secondary rust skin\Srs_143.jpg
Srs_144,Secondary rust skin,train,2425,C:\Users\anmol\OneDrive\Desktop\Steel_Surface_Defect_NEU_DET-DATASET\SteelDefectX\train_by_class\Secondary rust skin\Srs_144.jpg
Srs_145,Secondary rust skin,train,2426,C:\Users\anmol\OneDrive\Desktop\Steel_Surface_Defect_NEU_DET-DATASET\SteelDefectX\train_by_class\Secondary rust skin\Srs_145.jpg
Srs_149,Secondary rust skin,train,2427,C:\Users\anmol\OneDrive\Desktop\Steel_Surface_Defect_NEU_DET-DATASET\SteelDefectX\train_by_class\Secondary rust skin\Srs_149.jpg
Srs_15,Secondary rust skin,train,2428,C:\Users\anmol\OneDrive\Desktop\Steel_Surface_Defect_NEU_DET-DATASET\SteelDefectX\train_by_class\Secondary rust skin\Srs_15.jpg
Srs_151,Secondary rust skin,train,2429,C:\Users\anmol\OneDrive\Desktop\Steel_Surface_Defect_NEU_DET-DATASET\SteelDefectX\train_by_class\Secondary rust skin\Srs_151.jpg
Srs_155,Secondary rust skin,train,2432,C:\Users\anmol\OneDrive\Desktop\Steel_Surface_Defect_NEU_DET-DATASET\SteelDefectX\train_by_class\Secondary rust skin\Srs_155.jpg
Srs_156,Secondary rust skin,train,2433,C:\Users\anmol\OneDrive\Desktop\Steel_Surface_Defect_NEU_DET-DATASET\SteelDefectX\train_by_class\Secondary rust skin\Srs_156.jpg
Srs_157,Secondary rust skin,train,2434,C:\Users\anmol\OneDrive\Desktop\Steel_Surface_Defect_NEU_DET-DATASET\SteelDefectX\train_by_class\Secondary rust skin\Srs_157.jpg
Srs_159,Secondary rust skin,train,2436,C:\Users\anmol\OneDrive\Desktop\Steel_Surface_Defect_NEU_DET-DATASET\SteelDefectX\train_by_class\Secondary rust skin\Srs_159.jpg
Srs_16,Secondary rust skin,train,2437,C:\Users\anmol\OneDrive\Desktop\Steel_Surface_Defect_NEU_DET-DATASET\SteelDefectX\train_by_class\Secondary rust skin\Srs_16.jpg
Srs_160,Secondary rust skin,train,2438,C:\Users\anmol\OneDrive\Desktop\Steel_Surface_Defect_NEU_DET-DATASET\SteelDefectX\train_by_class\Secondary rust skin\Srs_160.jpg
Srs_163,Secondary rust skin,train,2440,C:\Users\anmol\OneDrive\Desktop\Steel_Surface_Defect_NEU_DET-DATASET\SteelDefectX\train_by_class\Secondary rust skin\Srs_163.jpg
Srs_167,Secondary rust skin,train,2442,C:\Users\anmol\OneDrive\Desktop\Steel_Surface_Defect_NEU_DET-DATASET\SteelDefectX\train_by_class\Secondary rust skin\Srs_167.jpg
Srs_168,Secondary rust skin,train,2443,C:\Users\anmol\OneDrive\Desktop\Steel_Surface_Defect_NEU_DET-DATASET\SteelDefectX\train_by_class\Secondary rust skin\Srs_168.jpg
Srs_169,Secondary rust skin,train,2444,C:\Users\anmol\OneDrive\Desktop\Steel_Surface_Defect_NEU_DET-DATASET\SteelDefectX\train_by_class\Secondary rust skin\Srs_169.jpg
Srs_17,Secondary rust skin,train,2445,C:\Users\anmol\OneDrive\Desktop\Steel_Surface_Defect_NEU_DET-DATASET\SteelDefectX\train_by_class\Secondary rust skin\Srs_17.jpg
Srs_171,Secondary rust skin,train,2447,C:\Users\anmol\OneDrive\Desktop\Steel_Surface_Defect_NEU_DET-DATASET\SteelDefectX\train_by_class\Secondary rust skin\Srs_171.jpg
Srs_172,Secondary rust skin,train,2448,C:\Users\anmol\OneDrive\Desktop\Steel_Surface_Defect_NEU_DET-DATASET\SteelDefectX\train_by_class\Secondary rust skin\Srs_172.jpg
Srs_173,Secondary rust skin,train,2449,C:\Users\anmol\OneDrive\Desktop\Steel_Surface_Defect_NEU_DET-DATASET\SteelDefectX\train_by_class\Secondary rust skin\Srs_173.jpg
Srs_175,Secondary rust skin,train,2450,C:\Users\anmol\OneDrive\Desktop\Steel_Surface_Defect_NEU_DET-DATASET\SteelDefectX\train_by_class\Secondary rust skin\Srs_175.jpg
Srs_176,Secondary rust skin,train,2451,C:\Users\anmol\OneDrive\Desktop\Steel_Surface_Defect_NEU_DET-DATASET\SteelDefectX\train_by_class\Secondary rust skin\Srs_176.jpg
Srs_177,Secondary rust skin,train,2452,C:\Users\anmol\OneDrive\Desktop\Steel_Surface_Defect_NEU_DET-DATASET\SteelDefectX\train_by_class\Secondary rust skin\Srs_177.jpg
Srs_178,Secondary rust skin,train,2453,C:\Users\anmol\OneDrive\Desktop\Steel_Surface_Defect_NEU_DET-DATASET\SteelDefectX\train_by_class\Secondary rust skin\Srs_178.jpg
Srs_18,Secondary rust skin,train,2454,C:\Users\anmol\OneDrive\Desktop\Steel_Surface_Defect_NEU_DET-DATASET\SteelDefectX\train_by_class\Secondary rust skin\Srs_18.jpg
Srs_181,Secondary rust skin,train,2455,C:\Users\anmol\OneDrive\Desktop\Steel_Surface_Defect_NEU_DET-DATASET\SteelDefectX\train_by_class\Secondary rust skin\Srs_181.jpg
Srs_183,Secondary rust skin,train,2456,C:\Users\anmol\OneDrive\Desktop\Steel_Surface_Defect_NEU_DET-DATASET\SteelDefectX\train_by_class\Secondary rust skin\Srs_183.jpg
Srs_184,Secondary rust skin,train,2457,C:\Users\anmol\OneDrive\Desktop\Steel_Surface_Defect_NEU_DET-DATASET\SteelDefectX\train_by_class\Secondary rust skin\Srs_184.jpg
Srs_185,Secondary rust skin,train,2458,C:\Users\anmol\OneDrive\Desktop\Steel_Surface_Defect_NEU_DET-DATASET\SteelDefectX\train_by_class\Secondary rust skin\Srs_185.jpg
Srs_186,Secondary rust skin,train,2459,C:\Users\anmol\OneDrive\Desktop\Steel_Surface_Defect_NEU_DET-DATASET\SteelDefectX\train_by_class\Secondary rust skin\Srs_186.jpg
Srs_19,Secondary rust skin,train,2460,C:\Users\anmol\OneDrive\Desktop\Steel_Surface_Defect_NEU_DET-DATASET\SteelDefectX\train_by_class\Secondary rust skin\Srs_19.jpg
Srs_191,Secondary rust skin,train,2461,C:\Users\anmol\OneDrive\Desktop\Steel_Surface_Defect_NEU_DET-DATASET\SteelDefectX\train_by_class\Secondary rust skin\Srs_191.jpg
Srs_192,Secondary rust skin,train,2462,C:\Users\anmol\OneDrive\Desktop\Steel_Surface_Defect_NEU_DET-DATASET\SteelDefectX\train_by_class\Secondary rust skin\Srs_192.jpg
Srs_193,Secondary rust skin,train,2463,C:\Users\anmol\OneDrive\Desktop\Steel_Surface_Defect_NEU_DET-DATASET\SteelDefectX\train_by_class\Secondary rust skin\Srs_193.jpg
Srs_194,Secondary rust skin,train,2464,C:\Users\anmol\OneDrive\Desktop\Steel_Surface_Defect_NEU_DET-DATASET\SteelDefectX\train_by_class\Secondary rust skin\Srs_194.jpg
Srs_20,Secondary rust skin,train,2468,C:\Users\anmol\OneDrive\Desktop\Steel_Surface_Defect_NEU_DET-DATASET\SteelDefectX\train_by_class\Secondary rust skin\Srs_20.jpg
Srs_23,Secondary rust skin,train,2471,C:\Users\anmol\OneDrive\Desktop\Steel_Surface_Defect_NEU_DET-DATASET\SteelDefectX\train_by_class\Secondary rust skin\Srs_23.jpg
Srs_26,Secondary rust skin,train,2473,C:\Users\anmol\OneDrive\Desktop\Steel_Surface_Defect_NEU_DET-DATASET\SteelDefectX\train_by_class\Secondary rust skin\Srs_26.jpg
Srs_29,Secondary rust skin,train,2476,C:\Users\anmol\OneDrive\Desktop\Steel_Surface_Defect_NEU_DET-DATASET\SteelDefectX\train_by_class\Secondary rust skin\Srs_29.jpg
Srs_30,Secondary rust skin,train,2477,C:\Users\anmol\OneDrive\Desktop\Steel_Surface_Defect_NEU_DET-DATASET\SteelDefectX\train_by_class\Secondary rust skin\Srs_30.jpg
Srs_33,Secondary rust skin,train,2479,C:\Users\anmol\OneDrive\Desktop\Steel_Surface_Defect_NEU_DET-DATASET\SteelDefectX\train_by_class\Secondary rust skin\Srs_33.jpg
Srs_34,Secondary rust skin,train,2480,C:\Users\anmol\OneDrive\Desktop\Steel_Surface_Defect_NEU_DET-DATASET\SteelDefectX\train_by_class\Secondary rust skin\Srs_34.jpg
Srs_36,Secondary rust skin,train,2481,C:\Users\anmol\OneDrive\Desktop\Steel_Surface_Defect_NEU_DET-DATASET\SteelDefectX\train_by_class\Secondary rust skin\Srs_36.jpg
Srs_38,Secondary rust skin,train,2482,C:\Users\anmol\OneDrive\Desktop\Steel_Surface_Defect_NEU_DET-DATASET\SteelDefectX\train_by_class\Secondary rust skin\Srs_38.jpg
Srs_39,Secondary rust skin,train,2483,C:\Users\anmol\OneDrive\Desktop\Steel_Surface_Defect_NEU_DET-DATASET\SteelDefectX\train_by_class\Secondary rust skin\Srs_39.jpg
Srs_42,Secondary rust skin,train,2485,C:\Users\anmol\OneDrive\Desktop\Steel_Surface_Defect_NEU_DET-DATASET\SteelDefectX\train_by_class\Secondary rust skin\Srs_42.jpg
Srs_46,Secondary rust skin,train,2487,C:\Users\anmol\OneDrive\Desktop\Steel_Surface_Defect_NEU_DET-DATASET\SteelDefectX\train_by_class\Secondary rust skin\Srs_46.jpg
Srs_48,Secondary rust skin,train,2488,C:\Users\anmol\OneDrive\Desktop\Steel_Surface_Defect_NEU_DET-DATASET\SteelDefectX\train_by_class\Secondary rust skin\Srs_48.jpg
Srs_50,Secondary rust skin,train,2489,C:\Users\anmol\OneDrive\Desktop\Steel_Surface_Defect_NEU_DET-DATASET\SteelDefectX\train_by_class\Secondary rust skin\Srs_50.jpg
Srs_51,Secondary rust skin,train,2490,C:\Users\anmol\OneDrive\Desktop\Steel_Surface_Defect_NEU_DET-DATASET\SteelDefectX\train_by_class\Secondary rust skin\Srs_51.jpg
Srs_52,Secondary rust skin,train,2491,C:\Users\anmol\OneDrive\Desktop\Steel_Surface_Defect_NEU_DET-DATASET\SteelDefectX\train_by_class\Secondary rust skin\Srs_52.jpg
Srs_53,Secondary rust skin,train,2492,C:\Users\anmol\OneDrive\Desktop\Steel_Surface_Defect_NEU_DET-DATASET\SteelDefectX\train_by_class\Secondary rust skin\Srs_53.jpg
Srs_54,Secondary rust skin,train,2493,C:\Users\anmol\OneDrive\Desktop\Steel_Surface_Defect_NEU_DET-DATASET\SteelDefectX\train_by_class\Secondary rust skin\Srs_54.jpg
Srs_55,Secondary rust skin,train,2494,C:\Users\anmol\OneDrive\Desktop\Steel_Surface_Defect_NEU_DET-DATASET\SteelDefectX\train_by_class\Secondary rust skin\Srs_55.jpg
Srs_57,Secondary rust skin,train,2496,C:\Users\anmol\OneDrive\Desktop\Steel_Surface_Defect_NEU_DET-DATASET\SteelDefectX\train_by_class\Secondary rust skin\Srs_57.jpg
Srs_59,Secondary rust skin,train,2498,C:\Users\anmol\OneDrive\Desktop\Steel_Surface_Defect_NEU_DET-DATASET\SteelDefectX\train_by_class\Secondary rust skin\Srs_59.jpg
Srs_62,Secondary rust skin,train,2499,C:\Users\anmol\OneDrive\Desktop\Steel_Surface_Defect_NEU_DET-DATASET\SteelDefectX\train_by_class\Secondary rust skin\Srs_62.jpg
Srs_64,Secondary rust skin,train,2501,C:\Users\anmol\OneDrive\Desktop\Steel_Surface_Defect_NEU_DET-DATASET\SteelDefectX\train_by_class\Secondary rust skin\Srs_64.jpg
Srs_66,Secondary rust skin,train,2503,C:\Users\anmol\OneDrive\Desktop\Steel_Surface_Defect_NEU_DET-DATASET\SteelDefectX\train_by_class\Secondary rust skin\Srs_66.jpg
Srs_67,Secondary rust skin,train,2504,C:\Users\anmol\OneDrive\Desktop\Steel_Surface_Defect_NEU_DET-DATASET\SteelDefectX\train_by_class\Secondary rust skin\Srs_67.jpg
Srs_69,Secondary rust skin,train,2506,C:\Users\anmol\OneDrive\Desktop\Steel_Surface_Defect_NEU_DET-DATASET\SteelDefectX\train_by_class\Secondary rust skin\Srs_69.jpg
Srs_75,Secondary rust skin,train,2509,C:\Users\anmol\OneDrive\Desktop\Steel_Surface_Defect_NEU_DET-DATASET\SteelDefectX\train_by_class\Secondary rust skin\Srs_75.jpg
Srs_78,Secondary rust skin,train,2511,C:\Users\anmol\OneDrive\Desktop\Steel_Surface_Defect_NEU_DET-DATASET\SteelDefectX\train_by_class\Secondary rust skin\Srs_78.jpg
Srs_79,Secondary rust skin,train,2512,C:\Users\anmol\OneDrive\Desktop\Steel_Surface_Defect_NEU_DET-DATASET\SteelDefectX\train_by_class\Secondary rust skin\Srs_79.jpg
Srs_82,Secondary rust skin,train,2514,C:\Users\anmol\OneDrive\Desktop\Steel_Surface_Defect_NEU_DET-DATASET\SteelDefectX\train_by_class\Secondary rust skin\Srs_82.jpg
Srs_83,Secondary rust skin,train,2515,C:\Users\anmol\OneDrive\Desktop\Steel_Surface_Defect_NEU_DET-DATASET\SteelDefectX\train_by_class\Secondary rust skin\Srs_83.jpg
Srs_85,Secondary rust skin,train,2516,C:\Users\anmol\OneDrive\Desktop\Steel_Surface_Defect_NEU_DET-DATASET\SteelDefectX\train_by_class\Secondary rust skin\Srs_85.jpg
Srs_87,Secondary rust skin,train,2518,C:\Users\anmol\OneDrive\Desktop\Steel_Surface_Defect_NEU_DET-DATASET\SteelDefectX\train_by_class\Secondary rust skin\Srs_87.jpg
Srs_89,Secondary rust skin,train,2519,C:\Users\anmol\OneDrive\Desktop\Steel_Surface_Defect_NEU_DET-DATASET\SteelDefectX\train_by_class\Secondary rust skin\Srs_89.jpg
Srs_94,Secondary rust skin,train,2520,C:\Users\anmol\OneDrive\Desktop\Steel_Surface_Defect_NEU_DET-DATASET\SteelDefectX\train_by_class\Secondary rust skin\Srs_94.jpg
Srs_96,Secondary rust skin,train,2522,C:\Users\anmol\OneDrive\Desktop\Steel_Surface_Defect_NEU_DET-DATASET\SteelDefectX\train_by_class\Secondary rust skin\Srs_96.jpg
Srs_98,Secondary rust skin,train,2524,C:\Users\anmol\OneDrive\Desktop\Steel_Surface_Defect_NEU_DET-DATASET\SteelDefectX\train_by_class\Secondary rust skin\Srs_98.jpg
Srs_99,Secondary rust skin,train,2525,C:\Users\anmol\OneDrive\Desktop\Steel_Surface_Defect_NEU_DET-DATASET\SteelDefectX\train_by_class\Secondary rust skin\Srs_99.jpg
Srs_07,Secondary rust skin,val,2390,C:\Users\anmol\OneDrive\Desktop\Steel_Surface_Defect_NEU_DET-DATASET\SteelDefectX\train_by_class\Secondary rust skin\Srs_07.jpg
Srs_111,Secondary rust skin,val,2400,C:\Users\anmol\OneDrive\Desktop\Steel_Surface_Defect_NEU_DET-DATASET\SteelDefectX\train_by_class\Secondary rust skin\Srs_111.jpg
Srs_112,Secondary rust skin,val,2401,C:\Users\anmol\OneDrive\Desktop\Steel_Surface_Defect_NEU_DET-DATASET\SteelDefectX\train_by_class\Secondary rust skin\Srs_112.jpg
Srs_152,Secondary rust skin,val,2430,C:\Users\anmol\OneDrive\Desktop\Steel_Surface_Defect_NEU_DET-DATASET\SteelDefectX\train_by_class\Secondary rust skin\Srs_152.jpg
Srs_153,Secondary rust skin,val,2431,C:\Users\anmol\OneDrive\Desktop\Steel_Surface_Defect_NEU_DET-DATASET\SteelDefectX\train_by_class\Secondary rust skin\Srs_153.jpg
Srs_166,Secondary rust skin,val,2441,C:\Users\anmol\OneDrive\Desktop\Steel_Surface_Defect_NEU_DET-DATASET\SteelDefectX\train_by_class\Secondary rust skin\Srs_166.jpg
Srs_197,Secondary rust skin,val,2467,C:\Users\anmol\OneDrive\Desktop\Steel_Surface_Defect_NEU_DET-DATASET\SteelDefectX\train_by_class\Secondary rust skin\Srs_197.jpg
Srs_28,Secondary rust skin,val,2475,C:\Users\anmol\OneDrive\Desktop\Steel_Surface_Defect_NEU_DET-DATASET\SteelDefectX\train_by_class\Secondary rust skin\Srs_28.jpg
Srs_32,Secondary rust skin,val,2478,C:\Users\anmol\OneDrive\Desktop\Steel_Surface_Defect_NEU_DET-DATASET\SteelDefectX\train_by_class\Secondary rust skin\Srs_32.jpg
Srs_63,Secondary rust skin,val,2500,C:\Users\anmol\OneDrive\Desktop\Steel_Surface_Defect_NEU_DET-DATASET\SteelDefectX\train_by_class\Secondary rust skin\Srs_63.jpg
Srs_68,Secondary rust skin,val,2505,C:\Users\anmol\OneDrive\Desktop\Steel_Surface_Defect_NEU_DET-DATASET\SteelDefectX\train_by_class\Secondary rust skin\Srs_68.jpg
Srs_77,Secondary rust skin,val,2510,C:\Users\anmol\OneDrive\Desktop\Steel_Surface_Defect_NEU_DET-DATASET\SteelDefectX\train_by_class\Secondary rust skin\Srs_77.jpg
Srs_95,Secondary rust skin,val,2521,C:\Users\anmol\OneDrive\Desktop\Steel_Surface_Defect_NEU_DET-DATASET\SteelDefectX\train_by_class\Secondary rust skin\Srs_95.jpg
Srs_97,Secondary rust skin,val,2523,C:\Users\anmol\OneDrive\Desktop\Steel_Surface_Defect_NEU_DET-DATASET\SteelDefectX\train_by_class\Secondary rust skin\Srs_97.jpg
ss_05,Silk spot,test,2528,C:\Users\anmol\OneDrive\Desktop\Steel_Surface_Defect_NEU_DET-DATASET\SteelDefectX\train_by_class\Silk spot\ss_05.jpg
ss_06,Silk spot,test,2529,C:\Users\anmol\OneDrive\Desktop\Steel_Surface_Defect_NEU_DET-DATASET\SteelDefectX\train_by_class\Silk spot\ss_06.jpg
ss_104,Silk spot,test,2535,C:\Users\anmol\OneDrive\Desktop\Steel_Surface_Defect_NEU_DET-DATASET\SteelDefectX\train_by_class\Silk spot\ss_104.jpg
ss_108,Silk spot,test,2537,C:\Users\anmol\OneDrive\Desktop\Steel_Surface_Defect_NEU_DET-DATASET\SteelDefectX\train_by_class\Silk spot\ss_108.jpg
ss_113,Silk spot,test,2539,C:\Users\anmol\OneDrive\Desktop\Steel_Surface_Defect_NEU_DET-DATASET\SteelDefectX\train_by_class\Silk spot\ss_113.jpg
ss_114,Silk spot,test,2540,C:\Users\anmol\OneDrive\Desktop\Steel_Surface_Defect_NEU_DET-DATASET\SteelDefectX\train_by_class\Silk spot\ss_114.jpg
ss_170,Silk spot,test,2558,C:\Users\anmol\OneDrive\Desktop\Steel_Surface_Defect_NEU_DET-DATASET\SteelDefectX\train_by_class\Silk spot\ss_170.jpg
ss_175,Silk spot,test,2561,C:\Users\anmol\OneDrive\Desktop\Steel_Surface_Defect_NEU_DET-DATASET\SteelDefectX\train_by_class\Silk spot\ss_175.jpg
ss_182,Silk spot,test,2566,C:\Users\anmol\OneDrive\Desktop\Steel_Surface_Defect_NEU_DET-DATASET\SteelDefectX\train_by_class\Silk spot\ss_182.jpg
ss_20,Silk spot,test,2575,C:\Users\anmol\OneDrive\Desktop\Steel_Surface_Defect_NEU_DET-DATASET\SteelDefectX\train_by_class\Silk spot\ss_20.jpg
ss_204,Silk spot,test,2579,C:\Users\anmol\OneDrive\Desktop\Steel_Surface_Defect_NEU_DET-DATASET\SteelDefectX\train_by_class\Silk spot\ss_204.jpg
ss_223,Silk spot,test,2591,C:\Users\anmol\OneDrive\Desktop\Steel_Surface_Defect_NEU_DET-DATASET\SteelDefectX\train_by_class\Silk spot\ss_223.jpg
ss_228,Silk spot,test,2594,C:\Users\anmol\OneDrive\Desktop\Steel_Surface_Defect_NEU_DET-DATASET\SteelDefectX\train_by_class\Silk spot\ss_228.jpg
ss_233,Silk spot,test,2599,C:\Users\anmol\OneDrive\Desktop\Steel_Surface_Defect_NEU_DET-DATASET\SteelDefectX\train_by_class\Silk spot\ss_233.jpg
ss_240,Silk spot,test,2605,C:\Users\anmol\OneDrive\Desktop\Steel_Surface_Defect_NEU_DET-DATASET\SteelDefectX\train_by_class\Silk spot\ss_240.jpg
ss_250,Silk spot,test,2614,C:\Users\anmol\OneDrive\Desktop\Steel_Surface_Defect_NEU_DET-DATASET\SteelDefectX\train_by_class\Silk spot\ss_250.jpg
ss_251,Silk spot,test,2615,C:\Users\anmol\OneDrive\Desktop\Steel_Surface_Defect_NEU_DET-DATASET\SteelDefectX\train_by_class\Silk spot\ss_251.jpg
ss_26,Silk spot,test,2620,C:\Users\anmol\OneDrive\Desktop\Steel_Surface_Defect_NEU_DET-DATASET\SteelDefectX\train_by_class\Silk spot\ss_26.jpg
ss_263,Silk spot,test,2624,C:\Users\anmol\OneDrive\Desktop\Steel_Surface_Defect_NEU_DET-DATASET\SteelDefectX\train_by_class\Silk spot\ss_263.jpg
ss_266,Silk spot,test,2626,C:\Users\anmol\OneDrive\Desktop\Steel_Surface_Defect_NEU_DET-DATASET\SteelDefectX\train_by_class\Silk spot\ss_266.jpg
ss_278,Silk spot,test,2634,C:\Users\anmol\OneDrive\Desktop\Steel_Surface_Defect_NEU_DET-DATASET\SteelDefectX\train_by_class\Silk spot\ss_278.jpg
ss_281,Silk spot,test,2638,C:\Users\anmol\OneDrive\Desktop\Steel_Surface_Defect_NEU_DET-DATASET\SteelDefectX\train_by_class\Silk spot\ss_281.jpg
ss_286,Silk spot,test,2640,C:\Users\anmol\OneDrive\Desktop\Steel_Surface_Defect_NEU_DET-DATASET\SteelDefectX\train_by_class\Silk spot\ss_286.jpg
ss_288,Silk spot,test,2642,C:\Users\anmol\OneDrive\Desktop\Steel_Surface_Defect_NEU_DET-DATASET\SteelDefectX\train_by_class\Silk spot\ss_288.jpg
ss_29,Silk spot,test,2644,C:\Users\anmol\OneDrive\Desktop\Steel_Surface_Defect_NEU_DET-DATASET\SteelDefectX\train_by_class\Silk spot\ss_29.jpg
ss_294,Silk spot,test,2648,C:\Users\anmol\OneDrive\Desktop\Steel_Surface_Defect_NEU_DET-DATASET\SteelDefectX\train_by_class\Silk spot\ss_294.jpg
ss_32,Silk spot,test,2661,C:\Users\anmol\OneDrive\Desktop\Steel_Surface_Defect_NEU_DET-DATASET\SteelDefectX\train_by_class\Silk spot\ss_32.jpg
ss_336,Silk spot,test,2677,C:\Users\anmol\OneDrive\Desktop\Steel_Surface_Defect_NEU_DET-DATASET\SteelDefectX\train_by_class\Silk spot\ss_336.jpg
ss_337,Silk spot,test,2678,C:\Users\anmol\OneDrive\Desktop\Steel_Surface_Defect_NEU_DET-DATASET\SteelDefectX\train_by_class\Silk spot\ss_337.jpg
ss_344,Silk spot,test,2684,C:\Users\anmol\OneDrive\Desktop\Steel_Surface_Defect_NEU_DET-DATASET\SteelDefectX\train_by_class\Silk spot\ss_344.jpg
ss_351,Silk spot,test,2691,C:\Users\anmol\OneDrive\Desktop\Steel_Surface_Defect_NEU_DET-DATASET\SteelDefectX\train_by_class\Silk spot\ss_351.jpg
ss_352,Silk spot,test,2692,C:\Users\anmol\OneDrive\Desktop\Steel_Surface_Defect_NEU_DET-DATASET\SteelDefectX\train_by_class\Silk spot\ss_352.jpg
ss_365,Silk spot,test,2701,C:\Users\anmol\OneDrive\Desktop\Steel_Surface_Defect_NEU_DET-DATASET\SteelDefectX\train_by_class\Silk spot\ss_365.jpg
ss_370,Silk spot,test,2707,C:\Users\anmol\OneDrive\Desktop\Steel_Surface_Defect_NEU_DET-DATASET\SteelDefectX\train_by_class\Silk spot\ss_370.jpg
ss_387,Silk spot,test,2722,C:\Users\anmol\OneDrive\Desktop\Steel_Surface_Defect_NEU_DET-DATASET\SteelDefectX\train_by_class\Silk spot\ss_387.jpg
ss_391,Silk spot,test,2724,C:\Users\anmol\OneDrive\Desktop\Steel_Surface_Defect_NEU_DET-DATASET\SteelDefectX\train_by_class\Silk spot\ss_391.jpg
ss_393,Silk spot,test,2726,C:\Users\anmol\OneDrive\Desktop\Steel_Surface_Defect_NEU_DET-DATASET\SteelDefectX\train_by_class\Silk spot\ss_393.jpg
ss_395,Silk spot,test,2727,C:\Users\anmol\OneDrive\Desktop\Steel_Surface_Defect_NEU_DET-DATASET\SteelDefectX\train_by_class\Silk spot\ss_395.jpg
ss_404,Silk spot,test,2733,C:\Users\anmol\OneDrive\Desktop\Steel_Surface_Defect_NEU_DET-DATASET\SteelDefectX\train_by_class\Silk spot\ss_404.jpg
ss_411,Silk spot,test,2739,C:\Users\anmol\OneDrive\Desktop\Steel_Surface_Defect_NEU_DET-DATASET\SteelDefectX\train_by_class\Silk spot\ss_411.jpg
ss_418,Silk spot,test,2746,C:\Users\anmol\OneDrive\Desktop\Steel_Surface_Defect_NEU_DET-DATASET\SteelDefectX\train_by_class\Silk spot\ss_418.jpg
ss_421,Silk spot,test,2749,C:\Users\anmol\OneDrive\Desktop\Steel_Surface_Defect_NEU_DET-DATASET\SteelDefectX\train_by_class\Silk spot\ss_421.jpg
ss_425,Silk spot,test,2751,C:\Users\anmol\OneDrive\Desktop\Steel_Surface_Defect_NEU_DET-DATASET\SteelDefectX\train_by_class\Silk spot\ss_425.jpg
ss_430,Silk spot,test,2754,C:\Users\anmol\OneDrive\Desktop\Steel_Surface_Defect_NEU_DET-DATASET\SteelDefectX\train_by_class\Silk spot\ss_430.jpg
ss_447,Silk spot,test,2764,C:\Users\anmol\OneDrive\Desktop\Steel_Surface_Defect_NEU_DET-DATASET\SteelDefectX\train_by_class\Silk spot\ss_447.jpg
ss_449,Silk spot,test,2765,C:\Users\anmol\OneDrive\Desktop\Steel_Surface_Defect_NEU_DET-DATASET\SteelDefectX\train_by_class\Silk spot\ss_449.jpg
ss_453,Silk spot,test,2768,C:\Users\anmol\OneDrive\Desktop\Steel_Surface_Defect_NEU_DET-DATASET\SteelDefectX\train_by_class\Silk spot\ss_453.jpg
ss_468,Silk spot,test,2777,C:\Users\anmol\OneDrive\Desktop\Steel_Surface_Defect_NEU_DET-DATASET\SteelDefectX\train_by_class\Silk spot\ss_468.jpg
ss_470,Silk spot,test,2780,C:\Users\anmol\OneDrive\Desktop\Steel_Surface_Defect_NEU_DET-DATASET\SteelDefectX\train_by_class\Silk spot\ss_470.jpg
ss_471,Silk spot,test,2781,C:\Users\anmol\OneDrive\Desktop\Steel_Surface_Defect_NEU_DET-DATASET\SteelDefectX\train_by_class\Silk spot\ss_471.jpg
ss_484,Silk spot,test,2790,C:\Users\anmol\OneDrive\Desktop\Steel_Surface_Defect_NEU_DET-DATASET\SteelDefectX\train_by_class\Silk spot\ss_484.jpg
ss_486,Silk spot,test,2792,C:\Users\anmol\OneDrive\Desktop\Steel_Surface_Defect_NEU_DET-DATASET\SteelDefectX\train_by_class\Silk spot\ss_486.jpg
ss_509,Silk spot,test,2808,C:\Users\anmol\OneDrive\Desktop\Steel_Surface_Defect_NEU_DET-DATASET\SteelDefectX\train_by_class\Silk spot\ss_509.jpg
ss_51,Silk spot,test,2809,C:\Users\anmol\OneDrive\Desktop\Steel_Surface_Defect_NEU_DET-DATASET\SteelDefectX\train_by_class\Silk spot\ss_51.jpg
ss_511,Silk spot,test,2810,C:\Users\anmol\OneDrive\Desktop\Steel_Surface_Defect_NEU_DET-DATASET\SteelDefectX\train_by_class\Silk spot\ss_511.jpg
ss_517,Silk spot,test,2814,C:\Users\anmol\OneDrive\Desktop\Steel_Surface_Defect_NEU_DET-DATASET\SteelDefectX\train_by_class\Silk spot\ss_517.jpg
ss_518,Silk spot,test,2814,C:\Users\anmol\OneDrive\Desktop\Steel_Surface_Defect_NEU_DET-DATASET\SteelDefectX\train_by_class\Silk spot\ss_518.jpg
ss_52,Silk spot,test,2815,C:\Users\anmol\OneDrive\Desktop\Steel_Surface_Defect_NEU_DET-DATASET\SteelDefectX\train_by_class\Silk spot\ss_52.jpg
ss_538,Silk spot,test,2827,C:\Users\anmol\OneDrive\Desktop\Steel_Surface_Defect_NEU_DET-DATASET\SteelDefectX\train_by_class\Silk spot\ss_538.jpg
ss_539,Silk spot,test,2828,C:\Users\anmol\OneDrive\Desktop\Steel_Surface_Defect_NEU_DET-DATASET\SteelDefectX\train_by_class\Silk spot\ss_539.jpg
ss_54,Silk spot,test,2829,C:\Users\anmol\OneDrive\Desktop\Steel_Surface_Defect_NEU_DET-DATASET\SteelDefectX\train_by_class\Silk spot\ss_54.jpg
ss_540,Silk spot,test,2830,C:\Users\anmol\OneDrive\Desktop\Steel_Surface_Defect_NEU_DET-DATASET\SteelDefectX\train_by_class\Silk spot\ss_540.jpg
ss_544,Silk spot,test,2833,C:\Users\anmol\OneDrive\Desktop\Steel_Surface_Defect_NEU_DET-DATASET\SteelDefectX\train_by_class\Silk spot\ss_544.jpg
ss_548,Silk spot,test,2836,C:\Users\anmol\OneDrive\Desktop\Steel_Surface_Defect_NEU_DET-DATASET\SteelDefectX\train_by_class\Silk spot\ss_548.jpg
ss_555,Silk spot,test,2843,C:\Users\anmol\OneDrive\Desktop\Steel_Surface_Defect_NEU_DET-DATASET\SteelDefectX\train_by_class\Silk spot\ss_555.jpg
ss_557,Silk spot,test,2845,C:\Users\anmol\OneDrive\Desktop\Steel_Surface_Defect_NEU_DET-DATASET\SteelDefectX\train_by_class\Silk spot\ss_557.jpg
ss_562,Silk spot,test,2847,C:\Users\anmol\OneDrive\Desktop\Steel_Surface_Defect_NEU_DET-DATASET\SteelDefectX\train_by_class\Silk spot\ss_562.jpg
ss_565,Silk spot,test,2849,C:\Users\anmol\OneDrive\Desktop\Steel_Surface_Defect_NEU_DET-DATASET\SteelDefectX\train_by_class\Silk spot\ss_565.jpg
ss_568,Silk spot,test,2851,C:\Users\anmol\OneDrive\Desktop\Steel_Surface_Defect_NEU_DET-DATASET\SteelDefectX\train_by_class\Silk spot\ss_568.jpg
ss_572,Silk spot,test,2852,C:\Users\anmol\OneDrive\Desktop\Steel_Surface_Defect_NEU_DET-DATASET\SteelDefectX\train_by_class\Silk spot\ss_572.jpg
ss_85,Silk spot,test,2863,C:\Users\anmol\OneDrive\Desktop\Steel_Surface_Defect_NEU_DET-DATASET\SteelDefectX\train_by_class\Silk spot\ss_85.jpg
ss_07,Silk spot,train,2530,C:\Users\anmol\OneDrive\Desktop\Steel_Surface_Defect_NEU_DET-DATASET\SteelDefectX\train_by_class\Silk spot\ss_07.jpg
ss_09,Silk spot,train,2531,C:\Users\anmol\OneDrive\Desktop\Steel_Surface_Defect_NEU_DET-DATASET\SteelDefectX\train_by_class\Silk spot\ss_09.jpg
ss_10,Silk spot,train,2532,C:\Users\anmol\OneDrive\Desktop\Steel_Surface_Defect_NEU_DET-DATASET\SteelDefectX\train_by_class\Silk spot\ss_10.jpg
ss_101,Silk spot,train,2533,C:\Users\anmol\OneDrive\Desktop\Steel_Surface_Defect_NEU_DET-DATASET\SteelDefectX\train_by_class\Silk spot\ss_101.jpg
ss_102,Silk spot,train,2534,C:\Users\anmol\OneDrive\Desktop\Steel_Surface_Defect_NEU_DET-DATASET\SteelDefectX\train_by_class\Silk spot\ss_102.jpg
ss_107,Silk spot,train,2536,C:\Users\anmol\OneDrive\Desktop\Steel_Surface_Defect_NEU_DET-DATASET\SteelDefectX\train_by_class\Silk spot\ss_107.jpg
ss_112,Silk spot,train,2538,C:\Users\anmol\OneDrive\Desktop\Steel_Surface_Defect_NEU_DET-DATASET\SteelDefectX\train_by_class\Silk spot\ss_112.jpg
ss_115,Silk spot,train,2541,C:\Users\anmol\OneDrive\Desktop\Steel_Surface_Defect_NEU_DET-DATASET\SteelDefectX\train_by_class\Silk spot\ss_115.jpg
ss_119,Silk spot,train,2542,C:\Users\anmol\OneDrive\Desktop\Steel_Surface_Defect_NEU_DET-DATASET\SteelDefectX\train_by_class\Silk spot\ss_119.jpg
ss_12,Silk spot,train,2543,C:\Users\anmol\OneDrive\Desktop\Steel_Surface_Defect_NEU_DET-DATASET\SteelDefectX\train_by_class\Silk spot\ss_12.jpg
ss_120,Silk spot,train,2544,C:\Users\anmol\OneDrive\Desktop\Steel_Surface_Defect_NEU_DET-DATASET\SteelDefectX\train_by_class\Silk spot\ss_120.jpg
ss_124,Silk spot,train,2545,C:\Users\anmol\OneDrive\Desktop\Steel_Surface_Defect_NEU_DET-DATASET\SteelDefectX\train_by_class\Silk spot\ss_124.jpg
ss_126,Silk spot,train,2546,C:\Users\anmol\OneDrive\Desktop\Steel_Surface_Defect_NEU_DET-DATASET\SteelDefectX\train_by_class\Silk spot\ss_126.jpg
ss_13,Silk spot,train,2548,C:\Users\anmol\OneDrive\Desktop\Steel_Surface_Defect_NEU_DET-DATASET\SteelDefectX\train_by_class\Silk spot\ss_13.jpg
ss_131,Silk spot,train,2549,C:\Users\anmol\OneDrive\Desktop\Steel_Surface_Defect_NEU_DET-DATASET\SteelDefectX\train_by_class\Silk spot\ss_131.jpg
ss_14,Silk spot,train,2550,C:\Users\anmol\OneDrive\Desktop\Steel_Surface_Defect_NEU_DET-DATASET\SteelDefectX\train_by_class\Silk spot\ss_14.jpg
ss_151,Silk spot,train,2552,C:\Users\anmol\OneDrive\Desktop\Steel_Surface_Defect_NEU_DET-DATASET\SteelDefectX\train_by_class\Silk spot\ss_151.jpg
ss_154,Silk spot,train,2553,C:\Users\anmol\OneDrive\Desktop\Steel_Surface_Defect_NEU_DET-DATASET\SteelDefectX\train_by_class\Silk spot\ss_154.jpg
ss_16,Silk spot,train,2554,C:\Users\anmol\OneDrive\Desktop\Steel_Surface_Defect_NEU_DET-DATASET\SteelDefectX\train_by_class\Silk spot\ss_16.jpg
ss_165,Silk spot,train,2555,C:\Users\anmol\OneDrive\Desktop\Steel_Surface_Defect_NEU_DET-DATASET\SteelDefectX\train_by_class\Silk spot\ss_165.jpg
ss_167,Silk spot,train,2556,C:\Users\anmol\OneDrive\Desktop\Steel_Surface_Defect_NEU_DET-DATASET\SteelDefectX\train_by_class\Silk spot\ss_167.jpg
ss_17,Silk spot,train,2557,C:\Users\anmol\OneDrive\Desktop\Steel_Surface_Defect_NEU_DET-DATASET\SteelDefectX\train_by_class\Silk spot\ss_17.jpg
ss_172,Silk spot,train,2559,C:\Users\anmol\OneDrive\Desktop\Steel_Surface_Defect_NEU_DET-DATASET\SteelDefectX\train_by_class\Silk spot\ss_172.jpg
ss_176,Silk spot,train,2562,C:\Users\anmol\OneDrive\Desktop\Steel_Surface_Defect_NEU_DET-DATASET\SteelDefectX\train_by_class\Silk spot\ss_176.jpg
ss_177,Silk spot,train,2563,C:\Users\anmol\OneDrive\Desktop\Steel_Surface_Defect_NEU_DET-DATASET\SteelDefectX\train_by_class\Silk spot\ss_177.jpg
ss_179,Silk spot,train,2564,C:\Users\anmol\OneDrive\Desktop\Steel_Surface_Defect_NEU_DET-DATASET\SteelDefectX\train_by_class\Silk spot\ss_179.jpg
ss_183,Silk spot,train,2567,C:\Users\anmol\OneDrive\Desktop\Steel_Surface_Defect_NEU_DET-DATASET\SteelDefectX\train_by_class\Silk spot\ss_183.jpg
ss_184,Silk spot,train,2568,C:\Users\anmol\OneDrive\Desktop\Steel_Surface_Defect_NEU_DET-DATASET\SteelDefectX\train_by_class\Silk spot\ss_184.jpg
ss_187,Silk spot,train,2569,C:\Users\anmol\OneDrive\Desktop\Steel_Surface_Defect_NEU_DET-DATASET\SteelDefectX\train_by_class\Silk spot\ss_187.jpg
ss_19,Silk spot,train,2570,C:\Users\anmol\OneDrive\Desktop\Steel_Surface_Defect_NEU_DET-DATASET\SteelDefectX\train_by_class\Silk spot\ss_19.jpg
ss_194,Silk spot,train,2571,C:\Users\anmol\OneDrive\Desktop\Steel_Surface_Defect_NEU_DET-DATASET\SteelDefectX\train_by_class\Silk spot\ss_194.jpg
ss_196,Silk spot,train,2572,C:\Users\anmol\OneDrive\Desktop\Steel_Surface_Defect_NEU_DET-DATASET\SteelDefectX\train_by_class\Silk spot\ss_196.jpg
ss_197,Silk spot,train,2573,C:\Users\anmol\OneDrive\Desktop\Steel_Surface_Defect_NEU_DET-DATASET\SteelDefectX\train_by_class\Silk spot\ss_197.jpg
ss_200,Silk spot,train,2576,C:\Users\anmol\OneDrive\Desktop\Steel_Surface_Defect_NEU_DET-DATASET\SteelDefectX\train_by_class\Silk spot\ss_200.jpg
ss_201,Silk spot,train,2577,C:\Users\anmol\OneDrive\Desktop\Steel_Surface_Defect_NEU_DET-DATASET\SteelDefectX\train_by_class\Silk spot\ss_201.jpg
ss_202,Silk spot,train,2578,C:\Users\anmol\OneDrive\Desktop\Steel_Surface_Defect_NEU_DET-DATASET\SteelDefectX\train_by_class\Silk spot\ss_202.jpg
ss_205,Silk spot,train,2580,C:\Users\anmol\OneDrive\Desktop\Steel_Surface_Defect_NEU_DET-DATASET\SteelDefectX\train_by_class\Silk spot\ss_205.jpg
ss_208,Silk spot,train,2581,C:\Users\anmol\OneDrive\Desktop\Steel_Surface_Defect_NEU_DET-DATASET\SteelDefectX\train_by_class\Silk spot\ss_208.jpg
ss_21,Silk spot,train,2582,C:\Users\anmol\OneDrive\Desktop\Steel_Surface_Defect_NEU_DET-DATASET\SteelDefectX\train_by_class\Silk spot\ss_21.jpg
ss_212,Silk spot,train,2583,C:\Users\anmol\OneDrive\Desktop\Steel_Surface_Defect_NEU_DET-DATASET\SteelDefectX\train_by_class\Silk spot\ss_212.jpg
ss_214,Silk spot,train,2584,C:\Users\anmol\OneDrive\Desktop\Steel_Surface_Defect_NEU_DET-DATASET\SteelDefectX\train_by_class\Silk spot\ss_214.jpg
ss_215,Silk spot,train,2585,C:\Users\anmol\OneDrive\Desktop\Steel_Surface_Defect_NEU_DET-DATASET\SteelDefectX\train_by_class\Silk spot\ss_215.jpg
ss_216,Silk spot,train,2586,C:\Users\anmol\OneDrive\Desktop\Steel_Surface_Defect_NEU_DET-DATASET\SteelDefectX\train_by_class\Silk spot\ss_216.jpg
ss_217,Silk spot,train,2587,C:\Users\anmol\OneDrive\Desktop\Steel_Surface_Defect_NEU_DET-DATASET\SteelDefectX\train_by_class\Silk spot\ss_217.jpg
ss_218,Silk spot,train,2588,C:\Users\anmol\OneDrive\Desktop\Steel_Surface_Defect_NEU_DET-DATASET\SteelDefectX\train_by_class\Silk spot\ss_218.jpg
ss_22,Silk spot,train,2589,C:\Users\anmol\OneDrive\Desktop\Steel_Surface_Defect_NEU_DET-DATASET\SteelDefectX\train_by_class\Silk spot\ss_22.jpg
ss_222,Silk spot,train,2590,C:\Users\anmol\OneDrive\Desktop\Steel_Surface_Defect_NEU_DET-DATASET\SteelDefectX\train_by_class\Silk spot\ss_222.jpg
ss_225,Silk spot,train,2592,C:\Users\anmol\OneDrive\Desktop\Steel_Surface_Defect_NEU_DET-DATASET\SteelDefectX\train_by_class\Silk spot\ss_225.jpg
ss_227,Silk spot,train,2593,C:\Users\anmol\OneDrive\Desktop\Steel_Surface_Defect_NEU_DET-DATASET\SteelDefectX\train_by_class\Silk spot\ss_227.jpg
ss_229,Silk spot,train,2595,C:\Users\anmol\OneDrive\Desktop\Steel_Surface_Defect_NEU_DET-DATASET\SteelDefectX\train_by_class\Silk spot\ss_229.jpg
ss_23,Silk spot,train,2543,C:\Users\anmol\OneDrive\Desktop\Steel_Surface_Defect_NEU_DET-DATASET\SteelDefectX\train_by_class\Silk spot\ss_23.jpg
ss_230,Silk spot,train,2596,C:\Users\anmol\OneDrive\Desktop\Steel_Surface_Defect_NEU_DET-DATASET\SteelDefectX\train_by_class\Silk spot\ss_230.jpg
ss_231,Silk spot,train,2597,C:\Users\anmol\OneDrive\Desktop\Steel_Surface_Defect_NEU_DET-DATASET\SteelDefectX\train_by_class\Silk spot\ss_231.jpg
ss_232,Silk spot,train,2598,C:\Users\anmol\OneDrive\Desktop\Steel_Surface_Defect_NEU_DET-DATASET\SteelDefectX\train_by_class\Silk spot\ss_232.jpg
ss_237,Silk spot,train,2601,C:\Users\anmol\OneDrive\Desktop\Steel_Surface_Defect_NEU_DET-DATASET\SteelDefectX\train_by_class\Silk spot\ss_237.jpg
ss_238,Silk spot,train,2602,C:\Users\anmol\OneDrive\Desktop\Steel_Surface_Defect_NEU_DET-DATASET\SteelDefectX\train_by_class\Silk spot\ss_238.jpg
ss_239,Silk spot,train,2603,C:\Users\anmol\OneDrive\Desktop\Steel_Surface_Defect_NEU_DET-DATASET\SteelDefectX\train_by_class\Silk spot\ss_239.jpg
ss_24,Silk spot,train,2604,C:\Users\anmol\OneDrive\Desktop\Steel_Surface_Defect_NEU_DET-DATASET\SteelDefectX\train_by_class\Silk spot\ss_24.jpg
ss_242,Silk spot,train,2606,C:\Users\anmol\OneDrive\Desktop\Steel_Surface_Defect_NEU_DET-DATASET\SteelDefectX\train_by_class\Silk spot\ss_242.jpg
ss_243,Silk spot,train,2607,C:\Users\anmol\OneDrive\Desktop\Steel_Surface_Defect_NEU_DET-DATASET\SteelDefectX\train_by_class\Silk spot\ss_243.jpg
ss_244,Silk spot,train,2608,C:\Users\anmol\OneDrive\Desktop\Steel_Surface_Defect_NEU_DET-DATASET\SteelDefectX\train_by_class\Silk spot\ss_244.jpg
ss_246,Silk spot,train,2609,C:\Users\anmol\OneDrive\Desktop\Steel_Surface_Defect_NEU_DET-DATASET\SteelDefectX\train_by_class\Silk spot\ss_246.jpg
ss_247,Silk spot,train,2610,C:\Users\anmol\OneDrive\Desktop\Steel_Surface_Defect_NEU_DET-DATASET\SteelDefectX\train_by_class\Silk spot\ss_247.jpg
ss_248,Silk spot,train,2611,C:\Users\anmol\OneDrive\Desktop\Steel_Surface_Defect_NEU_DET-DATASET\SteelDefectX\train_by_class\Silk spot\ss_248.jpg
ss_249,Silk spot,train,2612,C:\Users\anmol\OneDrive\Desktop\Steel_Surface_Defect_NEU_DET-DATASET\SteelDefectX\train_by_class\Silk spot\ss_249.jpg
ss_25,Silk spot,train,2613,C:\Users\anmol\OneDrive\Desktop\Steel_Surface_Defect_NEU_DET-DATASET\SteelDefectX\train_by_class\Silk spot\ss_25.jpg
ss_252,Silk spot,train,2616,C:\Users\anmol\OneDrive\Desktop\Steel_Surface_Defect_NEU_DET-DATASET\SteelDefectX\train_by_class\Silk spot\ss_252.jpg
ss_256,Silk spot,train,2617,C:\Users\anmol\OneDrive\Desktop\Steel_Surface_Defect_NEU_DET-DATASET\SteelDefectX\train_by_class\Silk spot\ss_256.jpg
ss_257,Silk spot,train,2618,C:\Users\anmol\OneDrive\Desktop\Steel_Surface_Defect_NEU_DET-DATASET\SteelDefectX\train_by_class\Silk spot\ss_257.jpg
ss_258,Silk spot,train,2619,C:\Users\anmol\OneDrive\Desktop\Steel_Surface_Defect_NEU_DET-DATASET\SteelDefectX\train_by_class\Silk spot\ss_258.jpg
ss_260,Silk spot,train,2621,C:\Users\anmol\OneDrive\Desktop\Steel_Surface_Defect_NEU_DET-DATASET\SteelDefectX\train_by_class\Silk spot\ss_260.jpg
ss_262,Silk spot,train,2623,C:\Users\anmol\OneDrive\Desktop\Steel_Surface_Defect_NEU_DET-DATASET\SteelDefectX\train_by_class\Silk spot\ss_262.jpg
ss_264,Silk spot,train,2625,C:\Users\anmol\OneDrive\Desktop\Steel_Surface_Defect_NEU_DET-DATASET\SteelDefectX\train_by_class\Silk spot\ss_264.jpg
ss_267,Silk spot,train,2627,C:\Users\anmol\OneDrive\Desktop\Steel_Surface_Defect_NEU_DET-DATASET\SteelDefectX\train_by_class\Silk spot\ss_267.jpg
ss_268,Silk spot,train,2628,C:\Users\anmol\OneDrive\Desktop\Steel_Surface_Defect_NEU_DET-DATASET\SteelDefectX\train_by_class\Silk spot\ss_268.jpg
ss_270,Silk spot,train,2629,C:\Users\anmol\OneDrive\Desktop\Steel_Surface_Defect_NEU_DET-DATASET\SteelDefectX\train_by_class\Silk spot\ss_270.jpg
ss_271,Silk spot,train,2630,C:\Users\anmol\OneDrive\Desktop\Steel_Surface_Defect_NEU_DET-DATASET\SteelDefectX\train_by_class\Silk spot\ss_271.jpg
ss_272,Silk spot,train,2631,C:\Users\anmol\OneDrive\Desktop\Steel_Surface_Defect_NEU_DET-DATASET\SteelDefectX\train_by_class\Silk spot\ss_272.jpg
ss_273,Silk spot,train,2632,C:\Users\anmol\OneDrive\Desktop\Steel_Surface_Defect_NEU_DET-DATASET\SteelDefectX\train_by_class\Silk spot\ss_273.jpg
ss_274,Silk spot,train,2633,C:\Users\anmol\OneDrive\Desktop\Steel_Surface_Defect_NEU_DET-DATASET\SteelDefectX\train_by_class\Silk spot\ss_274.jpg
ss_279,Silk spot,train,2635,C:\Users\anmol\OneDrive\Desktop\Steel_Surface_Defect_NEU_DET-DATASET\SteelDefectX\train_by_class\Silk spot\ss_279.jpg
ss_28,Silk spot,train,2636,C:\Users\anmol\OneDrive\Desktop\Steel_Surface_Defect_NEU_DET-DATASET\SteelDefectX\train_by_class\Silk spot\ss_28.jpg
ss_280,Silk spot,train,2637,C:\Users\anmol\OneDrive\Desktop\Steel_Surface_Defect_NEU_DET-DATASET\SteelDefectX\train_by_class\Silk spot\ss_280.jpg
ss_283,Silk spot,train,2639,C:\Users\anmol\OneDrive\Desktop\Steel_Surface_Defect_NEU_DET-DATASET\SteelDefectX\train_by_class\Silk spot\ss_283.jpg
ss_287,Silk spot,train,2641,C:\Users\anmol\OneDrive\Desktop\Steel_Surface_Defect_NEU_DET-DATASET\SteelDefectX\train_by_class\Silk spot\ss_287.jpg
ss_290,Silk spot,train,2645,C:\Users\anmol\OneDrive\Desktop\Steel_Surface_Defect_NEU_DET-DATASET\SteelDefectX\train_by_class\Silk spot\ss_290.jpg
ss_291,Silk spot,train,2646,C:\Users\anmol\OneDrive\Desktop\Steel_Surface_Defect_NEU_DET-DATASET\SteelDefectX\train_by_class\Silk spot\ss_291.jpg
ss_293,Silk spot,train,2647,C:\Users\anmol\OneDrive\Desktop\Steel_Surface_Defect_NEU_DET-DATASET\SteelDefectX\train_by_class\Silk spot\ss_293.jpg
ss_295,Silk spot,train,2649,C:\Users\anmol\OneDrive\Desktop\Steel_Surface_Defect_NEU_DET-DATASET\SteelDefectX\train_by_class\Silk spot\ss_295.jpg
ss_30,Silk spot,train,2557,C:\Users\anmol\OneDrive\Desktop\Steel_Surface_Defect_NEU_DET-DATASET\SteelDefectX\train_by_class\Silk spot\ss_30.jpg
ss_300,Silk spot,train,2650,C:\Users\anmol\OneDrive\Desktop\Steel_Surface_Defect_NEU_DET-DATASET\SteelDefectX\train_by_class\Silk spot\ss_300.jpg
ss_301,Silk spot,train,2651,C:\Users\anmol\OneDrive\Desktop\Steel_Surface_Defect_NEU_DET-DATASET\SteelDefectX\train_by_class\Silk spot\ss_301.jpg
ss_306,Silk spot,train,2653,C:\Users\anmol\OneDrive\Desktop\Steel_Surface_Defect_NEU_DET-DATASET\SteelDefectX\train_by_class\Silk spot\ss_306.jpg
ss_307,Silk spot,train,2654,C:\Users\anmol\OneDrive\Desktop\Steel_Surface_Defect_NEU_DET-DATASET\SteelDefectX\train_by_class\Silk spot\ss_307.jpg
ss_310,Silk spot,train,2655,C:\Users\anmol\OneDrive\Desktop\Steel_Surface_Defect_NEU_DET-DATASET\SteelDefectX\train_by_class\Silk spot\ss_310.jpg
ss_311,Silk spot,train,2656,C:\Users\anmol\OneDrive\Desktop\Steel_Surface_Defect_NEU_DET-DATASET\SteelDefectX\train_by_class\Silk spot\ss_311.jpg
ss_312,Silk spot,train,2657,C:\Users\anmol\OneDrive\Desktop\Steel_Surface_Defect_NEU_DET-DATASET\SteelDefectX\train_by_class\Silk spot\ss_312.jpg
ss_314,Silk spot,train,2658,C:\Users\anmol\OneDrive\Desktop\Steel_Surface_Defect_NEU_DET-DATASET\SteelDefectX\train_by_class\Silk spot\ss_314.jpg
ss_316,Silk spot,train,2659,C:\Users\anmol\OneDrive\Desktop\Steel_Surface_Defect_NEU_DET-DATASET\SteelDefectX\train_by_class\Silk spot\ss_316.jpg
ss_317,Silk spot,train,2660,C:\Users\anmol\OneDrive\Desktop\Steel_Surface_Defect_NEU_DET-DATASET\SteelDefectX\train_by_class\Silk spot\ss_317.jpg
ss_320,Silk spot,train,2662,C:\Users\anmol\OneDrive\Desktop\Steel_Surface_Defect_NEU_DET-DATASET\SteelDefectX\train_by_class\Silk spot\ss_320.jpg
ss_322,Silk spot,train,2663,C:\Users\anmol\OneDrive\Desktop\Steel_Surface_Defect_NEU_DET-DATASET\SteelDefectX\train_by_class\Silk spot\ss_322.jpg
ss_323,Silk spot,train,2664,C:\Users\anmol\OneDrive\Desktop\Steel_Surface_Defect_NEU_DET-DATASET\SteelDefectX\train_by_class\Silk spot\ss_323.jpg
ss_324,Silk spot,train,2665,C:\Users\anmol\OneDrive\Desktop\Steel_Surface_Defect_NEU_DET-DATASET\SteelDefectX\train_by_class\Silk spot\ss_324.jpg
ss_325,Silk spot,train,2666,C:\Users\anmol\OneDrive\Desktop\Steel_Surface_Defect_NEU_DET-DATASET\SteelDefectX\train_by_class\Silk spot\ss_325.jpg
ss_326,Silk spot,train,2667,C:\Users\anmol\OneDrive\Desktop\Steel_Surface_Defect_NEU_DET-DATASET\SteelDefectX\train_by_class\Silk spot\ss_326.jpg
ss_328,Silk spot,train,2668,C:\Users\anmol\OneDrive\Desktop\Steel_Surface_Defect_NEU_DET-DATASET\SteelDefectX\train_by_class\Silk spot\ss_328.jpg
ss_33,Silk spot,train,2670,C:\Users\anmol\OneDrive\Desktop\Steel_Surface_Defect_NEU_DET-DATASET\SteelDefectX\train_by_class\Silk spot\ss_33.jpg
ss_330,Silk spot,train,2671,C:\Users\anmol\OneDrive\Desktop\Steel_Surface_Defect_NEU_DET-DATASET\SteelDefectX\train_by_class\Silk spot\ss_330.jpg
ss_331,Silk spot,train,2672,C:\Users\anmol\OneDrive\Desktop\Steel_Surface_Defect_NEU_DET-DATASET\SteelDefectX\train_by_class\Silk spot\ss_331.jpg
ss_332,Silk spot,train,2673,C:\Users\anmol\OneDrive\Desktop\Steel_Surface_Defect_NEU_DET-DATASET\SteelDefectX\train_by_class\Silk spot\ss_332.jpg
ss_333,Silk spot,train,2674,C:\Users\anmol\OneDrive\Desktop\Steel_Surface_Defect_NEU_DET-DATASET\SteelDefectX\train_by_class\Silk spot\ss_333.jpg
ss_334,Silk spot,train,2675,C:\Users\anmol\OneDrive\Desktop\Steel_Surface_Defect_NEU_DET-DATASET\SteelDefectX\train_by_class\Silk spot\ss_334.jpg
ss_335,Silk spot,train,2676,C:\Users\anmol\OneDrive\Desktop\Steel_Surface_Defect_NEU_DET-DATASET\SteelDefectX\train_by_class\Silk spot\ss_335.jpg
ss_338,Silk spot,train,2679,C:\Users\anmol\OneDrive\Desktop\Steel_Surface_Defect_NEU_DET-DATASET\SteelDefectX\train_by_class\Silk spot\ss_338.jpg
ss_340,Silk spot,train,2680,C:\Users\anmol\OneDrive\Desktop\Steel_Surface_Defect_NEU_DET-DATASET\SteelDefectX\train_by_class\Silk spot\ss_340.jpg
ss_341,Silk spot,train,2681,C:\Users\anmol\OneDrive\Desktop\Steel_Surface_Defect_NEU_DET-DATASET\SteelDefectX\train_by_class\Silk spot\ss_341.jpg
ss_342,Silk spot,train,2682,C:\Users\anmol\OneDrive\Desktop\Steel_Surface_Defect_NEU_DET-DATASET\SteelDefectX\train_by_class\Silk spot\ss_342.jpg
ss_343,Silk spot,train,2683,C:\Users\anmol\OneDrive\Desktop\Steel_Surface_Defect_NEU_DET-DATASET\SteelDefectX\train_by_class\Silk spot\ss_343.jpg
ss_345,Silk spot,train,2685,C:\Users\anmol\OneDrive\Desktop\Steel_Surface_Defect_NEU_DET-DATASET\SteelDefectX\train_by_class\Silk spot\ss_345.jpg
ss_346,Silk spot,train,2686,C:\Users\anmol\OneDrive\Desktop\Steel_Surface_Defect_NEU_DET-DATASET\SteelDefectX\train_by_class\Silk spot\ss_346.jpg
ss_347,Silk spot,train,2687,C:\Users\anmol\OneDrive\Desktop\Steel_Surface_Defect_NEU_DET-DATASET\SteelDefectX\train_by_class\Silk spot\ss_347.jpg
ss_348,Silk spot,train,2688,C:\Users\anmol\OneDrive\Desktop\Steel_Surface_Defect_NEU_DET-DATASET\SteelDefectX\train_by_class\Silk spot\ss_348.jpg
ss_349,Silk spot,train,2689,C:\Users\anmol\OneDrive\Desktop\Steel_Surface_Defect_NEU_DET-DATASET\SteelDefectX\train_by_class\Silk spot\ss_349.jpg
ss_35,Silk spot,train,2690,C:\Users\anmol\OneDrive\Desktop\Steel_Surface_Defect_NEU_DET-DATASET\SteelDefectX\train_by_class\Silk spot\ss_35.jpg
ss_353,Silk spot,train,2693,C:\Users\anmol\OneDrive\Desktop\Steel_Surface_Defect_NEU_DET-DATASET\SteelDefectX\train_by_class\Silk spot\ss_353.jpg
ss_355,Silk spot,train,2694,C:\Users\anmol\OneDrive\Desktop\Steel_Surface_Defect_NEU_DET-DATASET\SteelDefectX\train_by_class\Silk spot\ss_355.jpg
ss_356,Silk spot,train,2695,C:\Users\anmol\OneDrive\Desktop\Steel_Surface_Defect_NEU_DET-DATASET\SteelDefectX\train_by_class\Silk spot\ss_356.jpg
ss_358,Silk spot,train,2696,C:\Users\anmol\OneDrive\Desktop\Steel_Surface_Defect_NEU_DET-DATASET\SteelDefectX\train_by_class\Silk spot\ss_358.jpg
ss_36,Silk spot,train,2697,C:\Users\anmol\OneDrive\Desktop\Steel_Surface_Defect_NEU_DET-DATASET\SteelDefectX\train_by_class\Silk spot\ss_36.jpg
ss_361,Silk spot,train,2698,C:\Users\anmol\OneDrive\Desktop\Steel_Surface_Defect_NEU_DET-DATASET\SteelDefectX\train_by_class\Silk spot\ss_361.jpg
ss_363,Silk spot,train,2699,C:\Users\anmol\OneDrive\Desktop\Steel_Surface_Defect_NEU_DET-DATASET\SteelDefectX\train_by_class\Silk spot\ss_363.jpg
ss_364,Silk spot,train,2700,C:\Users\anmol\OneDrive\Desktop\Steel_Surface_Defect_NEU_DET-DATASET\SteelDefectX\train_by_class\Silk spot\ss_364.jpg
ss_366,Silk spot,train,2702,C:\Users\anmol\OneDrive\Desktop\Steel_Surface_Defect_NEU_DET-DATASET\SteelDefectX\train_by_class\Silk spot\ss_366.jpg
ss_367,Silk spot,train,2703,C:\Users\anmol\OneDrive\Desktop\Steel_Surface_Defect_NEU_DET-DATASET\SteelDefectX\train_by_class\Silk spot\ss_367.jpg
ss_37,Silk spot,train,2706,C:\Users\anmol\OneDrive\Desktop\Steel_Surface_Defect_NEU_DET-DATASET\SteelDefectX\train_by_class\Silk spot\ss_37.jpg
ss_371,Silk spot,train,2708,C:\Users\anmol\OneDrive\Desktop\Steel_Surface_Defect_NEU_DET-DATASET\SteelDefectX\train_by_class\Silk spot\ss_371.jpg
ss_372,Silk spot,train,2709,C:\Users\anmol\OneDrive\Desktop\Steel_Surface_Defect_NEU_DET-DATASET\SteelDefectX\train_by_class\Silk spot\ss_372.jpg
ss_373,Silk spot,train,2710,C:\Users\anmol\OneDrive\Desktop\Steel_Surface_Defect_NEU_DET-DATASET\SteelDefectX\train_by_class\Silk spot\ss_373.jpg
ss_374,Silk spot,train,2711,C:\Users\anmol\OneDrive\Desktop\Steel_Surface_Defect_NEU_DET-DATASET\SteelDefectX\train_by_class\Silk spot\ss_374.jpg
ss_376,Silk spot,train,2713,C:\Users\anmol\OneDrive\Desktop\Steel_Surface_Defect_NEU_DET-DATASET\SteelDefectX\train_by_class\Silk spot\ss_376.jpg
ss_377,Silk spot,train,2714,C:\Users\anmol\OneDrive\Desktop\Steel_Surface_Defect_NEU_DET-DATASET\SteelDefectX\train_by_class\Silk spot\ss_377.jpg
ss_380,Silk spot,train,2716,C:\Users\anmol\OneDrive\Desktop\Steel_Surface_Defect_NEU_DET-DATASET\SteelDefectX\train_by_class\Silk spot\ss_380.jpg
ss_381,Silk spot,train,2717,C:\Users\anmol\OneDrive\Desktop\Steel_Surface_Defect_NEU_DET-DATASET\SteelDefectX\train_by_class\Silk spot\ss_381.jpg
ss_382,Silk spot,train,2718,C:\Users\anmol\OneDrive\Desktop\Steel_Surface_Defect_NEU_DET-DATASET\SteelDefectX\train_by_class\Silk spot\ss_382.jpg
ss_383,Silk spot,train,2719,C:\Users\anmol\OneDrive\Desktop\Steel_Surface_Defect_NEU_DET-DATASET\SteelDefectX\train_by_class\Silk spot\ss_383.jpg
ss_384,Silk spot,train,2720,C:\Users\anmol\OneDrive\Desktop\Steel_Surface_Defect_NEU_DET-DATASET\SteelDefectX\train_by_class\Silk spot\ss_384.jpg
ss_389,Silk spot,train,2723,C:\Users\anmol\OneDrive\Desktop\Steel_Surface_Defect_NEU_DET-DATASET\SteelDefectX\train_by_class\Silk spot\ss_389.jpg
ss_392,Silk spot,train,2725,C:\Users\anmol\OneDrive\Desktop\Steel_Surface_Defect_NEU_DET-DATASET\SteelDefectX\train_by_class\Silk spot\ss_392.jpg
ss_396,Silk spot,train,2728,C:\Users\anmol\OneDrive\Desktop\Steel_Surface_Defect_NEU_DET-DATASET\SteelDefectX\train_by_class\Silk spot\ss_396.jpg
ss_40,Silk spot,train,2730,C:\Users\anmol\OneDrive\Desktop\Steel_Surface_Defect_NEU_DET-DATASET\SteelDefectX\train_by_class\Silk spot\ss_40.jpg
ss_402,Silk spot,train,2732,C:\Users\anmol\OneDrive\Desktop\Steel_Surface_Defect_NEU_DET-DATASET\SteelDefectX\train_by_class\Silk spot\ss_402.jpg
ss_405,Silk spot,train,2734,C:\Users\anmol\OneDrive\Desktop\Steel_Surface_Defect_NEU_DET-DATASET\SteelDefectX\train_by_class\Silk spot\ss_405.jpg
ss_406,Silk spot,train,2735,C:\Users\anmol\OneDrive\Desktop\Steel_Surface_Defect_NEU_DET-DATASET\SteelDefectX\train_by_class\Silk spot\ss_406.jpg
ss_408,Silk spot,train,2736,C:\Users\anmol\OneDrive\Desktop\Steel_Surface_Defect_NEU_DET-DATASET\SteelDefectX\train_by_class\Silk spot\ss_408.jpg
ss_409,Silk spot,train,2737,C:\Users\anmol\OneDrive\Desktop\Steel_Surface_Defect_NEU_DET-DATASET\SteelDefectX\train_by_class\Silk spot\ss_409.jpg
ss_410,Silk spot,train,2738,C:\Users\anmol\OneDrive\Desktop\Steel_Surface_Defect_NEU_DET-DATASET\SteelDefectX\train_by_class\Silk spot\ss_410.jpg
ss_413,Silk spot,train,2741,C:\Users\anmol\OneDrive\Desktop\Steel_Surface_Defect_NEU_DET-DATASET\SteelDefectX\train_by_class\Silk spot\ss_413.jpg
ss_414,Silk spot,train,2742,C:\Users\anmol\OneDrive\Desktop\Steel_Surface_Defect_NEU_DET-DATASET\SteelDefectX\train_by_class\Silk spot\ss_414.jpg
ss_415,Silk spot,train,2743,C:\Users\anmol\OneDrive\Desktop\Steel_Surface_Defect_NEU_DET-DATASET\SteelDefectX\train_by_class\Silk spot\ss_415.jpg
ss_416,Silk spot,train,2744,C:\Users\anmol\OneDrive\Desktop\Steel_Surface_Defect_NEU_DET-DATASET\SteelDefectX\train_by_class\Silk spot\ss_416.jpg
ss_417,Silk spot,train,2745,C:\Users\anmol\OneDrive\Desktop\Steel_Surface_Defect_NEU_DET-DATASET\SteelDefectX\train_by_class\Silk spot\ss_417.jpg
ss_424,Silk spot,train,2750,C:\Users\anmol\OneDrive\Desktop\Steel_Surface_Defect_NEU_DET-DATASET\SteelDefectX\train_by_class\Silk spot\ss_424.jpg
ss_427,Silk spot,train,2752,C:\Users\anmol\OneDrive\Desktop\Steel_Surface_Defect_NEU_DET-DATASET\SteelDefectX\train_by_class\Silk spot\ss_427.jpg
ss_43,Silk spot,train,2753,C:\Users\anmol\OneDrive\Desktop\Steel_Surface_Defect_NEU_DET-DATASET\SteelDefectX\train_by_class\Silk spot\ss_43.jpg
ss_433,Silk spot,train,2755,C:\Users\anmol\OneDrive\Desktop\Steel_Surface_Defect_NEU_DET-DATASET\SteelDefectX\train_by_class\Silk spot\ss_433.jpg
ss_434,Silk spot,train,2756,C:\Users\anmol\OneDrive\Desktop\Steel_Surface_Defect_NEU_DET-DATASET\SteelDefectX\train_by_class\Silk spot\ss_434.jpg
ss_435,Silk spot,train,2757,C:\Users\anmol\OneDrive\Desktop\Steel_Surface_Defect_NEU_DET-DATASET\SteelDefectX\train_by_class\Silk spot\ss_435.jpg
ss_439,Silk spot,train,2758,C:\Users\anmol\OneDrive\Desktop\Steel_Surface_Defect_NEU_DET-DATASET\SteelDefectX\train_by_class\Silk spot\ss_439.jpg
ss_44,Silk spot,train,2759,C:\Users\anmol\OneDrive\Desktop\Steel_Surface_Defect_NEU_DET-DATASET\SteelDefectX\train_by_class\Silk spot\ss_44.jpg
ss_440,Silk spot,train,2760,C:\Users\anmol\OneDrive\Desktop\Steel_Surface_Defect_NEU_DET-DATASET\SteelDefectX\train_by_class\Silk spot\ss_440.jpg
ss_441,Silk spot,train,2761,C:\Users\anmol\OneDrive\Desktop\Steel_Surface_Defect_NEU_DET-DATASET\SteelDefectX\train_by_class\Silk spot\ss_441.jpg
ss_442,Silk spot,train,2762,C:\Users\anmol\OneDrive\Desktop\Steel_Surface_Defect_NEU_DET-DATASET\SteelDefectX\train_by_class\Silk spot\ss_442.jpg
ss_444,Silk spot,train,2763,C:\Users\anmol\OneDrive\Desktop\Steel_Surface_Defect_NEU_DET-DATASET\SteelDefectX\train_by_class\Silk spot\ss_444.jpg
ss_450,Silk spot,train,2766,C:\Users\anmol\OneDrive\Desktop\Steel_Surface_Defect_NEU_DET-DATASET\SteelDefectX\train_by_class\Silk spot\ss_450.jpg
ss_452,Silk spot,train,2767,C:\Users\anmol\OneDrive\Desktop\Steel_Surface_Defect_NEU_DET-DATASET\SteelDefectX\train_by_class\Silk spot\ss_452.jpg
ss_455,Silk spot,train,2769,C:\Users\anmol\OneDrive\Desktop\Steel_Surface_Defect_NEU_DET-DATASET\SteelDefectX\train_by_class\Silk spot\ss_455.jpg
ss_459,Silk spot,train,2771,C:\Users\anmol\OneDrive\Desktop\Steel_Surface_Defect_NEU_DET-DATASET\SteelDefectX\train_by_class\Silk spot\ss_459.jpg
ss_46,Silk spot,train,2759,C:\Users\anmol\OneDrive\Desktop\Steel_Surface_Defect_NEU_DET-DATASET\SteelDefectX\train_by_class\Silk spot\ss_46.jpg
ss_461,Silk spot,train,2772,C:\Users\anmol\OneDrive\Desktop\Steel_Surface_Defect_NEU_DET-DATASET\SteelDefectX\train_by_class\Silk spot\ss_461.jpg
ss_463,Silk spot,train,2773,C:\Users\anmol\OneDrive\Desktop\Steel_Surface_Defect_NEU_DET-DATASET\SteelDefectX\train_by_class\Silk spot\ss_463.jpg
ss_465,Silk spot,train,2774,C:\Users\anmol\OneDrive\Desktop\Steel_Surface_Defect_NEU_DET-DATASET\SteelDefectX\train_by_class\Silk spot\ss_465.jpg
ss_466,Silk spot,train,2775,C:\Users\anmol\OneDrive\Desktop\Steel_Surface_Defect_NEU_DET-DATASET\SteelDefectX\train_by_class\Silk spot\ss_466.jpg
ss_467,Silk spot,train,2776,C:\Users\anmol\OneDrive\Desktop\Steel_Surface_Defect_NEU_DET-DATASET\SteelDefectX\train_by_class\Silk spot\ss_467.jpg
ss_469,Silk spot,train,2778,C:\Users\anmol\OneDrive\Desktop\Steel_Surface_Defect_NEU_DET-DATASET\SteelDefectX\train_by_class\Silk spot\ss_469.jpg
ss_47,Silk spot,train,2779,C:\Users\anmol\OneDrive\Desktop\Steel_Surface_Defect_NEU_DET-DATASET\SteelDefectX\train_by_class\Silk spot\ss_47.jpg
ss_472,Silk spot,train,2782,C:\Users\anmol\OneDrive\Desktop\Steel_Surface_Defect_NEU_DET-DATASET\SteelDefectX\train_by_class\Silk spot\ss_472.jpg
ss_474,Silk spot,train,2784,C:\Users\anmol\OneDrive\Desktop\Steel_Surface_Defect_NEU_DET-DATASET\SteelDefectX\train_by_class\Silk spot\ss_474.jpg
ss_475,Silk spot,train,2785,C:\Users\anmol\OneDrive\Desktop\Steel_Surface_Defect_NEU_DET-DATASET\SteelDefectX\train_by_class\Silk spot\ss_475.jpg
ss_477,Silk spot,train,2786,C:\Users\anmol\OneDrive\Desktop\Steel_Surface_Defect_NEU_DET-DATASET\SteelDefectX\train_by_class\Silk spot\ss_477.jpg
ss_479,Silk spot,train,2787,C:\Users\anmol\OneDrive\Desktop\Steel_Surface_Defect_NEU_DET-DATASET\SteelDefectX\train_by_class\Silk spot\ss_479.jpg
ss_480,Silk spot,train,2788,C:\Users\anmol\OneDrive\Desktop\Steel_Surface_Defect_NEU_DET-DATASET\SteelDefectX\train_by_class\Silk spot\ss_480.jpg
ss_485,Silk spot,train,2791,C:\Users\anmol\OneDrive\Desktop\Steel_Surface_Defect_NEU_DET-DATASET\SteelDefectX\train_by_class\Silk spot\ss_485.jpg
ss_487,Silk spot,train,2793,C:\Users\anmol\OneDrive\Desktop\Steel_Surface_Defect_NEU_DET-DATASET\SteelDefectX\train_by_class\Silk spot\ss_487.jpg
ss_49,Silk spot,train,2794,C:\Users\anmol\OneDrive\Desktop\Steel_Surface_Defect_NEU_DET-DATASET\SteelDefectX\train_by_class\Silk spot\ss_49.jpg
ss_490,Silk spot,train,2795,C:\Users\anmol\OneDrive\Desktop\Steel_Surface_Defect_NEU_DET-DATASET\SteelDefectX\train_by_class\Silk spot\ss_490.jpg
ss_491,Silk spot,train,2796,C:\Users\anmol\OneDrive\Desktop\Steel_Surface_Defect_NEU_DET-DATASET\SteelDefectX\train_by_class\Silk spot\ss_491.jpg
ss_492,Silk spot,train,2797,C:\Users\anmol\OneDrive\Desktop\Steel_Surface_Defect_NEU_DET-DATASET\SteelDefectX\train_by_class\Silk spot\ss_492.jpg
ss_494,Silk spot,train,2798,C:\Users\anmol\OneDrive\Desktop\Steel_Surface_Defect_NEU_DET-DATASET\SteelDefectX\train_by_class\Silk spot\ss_494.jpg
ss_495,Silk spot,train,2799,C:\Users\anmol\OneDrive\Desktop\Steel_Surface_Defect_NEU_DET-DATASET\SteelDefectX\train_by_class\Silk spot\ss_495.jpg
ss_496,Silk spot,train,2800,C:\Users\anmol\OneDrive\Desktop\Steel_Surface_Defect_NEU_DET-DATASET\SteelDefectX\train_by_class\Silk spot\ss_496.jpg
ss_498,Silk spot,train,2801,C:\Users\anmol\OneDrive\Desktop\Steel_Surface_Defect_NEU_DET-DATASET\SteelDefectX\train_by_class\Silk spot\ss_498.jpg
ss_499,Silk spot,train,2802,C:\Users\anmol\OneDrive\Desktop\Steel_Surface_Defect_NEU_DET-DATASET\SteelDefectX\train_by_class\Silk spot\ss_499.jpg
ss_501,Silk spot,train,2803,C:\Users\anmol\OneDrive\Desktop\Steel_Surface_Defect_NEU_DET-DATASET\SteelDefectX\train_by_class\Silk spot\ss_501.jpg
ss_503,Silk spot,train,2804,C:\Users\anmol\OneDrive\Desktop\Steel_Surface_Defect_NEU_DET-DATASET\SteelDefectX\train_by_class\Silk spot\ss_503.jpg
ss_504,Silk spot,train,2805,C:\Users\anmol\OneDrive\Desktop\Steel_Surface_Defect_NEU_DET-DATASET\SteelDefectX\train_by_class\Silk spot\ss_504.jpg
ss_506,Silk spot,train,2807,C:\Users\anmol\OneDrive\Desktop\Steel_Surface_Defect_NEU_DET-DATASET\SteelDefectX\train_by_class\Silk spot\ss_506.jpg
ss_512,Silk spot,train,2811,C:\Users\anmol\OneDrive\Desktop\Steel_Surface_Defect_NEU_DET-DATASET\SteelDefectX\train_by_class\Silk spot\ss_512.jpg
ss_516,Silk spot,train,2813,C:\Users\anmol\OneDrive\Desktop\Steel_Surface_Defect_NEU_DET-DATASET\SteelDefectX\train_by_class\Silk spot\ss_516.jpg
ss_520,Silk spot,train,2816,C:\Users\anmol\OneDrive\Desktop\Steel_Surface_Defect_NEU_DET-DATASET\SteelDefectX\train_by_class\Silk spot\ss_520.jpg
ss_524,Silk spot,train,2818,C:\Users\anmol\OneDrive\Desktop\Steel_Surface_Defect_NEU_DET-DATASET\SteelDefectX\train_by_class\Silk spot\ss_524.jpg
ss_525,Silk spot,train,2819,C:\Users\anmol\OneDrive\Desktop\Steel_Surface_Defect_NEU_DET-DATASET\SteelDefectX\train_by_class\Silk spot\ss_525.jpg
ss_528,Silk spot,train,2820,C:\Users\anmol\OneDrive\Desktop\Steel_Surface_Defect_NEU_DET-DATASET\SteelDefectX\train_by_class\Silk spot\ss_528.jpg
ss_535,Silk spot,train,2824,C:\Users\anmol\OneDrive\Desktop\Steel_Surface_Defect_NEU_DET-DATASET\SteelDefectX\train_by_class\Silk spot\ss_535.jpg
ss_536,Silk spot,train,2825,C:\Users\anmol\OneDrive\Desktop\Steel_Surface_Defect_NEU_DET-DATASET\SteelDefectX\train_by_class\Silk spot\ss_536.jpg
ss_537,Silk spot,train,2826,C:\Users\anmol\OneDrive\Desktop\Steel_Surface_Defect_NEU_DET-DATASET\SteelDefectX\train_by_class\Silk spot\ss_537.jpg
ss_541,Silk spot,train,2831,C:\Users\anmol\OneDrive\Desktop\Steel_Surface_Defect_NEU_DET-DATASET\SteelDefectX\train_by_class\Silk spot\ss_541.jpg
ss_543,Silk spot,train,2832,C:\Users\anmol\OneDrive\Desktop\Steel_Surface_Defect_NEU_DET-DATASET\SteelDefectX\train_by_class\Silk spot\ss_543.jpg
ss_546,Silk spot,train,2834,C:\Users\anmol\OneDrive\Desktop\Steel_Surface_Defect_NEU_DET-DATASET\SteelDefectX\train_by_class\Silk spot\ss_546.jpg
ss_547,Silk spot,train,2835,C:\Users\anmol\OneDrive\Desktop\Steel_Surface_Defect_NEU_DET-DATASET\SteelDefectX\train_by_class\Silk spot\ss_547.jpg
ss_55,Silk spot,train,2838,C:\Users\anmol\OneDrive\Desktop\Steel_Surface_Defect_NEU_DET-DATASET\SteelDefectX\train_by_class\Silk spot\ss_55.jpg
ss_551,Silk spot,train,2839,C:\Users\anmol\OneDrive\Desktop\Steel_Surface_Defect_NEU_DET-DATASET\SteelDefectX\train_by_class\Silk spot\ss_551.jpg
ss_552,Silk spot,train,2840,C:\Users\anmol\OneDrive\Desktop\Steel_Surface_Defect_NEU_DET-DATASET\SteelDefectX\train_by_class\Silk spot\ss_552.jpg
ss_553,Silk spot,train,2841,C:\Users\anmol\OneDrive\Desktop\Steel_Surface_Defect_NEU_DET-DATASET\SteelDefectX\train_by_class\Silk spot\ss_553.jpg
ss_554,Silk spot,train,2842,C:\Users\anmol\OneDrive\Desktop\Steel_Surface_Defect_NEU_DET-DATASET\SteelDefectX\train_by_class\Silk spot\ss_554.jpg
ss_556,Silk spot,train,2844,C:\Users\anmol\OneDrive\Desktop\Steel_Surface_Defect_NEU_DET-DATASET\SteelDefectX\train_by_class\Silk spot\ss_556.jpg
ss_560,Silk spot,train,2846,C:\Users\anmol\OneDrive\Desktop\Steel_Surface_Defect_NEU_DET-DATASET\SteelDefectX\train_by_class\Silk spot\ss_560.jpg
ss_563,Silk spot,train,2848,C:\Users\anmol\OneDrive\Desktop\Steel_Surface_Defect_NEU_DET-DATASET\SteelDefectX\train_by_class\Silk spot\ss_563.jpg
ss_566,Silk spot,train,2850,C:\Users\anmol\OneDrive\Desktop\Steel_Surface_Defect_NEU_DET-DATASET\SteelDefectX\train_by_class\Silk spot\ss_566.jpg
ss_574,Silk spot,train,2853,C:\Users\anmol\OneDrive\Desktop\Steel_Surface_Defect_NEU_DET-DATASET\SteelDefectX\train_by_class\Silk spot\ss_574.jpg
ss_575,Silk spot,train,2854,C:\Users\anmol\OneDrive\Desktop\Steel_Surface_Defect_NEU_DET-DATASET\SteelDefectX\train_by_class\Silk spot\ss_575.jpg
ss_576,Silk spot,train,2855,C:\Users\anmol\OneDrive\Desktop\Steel_Surface_Defect_NEU_DET-DATASET\SteelDefectX\train_by_class\Silk spot\ss_576.jpg
ss_577,Silk spot,train,2856,C:\Users\anmol\OneDrive\Desktop\Steel_Surface_Defect_NEU_DET-DATASET\SteelDefectX\train_by_class\Silk spot\ss_577.jpg
ss_578,Silk spot,train,2856,C:\Users\anmol\OneDrive\Desktop\Steel_Surface_Defect_NEU_DET-DATASET\SteelDefectX\train_by_class\Silk spot\ss_578.jpg
ss_61,Silk spot,train,2857,C:\Users\anmol\OneDrive\Desktop\Steel_Surface_Defect_NEU_DET-DATASET\SteelDefectX\train_by_class\Silk spot\ss_61.jpg
ss_67,Silk spot,train,2858,C:\Users\anmol\OneDrive\Desktop\Steel_Surface_Defect_NEU_DET-DATASET\SteelDefectX\train_by_class\Silk spot\ss_67.jpg
ss_70,Silk spot,train,2860,C:\Users\anmol\OneDrive\Desktop\Steel_Surface_Defect_NEU_DET-DATASET\SteelDefectX\train_by_class\Silk spot\ss_70.jpg
ss_74,Silk spot,train,2862,C:\Users\anmol\OneDrive\Desktop\Steel_Surface_Defect_NEU_DET-DATASET\SteelDefectX\train_by_class\Silk spot\ss_74.jpg
ss_77,Silk spot,train,2541,C:\Users\anmol\OneDrive\Desktop\Steel_Surface_Defect_NEU_DET-DATASET\SteelDefectX\train_by_class\Silk spot\ss_77.jpg
ss_79,Silk spot,train,2862,C:\Users\anmol\OneDrive\Desktop\Steel_Surface_Defect_NEU_DET-DATASET\SteelDefectX\train_by_class\Silk spot\ss_79.jpg
ss_83,Silk spot,train,2541,C:\Users\anmol\OneDrive\Desktop\Steel_Surface_Defect_NEU_DET-DATASET\SteelDefectX\train_by_class\Silk spot\ss_83.jpg
ss_86,Silk spot,train,2862,C:\Users\anmol\OneDrive\Desktop\Steel_Surface_Defect_NEU_DET-DATASET\SteelDefectX\train_by_class\Silk spot\ss_86.jpg
ss_89,Silk spot,train,2864,C:\Users\anmol\OneDrive\Desktop\Steel_Surface_Defect_NEU_DET-DATASET\SteelDefectX\train_by_class\Silk spot\ss_89.jpg
ss_91,Silk spot,train,2865,C:\Users\anmol\OneDrive\Desktop\Steel_Surface_Defect_NEU_DET-DATASET\SteelDefectX\train_by_class\Silk spot\ss_91.jpg
ss_94,Silk spot,train,2866,C:\Users\anmol\OneDrive\Desktop\Steel_Surface_Defect_NEU_DET-DATASET\SteelDefectX\train_by_class\Silk spot\ss_94.jpg
ss_95,Silk spot,train,2867,C:\Users\anmol\OneDrive\Desktop\Steel_Surface_Defect_NEU_DET-DATASET\SteelDefectX\train_by_class\Silk spot\ss_95.jpg
ss_96,Silk spot,train,2868,C:\Users\anmol\OneDrive\Desktop\Steel_Surface_Defect_NEU_DET-DATASET\SteelDefectX\train_by_class\Silk spot\ss_96.jpg
ss_01,Silk spot,val,2526,C:\Users\anmol\OneDrive\Desktop\Steel_Surface_Defect_NEU_DET-DATASET\SteelDefectX\train_by_class\Silk spot\ss_01.jpg
ss_02,Silk spot,val,2527,C:\Users\anmol\OneDrive\Desktop\Steel_Surface_Defect_NEU_DET-DATASET\SteelDefectX\train_by_class\Silk spot\ss_02.jpg
ss_127,Silk spot,val,2547,C:\Users\anmol\OneDrive\Desktop\Steel_Surface_Defect_NEU_DET-DATASET\SteelDefectX\train_by_class\Silk spot\ss_127.jpg
ss_150,Silk spot,val,2551,C:\Users\anmol\OneDrive\Desktop\Steel_Surface_Defect_NEU_DET-DATASET\SteelDefectX\train_by_class\Silk spot\ss_150.jpg
ss_173,Silk spot,val,2560,C:\Users\anmol\OneDrive\Desktop\Steel_Surface_Defect_NEU_DET-DATASET\SteelDefectX\train_by_class\Silk spot\ss_173.jpg
ss_181,Silk spot,val,2565,C:\Users\anmol\OneDrive\Desktop\Steel_Surface_Defect_NEU_DET-DATASET\SteelDefectX\train_by_class\Silk spot\ss_181.jpg
ss_199,Silk spot,val,2574,C:\Users\anmol\OneDrive\Desktop\Steel_Surface_Defect_NEU_DET-DATASET\SteelDefectX\train_by_class\Silk spot\ss_199.jpg
ss_235,Silk spot,val,2600,C:\Users\anmol\OneDrive\Desktop\Steel_Surface_Defect_NEU_DET-DATASET\SteelDefectX\train_by_class\Silk spot\ss_235.jpg
ss_261,Silk spot,val,2622,C:\Users\anmol\OneDrive\Desktop\Steel_Surface_Defect_NEU_DET-DATASET\SteelDefectX\train_by_class\Silk spot\ss_261.jpg
ss_289,Silk spot,val,2643,C:\Users\anmol\OneDrive\Desktop\Steel_Surface_Defect_NEU_DET-DATASET\SteelDefectX\train_by_class\Silk spot\ss_289.jpg
ss_304,Silk spot,val,2652,C:\Users\anmol\OneDrive\Desktop\Steel_Surface_Defect_NEU_DET-DATASET\SteelDefectX\train_by_class\Silk spot\ss_304.jpg
ss_329,Silk spot,val,2669,C:\Users\anmol\OneDrive\Desktop\Steel_Surface_Defect_NEU_DET-DATASET\SteelDefectX\train_by_class\Silk spot\ss_329.jpg
ss_368,Silk spot,val,2704,C:\Users\anmol\OneDrive\Desktop\Steel_Surface_Defect_NEU_DET-DATASET\SteelDefectX\train_by_class\Silk spot\ss_368.jpg
ss_369,Silk spot,val,2705,C:\Users\anmol\OneDrive\Desktop\Steel_Surface_Defect_NEU_DET-DATASET\SteelDefectX\train_by_class\Silk spot\ss_369.jpg
ss_375,Silk spot,val,2712,C:\Users\anmol\OneDrive\Desktop\Steel_Surface_Defect_NEU_DET-DATASET\SteelDefectX\train_by_class\Silk spot\ss_375.jpg
ss_378,Silk spot,val,2715,C:\Users\anmol\OneDrive\Desktop\Steel_Surface_Defect_NEU_DET-DATASET\SteelDefectX\train_by_class\Silk spot\ss_378.jpg
ss_385,Silk spot,val,2721,C:\Users\anmol\OneDrive\Desktop\Steel_Surface_Defect_NEU_DET-DATASET\SteelDefectX\train_by_class\Silk spot\ss_385.jpg
ss_397,Silk spot,val,2729,C:\Users\anmol\OneDrive\Desktop\Steel_Surface_Defect_NEU_DET-DATASET\SteelDefectX\train_by_class\Silk spot\ss_397.jpg
ss_400,Silk spot,val,2731,C:\Users\anmol\OneDrive\Desktop\Steel_Surface_Defect_NEU_DET-DATASET\SteelDefectX\train_by_class\Silk spot\ss_400.jpg
ss_412,Silk spot,val,2740,C:\Users\anmol\OneDrive\Desktop\Steel_Surface_Defect_NEU_DET-DATASET\SteelDefectX\train_by_class\Silk spot\ss_412.jpg
ss_42,Silk spot,val,2747,C:\Users\anmol\OneDrive\Desktop\Steel_Surface_Defect_NEU_DET-DATASET\SteelDefectX\train_by_class\Silk spot\ss_42.jpg
ss_420,Silk spot,val,2748,C:\Users\anmol\OneDrive\Desktop\Steel_Surface_Defect_NEU_DET-DATASET\SteelDefectX\train_by_class\Silk spot\ss_420.jpg
ss_456,Silk spot,val,2770,C:\Users\anmol\OneDrive\Desktop\Steel_Surface_Defect_NEU_DET-DATASET\SteelDefectX\train_by_class\Silk spot\ss_456.jpg
ss_473,Silk spot,val,2783,C:\Users\anmol\OneDrive\Desktop\Steel_Surface_Defect_NEU_DET-DATASET\SteelDefectX\train_by_class\Silk spot\ss_473.jpg
ss_482,Silk spot,val,2789,C:\Users\anmol\OneDrive\Desktop\Steel_Surface_Defect_NEU_DET-DATASET\SteelDefectX\train_by_class\Silk spot\ss_482.jpg
ss_505,Silk spot,val,2806,C:\Users\anmol\OneDrive\Desktop\Steel_Surface_Defect_NEU_DET-DATASET\SteelDefectX\train_by_class\Silk spot\ss_505.jpg
ss_514,Silk spot,val,2812,C:\Users\anmol\OneDrive\Desktop\Steel_Surface_Defect_NEU_DET-DATASET\SteelDefectX\train_by_class\Silk spot\ss_514.jpg
ss_522,Silk spot,val,2817,C:\Users\anmol\OneDrive\Desktop\Steel_Surface_Defect_NEU_DET-DATASET\SteelDefectX\train_by_class\Silk spot\ss_522.jpg
ss_529,Silk spot,val,2821,C:\Users\anmol\OneDrive\Desktop\Steel_Surface_Defect_NEU_DET-DATASET\SteelDefectX\train_by_class\Silk spot\ss_529.jpg
ss_530,Silk spot,val,2822,C:\Users\anmol\OneDrive\Desktop\Steel_Surface_Defect_NEU_DET-DATASET\SteelDefectX\train_by_class\Silk spot\ss_530.jpg
ss_532,Silk spot,val,2823,C:\Users\anmol\OneDrive\Desktop\Steel_Surface_Defect_NEU_DET-DATASET\SteelDefectX\train_by_class\Silk spot\ss_532.jpg
ss_549,Silk spot,val,2837,C:\Users\anmol\OneDrive\Desktop\Steel_Surface_Defect_NEU_DET-DATASET\SteelDefectX\train_by_class\Silk spot\ss_549.jpg
ss_68,Silk spot,val,2859,C:\Users\anmol\OneDrive\Desktop\Steel_Surface_Defect_NEU_DET-DATASET\SteelDefectX\train_by_class\Silk spot\ss_68.jpg
ss_71,Silk spot,val,2861,C:\Users\anmol\OneDrive\Desktop\Steel_Surface_Defect_NEU_DET-DATASET\SteelDefectX\train_by_class\Silk spot\ss_71.jpg
ss_98,Silk spot,val,2869,C:\Users\anmol\OneDrive\Desktop\Steel_Surface_Defect_NEU_DET-DATASET\SteelDefectX\train_by_class\Silk spot\ss_98.jpg
si_02,Slag inclusion,test,2871,C:\Users\anmol\OneDrive\Desktop\Steel_Surface_Defect_NEU_DET-DATASET\SteelDefectX\train_by_class\Slag inclusion\si_02.jpg
si_109,Slag inclusion,test,2883,C:\Users\anmol\OneDrive\Desktop\Steel_Surface_Defect_NEU_DET-DATASET\SteelDefectX\train_by_class\Slag inclusion\si_109.jpg
si_122,Slag inclusion,test,2895,C:\Users\anmol\OneDrive\Desktop\Steel_Surface_Defect_NEU_DET-DATASET\SteelDefectX\train_by_class\Slag inclusion\si_122.jpg
si_126,Slag inclusion,test,2899,C:\Users\anmol\OneDrive\Desktop\Steel_Surface_Defect_NEU_DET-DATASET\SteelDefectX\train_by_class\Slag inclusion\si_126.jpg
si_150,Slag inclusion,test,2917,C:\Users\anmol\OneDrive\Desktop\Steel_Surface_Defect_NEU_DET-DATASET\SteelDefectX\train_by_class\Slag inclusion\si_150.jpg
si_153,Slag inclusion,test,2919,C:\Users\anmol\OneDrive\Desktop\Steel_Surface_Defect_NEU_DET-DATASET\SteelDefectX\train_by_class\Slag inclusion\si_153.jpg
si_155,Slag inclusion,test,2920,C:\Users\anmol\OneDrive\Desktop\Steel_Surface_Defect_NEU_DET-DATASET\SteelDefectX\train_by_class\Slag inclusion\si_155.jpg
si_168,Slag inclusion,test,2927,C:\Users\anmol\OneDrive\Desktop\Steel_Surface_Defect_NEU_DET-DATASET\SteelDefectX\train_by_class\Slag inclusion\si_168.jpg
si_172,Slag inclusion,test,2930,C:\Users\anmol\OneDrive\Desktop\Steel_Surface_Defect_NEU_DET-DATASET\SteelDefectX\train_by_class\Slag inclusion\si_172.jpg
si_179,Slag inclusion,test,2933,C:\Users\anmol\OneDrive\Desktop\Steel_Surface_Defect_NEU_DET-DATASET\SteelDefectX\train_by_class\Slag inclusion\si_179.jpg
si_18,Slag inclusion,test,2934,C:\Users\anmol\OneDrive\Desktop\Steel_Surface_Defect_NEU_DET-DATASET\SteelDefectX\train_by_class\Slag inclusion\si_18.jpg
si_181,Slag inclusion,test,2935,C:\Users\anmol\OneDrive\Desktop\Steel_Surface_Defect_NEU_DET-DATASET\SteelDefectX\train_by_class\Slag inclusion\si_181.jpg
si_182,Slag inclusion,test,2936,C:\Users\anmol\OneDrive\Desktop\Steel_Surface_Defect_NEU_DET-DATASET\SteelDefectX\train_by_class\Slag inclusion\si_182.jpg
si_191,Slag inclusion,test,2942,C:\Users\anmol\OneDrive\Desktop\Steel_Surface_Defect_NEU_DET-DATASET\SteelDefectX\train_by_class\Slag inclusion\si_191.jpg
si_196,Slag inclusion,test,2947,C:\Users\anmol\OneDrive\Desktop\Steel_Surface_Defect_NEU_DET-DATASET\SteelDefectX\train_by_class\Slag inclusion\si_196.jpg
si_200,Slag inclusion,test,2951,C:\Users\anmol\OneDrive\Desktop\Steel_Surface_Defect_NEU_DET-DATASET\SteelDefectX\train_by_class\Slag inclusion\si_200.jpg
si_202,Slag inclusion,test,2952,C:\Users\anmol\OneDrive\Desktop\Steel_Surface_Defect_NEU_DET-DATASET\SteelDefectX\train_by_class\Slag inclusion\si_202.jpg
si_206,Slag inclusion,test,2955,C:\Users\anmol\OneDrive\Desktop\Steel_Surface_Defect_NEU_DET-DATASET\SteelDefectX\train_by_class\Slag inclusion\si_206.jpg
si_214,Slag inclusion,test,2958,C:\Users\anmol\OneDrive\Desktop\Steel_Surface_Defect_NEU_DET-DATASET\SteelDefectX\train_by_class\Slag inclusion\si_214.jpg
si_216,Slag inclusion,test,2960,C:\Users\anmol\OneDrive\Desktop\Steel_Surface_Defect_NEU_DET-DATASET\SteelDefectX\train_by_class\Slag inclusion\si_216.jpg
si_220,Slag inclusion,test,2965,C:\Users\anmol\OneDrive\Desktop\Steel_Surface_Defect_NEU_DET-DATASET\SteelDefectX\train_by_class\Slag inclusion\si_220.jpg
si_227,Slag inclusion,test,2969,C:\Users\anmol\OneDrive\Desktop\Steel_Surface_Defect_NEU_DET-DATASET\SteelDefectX\train_by_class\Slag inclusion\si_227.jpg
si_28,Slag inclusion,test,2980,C:\Users\anmol\OneDrive\Desktop\Steel_Surface_Defect_NEU_DET-DATASET\SteelDefectX\train_by_class\Slag inclusion\si_28.jpg
si_41,Slag inclusion,test,2988,C:\Users\anmol\OneDrive\Desktop\Steel_Surface_Defect_NEU_DET-DATASET\SteelDefectX\train_by_class\Slag inclusion\si_41.jpg
si_47,Slag inclusion,test,2994,C:\Users\anmol\OneDrive\Desktop\Steel_Surface_Defect_NEU_DET-DATASET\SteelDefectX\train_by_class\Slag inclusion\si_47.jpg
si_48,Slag inclusion,test,2995,C:\Users\anmol\OneDrive\Desktop\Steel_Surface_Defect_NEU_DET-DATASET\SteelDefectX\train_by_class\Slag inclusion\si_48.jpg
si_53,Slag inclusion,test,3000,C:\Users\anmol\OneDrive\Desktop\Steel_Surface_Defect_NEU_DET-DATASET\SteelDefectX\train_by_class\Slag inclusion\si_53.jpg
si_64,Slag inclusion,test,3009,C:\Users\anmol\OneDrive\Desktop\Steel_Surface_Defect_NEU_DET-DATASET\SteelDefectX\train_by_class\Slag inclusion\si_64.jpg
si_74,Slag inclusion,test,3017,C:\Users\anmol\OneDrive\Desktop\Steel_Surface_Defect_NEU_DET-DATASET\SteelDefectX\train_by_class\Slag inclusion\si_74.jpg
si_79,Slag inclusion,test,3021,C:\Users\anmol\OneDrive\Desktop\Steel_Surface_Defect_NEU_DET-DATASET\SteelDefectX\train_by_class\Slag inclusion\si_79.jpg
si_82,Slag inclusion,test,3023,C:\Users\anmol\OneDrive\Desktop\Steel_Surface_Defect_NEU_DET-DATASET\SteelDefectX\train_by_class\Slag inclusion\si_82.jpg
si_83,Slag inclusion,test,3024,C:\Users\anmol\OneDrive\Desktop\Steel_Surface_Defect_NEU_DET-DATASET\SteelDefectX\train_by_class\Slag inclusion\si_83.jpg
si_89,Slag inclusion,test,3028,C:\Users\anmol\OneDrive\Desktop\Steel_Surface_Defect_NEU_DET-DATASET\SteelDefectX\train_by_class\Slag inclusion\si_89.jpg
si_01,Slag inclusion,train,2870,C:\Users\anmol\OneDrive\Desktop\Steel_Surface_Defect_NEU_DET-DATASET\SteelDefectX\train_by_class\Slag inclusion\si_01.jpg
si_05,Slag inclusion,train,2872,C:\Users\anmol\OneDrive\Desktop\Steel_Surface_Defect_NEU_DET-DATASET\SteelDefectX\train_by_class\Slag inclusion\si_05.jpg
si_06,Slag inclusion,train,2873,C:\Users\anmol\OneDrive\Desktop\Steel_Surface_Defect_NEU_DET-DATASET\SteelDefectX\train_by_class\Slag inclusion\si_06.jpg
si_09,Slag inclusion,train,2874,C:\Users\anmol\OneDrive\Desktop\Steel_Surface_Defect_NEU_DET-DATASET\SteelDefectX\train_by_class\Slag inclusion\si_09.jpg
si_10,Slag inclusion,train,2875,C:\Users\anmol\OneDrive\Desktop\Steel_Surface_Defect_NEU_DET-DATASET\SteelDefectX\train_by_class\Slag inclusion\si_10.jpg
si_100,Slag inclusion,train,2876,C:\Users\anmol\OneDrive\Desktop\Steel_Surface_Defect_NEU_DET-DATASET\SteelDefectX\train_by_class\Slag inclusion\si_100.jpg
si_101,Slag inclusion,train,2877,C:\Users\anmol\OneDrive\Desktop\Steel_Surface_Defect_NEU_DET-DATASET\SteelDefectX\train_by_class\Slag inclusion\si_101.jpg
si_103,Slag inclusion,train,2878,C:\Users\anmol\OneDrive\Desktop\Steel_Surface_Defect_NEU_DET-DATASET\SteelDefectX\train_by_class\Slag inclusion\si_103.jpg
si_105,Slag inclusion,train,2879,C:\Users\anmol\OneDrive\Desktop\Steel_Surface_Defect_NEU_DET-DATASET\SteelDefectX\train_by_class\Slag inclusion\si_105.jpg
si_106,Slag inclusion,train,2880,C:\Users\anmol\OneDrive\Desktop\Steel_Surface_Defect_NEU_DET-DATASET\SteelDefectX\train_by_class\Slag inclusion\si_106.jpg
si_112,Slag inclusion,train,2884,C:\Users\anmol\OneDrive\Desktop\Steel_Surface_Defect_NEU_DET-DATASET\SteelDefectX\train_by_class\Slag inclusion\si_112.jpg
si_113,Slag inclusion,train,2885,C:\Users\anmol\OneDrive\Desktop\Steel_Surface_Defect_NEU_DET-DATASET\SteelDefectX\train_by_class\Slag inclusion\si_113.jpg
si_114,Slag inclusion,train,2886,C:\Users\anmol\OneDrive\Desktop\Steel_Surface_Defect_NEU_DET-DATASET\SteelDefectX\train_by_class\Slag inclusion\si_114.jpg
si_115,Slag inclusion,train,2887,C:\Users\anmol\OneDrive\Desktop\Steel_Surface_Defect_NEU_DET-DATASET\SteelDefectX\train_by_class\Slag inclusion\si_115.jpg
si_117,Slag inclusion,train,2889,C:\Users\anmol\OneDrive\Desktop\Steel_Surface_Defect_NEU_DET-DATASET\SteelDefectX\train_by_class\Slag inclusion\si_117.jpg
si_118,Slag inclusion,train,2890,C:\Users\anmol\OneDrive\Desktop\Steel_Surface_Defect_NEU_DET-DATASET\SteelDefectX\train_by_class\Slag inclusion\si_118.jpg
si_119,Slag inclusion,train,2891,C:\Users\anmol\OneDrive\Desktop\Steel_Surface_Defect_NEU_DET-DATASET\SteelDefectX\train_by_class\Slag inclusion\si_119.jpg
si_12,Slag inclusion,train,2892,C:\Users\anmol\OneDrive\Desktop\Steel_Surface_Defect_NEU_DET-DATASET\SteelDefectX\train_by_class\Slag inclusion\si_12.jpg
si_120,Slag inclusion,train,2893,C:\Users\anmol\OneDrive\Desktop\Steel_Surface_Defect_NEU_DET-DATASET\SteelDefectX\train_by_class\Slag inclusion\si_120.jpg
si_121,Slag inclusion,train,2894,C:\Users\anmol\OneDrive\Desktop\Steel_Surface_Defect_NEU_DET-DATASET\SteelDefectX\train_by_class\Slag inclusion\si_121.jpg
si_123,Slag inclusion,train,2896,C:\Users\anmol\OneDrive\Desktop\Steel_Surface_Defect_NEU_DET-DATASET\SteelDefectX\train_by_class\Slag inclusion\si_123.jpg
si_125,Slag inclusion,train,2898,C:\Users\anmol\OneDrive\Desktop\Steel_Surface_Defect_NEU_DET-DATASET\SteelDefectX\train_by_class\Slag inclusion\si_125.jpg
si_128,Slag inclusion,train,2900,C:\Users\anmol\OneDrive\Desktop\Steel_Surface_Defect_NEU_DET-DATASET\SteelDefectX\train_by_class\Slag inclusion\si_128.jpg
si_129,Slag inclusion,train,2901,C:\Users\anmol\OneDrive\Desktop\Steel_Surface_Defect_NEU_DET-DATASET\SteelDefectX\train_by_class\Slag inclusion\si_129.jpg
si_13,Slag inclusion,train,2902,C:\Users\anmol\OneDrive\Desktop\Steel_Surface_Defect_NEU_DET-DATASET\SteelDefectX\train_by_class\Slag inclusion\si_13.jpg
si_130,Slag inclusion,train,2903,C:\Users\anmol\OneDrive\Desktop\Steel_Surface_Defect_NEU_DET-DATASET\SteelDefectX\train_by_class\Slag inclusion\si_130.jpg
si_131,Slag inclusion,train,2904,C:\Users\anmol\OneDrive\Desktop\Steel_Surface_Defect_NEU_DET-DATASET\SteelDefectX\train_by_class\Slag inclusion\si_131.jpg
si_133,Slag inclusion,train,2905,C:\Users\anmol\OneDrive\Desktop\Steel_Surface_Defect_NEU_DET-DATASET\SteelDefectX\train_by_class\Slag inclusion\si_133.jpg
si_134,Slag inclusion,train,2906,C:\Users\anmol\OneDrive\Desktop\Steel_Surface_Defect_NEU_DET-DATASET\SteelDefectX\train_by_class\Slag inclusion\si_134.jpg
si_137,Slag inclusion,train,2907,C:\Users\anmol\OneDrive\Desktop\Steel_Surface_Defect_NEU_DET-DATASET\SteelDefectX\train_by_class\Slag inclusion\si_137.jpg
si_14,Slag inclusion,train,2908,C:\Users\anmol\OneDrive\Desktop\Steel_Surface_Defect_NEU_DET-DATASET\SteelDefectX\train_by_class\Slag inclusion\si_14.jpg
si_140,Slag inclusion,train,2909,C:\Users\anmol\OneDrive\Desktop\Steel_Surface_Defect_NEU_DET-DATASET\SteelDefectX\train_by_class\Slag inclusion\si_140.jpg
si_141,Slag inclusion,train,2910,C:\Users\anmol\OneDrive\Desktop\Steel_Surface_Defect_NEU_DET-DATASET\SteelDefectX\train_by_class\Slag inclusion\si_141.jpg
si_142,Slag inclusion,train,2911,C:\Users\anmol\OneDrive\Desktop\Steel_Surface_Defect_NEU_DET-DATASET\SteelDefectX\train_by_class\Slag inclusion\si_142.jpg
si_146,Slag inclusion,train,2913,C:\Users\anmol\OneDrive\Desktop\Steel_Surface_Defect_NEU_DET-DATASET\SteelDefectX\train_by_class\Slag inclusion\si_146.jpg
si_147,Slag inclusion,train,2914,C:\Users\anmol\OneDrive\Desktop\Steel_Surface_Defect_NEU_DET-DATASET\SteelDefectX\train_by_class\Slag inclusion\si_147.jpg
si_148,Slag inclusion,train,2915,C:\Users\anmol\OneDrive\Desktop\Steel_Surface_Defect_NEU_DET-DATASET\SteelDefectX\train_by_class\Slag inclusion\si_148.jpg
si_15,Slag inclusion,train,2916,C:\Users\anmol\OneDrive\Desktop\Steel_Surface_Defect_NEU_DET-DATASET\SteelDefectX\train_by_class\Slag inclusion\si_15.jpg
si_152,Slag inclusion,train,2918,C:\Users\anmol\OneDrive\Desktop\Steel_Surface_Defect_NEU_DET-DATASET\SteelDefectX\train_by_class\Slag inclusion\si_152.jpg
si_157,Slag inclusion,train,2921,C:\Users\anmol\OneDrive\Desktop\Steel_Surface_Defect_NEU_DET-DATASET\SteelDefectX\train_by_class\Slag inclusion\si_157.jpg
si_160,Slag inclusion,train,2923,C:\Users\anmol\OneDrive\Desktop\Steel_Surface_Defect_NEU_DET-DATASET\SteelDefectX\train_by_class\Slag inclusion\si_160.jpg
si_164,Slag inclusion,train,2924,C:\Users\anmol\OneDrive\Desktop\Steel_Surface_Defect_NEU_DET-DATASET\SteelDefectX\train_by_class\Slag inclusion\si_164.jpg
si_167,Slag inclusion,train,2926,C:\Users\anmol\OneDrive\Desktop\Steel_Surface_Defect_NEU_DET-DATASET\SteelDefectX\train_by_class\Slag inclusion\si_167.jpg
si_170,Slag inclusion,train,2928,C:\Users\anmol\OneDrive\Desktop\Steel_Surface_Defect_NEU_DET-DATASET\SteelDefectX\train_by_class\Slag inclusion\si_170.jpg
si_174,Slag inclusion,train,2931,C:\Users\anmol\OneDrive\Desktop\Steel_Surface_Defect_NEU_DET-DATASET\SteelDefectX\train_by_class\Slag inclusion\si_174.jpg
si_178,Slag inclusion,train,2932,C:\Users\anmol\OneDrive\Desktop\Steel_Surface_Defect_NEU_DET-DATASET\SteelDefectX\train_by_class\Slag inclusion\si_178.jpg
si_184,Slag inclusion,train,2937,C:\Users\anmol\OneDrive\Desktop\Steel_Surface_Defect_NEU_DET-DATASET\SteelDefectX\train_by_class\Slag inclusion\si_184.jpg
si_186,Slag inclusion,train,2938,C:\Users\anmol\OneDrive\Desktop\Steel_Surface_Defect_NEU_DET-DATASET\SteelDefectX\train_by_class\Slag inclusion\si_186.jpg
si_187,Slag inclusion,train,2939,C:\Users\anmol\OneDrive\Desktop\Steel_Surface_Defect_NEU_DET-DATASET\SteelDefectX\train_by_class\Slag inclusion\si_187.jpg
si_189,Slag inclusion,train,2940,C:\Users\anmol\OneDrive\Desktop\Steel_Surface_Defect_NEU_DET-DATASET\SteelDefectX\train_by_class\Slag inclusion\si_189.jpg
si_190,Slag inclusion,train,2941,C:\Users\anmol\OneDrive\Desktop\Steel_Surface_Defect_NEU_DET-DATASET\SteelDefectX\train_by_class\Slag inclusion\si_190.jpg
si_192,Slag inclusion,train,2943,C:\Users\anmol\OneDrive\Desktop\Steel_Surface_Defect_NEU_DET-DATASET\SteelDefectX\train_by_class\Slag inclusion\si_192.jpg
si_193,Slag inclusion,train,2944,C:\Users\anmol\OneDrive\Desktop\Steel_Surface_Defect_NEU_DET-DATASET\SteelDefectX\train_by_class\Slag inclusion\si_193.jpg
si_194,Slag inclusion,train,2945,C:\Users\anmol\OneDrive\Desktop\Steel_Surface_Defect_NEU_DET-DATASET\SteelDefectX\train_by_class\Slag inclusion\si_194.jpg
si_195,Slag inclusion,train,2946,C:\Users\anmol\OneDrive\Desktop\Steel_Surface_Defect_NEU_DET-DATASET\SteelDefectX\train_by_class\Slag inclusion\si_195.jpg
si_197,Slag inclusion,train,2948,C:\Users\anmol\OneDrive\Desktop\Steel_Surface_Defect_NEU_DET-DATASET\SteelDefectX\train_by_class\Slag inclusion\si_197.jpg
si_20,Slag inclusion,train,2950,C:\Users\anmol\OneDrive\Desktop\Steel_Surface_Defect_NEU_DET-DATASET\SteelDefectX\train_by_class\Slag inclusion\si_20.jpg
si_204,Slag inclusion,train,2953,C:\Users\anmol\OneDrive\Desktop\Steel_Surface_Defect_NEU_DET-DATASET\SteelDefectX\train_by_class\Slag inclusion\si_204.jpg
si_205,Slag inclusion,train,2954,C:\Users\anmol\OneDrive\Desktop\Steel_Surface_Defect_NEU_DET-DATASET\SteelDefectX\train_by_class\Slag inclusion\si_205.jpg
si_207,Slag inclusion,train,2956,C:\Users\anmol\OneDrive\Desktop\Steel_Surface_Defect_NEU_DET-DATASET\SteelDefectX\train_by_class\Slag inclusion\si_207.jpg
si_211,Slag inclusion,train,2957,C:\Users\anmol\OneDrive\Desktop\Steel_Surface_Defect_NEU_DET-DATASET\SteelDefectX\train_by_class\Slag inclusion\si_211.jpg
si_215,Slag inclusion,train,2959,C:\Users\anmol\OneDrive\Desktop\Steel_Surface_Defect_NEU_DET-DATASET\SteelDefectX\train_by_class\Slag inclusion\si_215.jpg
si_217,Slag inclusion,train,2961,C:\Users\anmol\OneDrive\Desktop\Steel_Surface_Defect_NEU_DET-DATASET\SteelDefectX\train_by_class\Slag inclusion\si_217.jpg
si_218,Slag inclusion,train,2962,C:\Users\anmol\OneDrive\Desktop\Steel_Surface_Defect_NEU_DET-DATASET\SteelDefectX\train_by_class\Slag inclusion\si_218.jpg
si_219,Slag inclusion,train,2963,C:\Users\anmol\OneDrive\Desktop\Steel_Surface_Defect_NEU_DET-DATASET\SteelDefectX\train_by_class\Slag inclusion\si_219.jpg
si_22,Slag inclusion,train,2964,C:\Users\anmol\OneDrive\Desktop\Steel_Surface_Defect_NEU_DET-DATASET\SteelDefectX\train_by_class\Slag inclusion\si_22.jpg
si_221,Slag inclusion,train,2966,C:\Users\anmol\OneDrive\Desktop\Steel_Surface_Defect_NEU_DET-DATASET\SteelDefectX\train_by_class\Slag inclusion\si_221.jpg
si_222,Slag inclusion,train,2967,C:\Users\anmol\OneDrive\Desktop\Steel_Surface_Defect_NEU_DET-DATASET\SteelDefectX\train_by_class\Slag inclusion\si_222.jpg
si_224,Slag inclusion,train,2968,C:\Users\anmol\OneDrive\Desktop\Steel_Surface_Defect_NEU_DET-DATASET\SteelDefectX\train_by_class\Slag inclusion\si_224.jpg
si_228,Slag inclusion,train,2970,C:\Users\anmol\OneDrive\Desktop\Steel_Surface_Defect_NEU_DET-DATASET\SteelDefectX\train_by_class\Slag inclusion\si_228.jpg
si_23,Slag inclusion,train,2971,C:\Users\anmol\OneDrive\Desktop\Steel_Surface_Defect_NEU_DET-DATASET\SteelDefectX\train_by_class\Slag inclusion\si_23.jpg
si_231,Slag inclusion,train,2972,C:\Users\anmol\OneDrive\Desktop\Steel_Surface_Defect_NEU_DET-DATASET\SteelDefectX\train_by_class\Slag inclusion\si_231.jpg
si_233,Slag inclusion,train,2974,C:\Users\anmol\OneDrive\Desktop\Steel_Surface_Defect_NEU_DET-DATASET\SteelDefectX\train_by_class\Slag inclusion\si_233.jpg
si_234,Slag inclusion,train,2975,C:\Users\anmol\OneDrive\Desktop\Steel_Surface_Defect_NEU_DET-DATASET\SteelDefectX\train_by_class\Slag inclusion\si_234.jpg
si_235,Slag inclusion,train,2976,C:\Users\anmol\OneDrive\Desktop\Steel_Surface_Defect_NEU_DET-DATASET\SteelDefectX\train_by_class\Slag inclusion\si_235.jpg
si_25,Slag inclusion,train,2977,C:\Users\anmol\OneDrive\Desktop\Steel_Surface_Defect_NEU_DET-DATASET\SteelDefectX\train_by_class\Slag inclusion\si_25.jpg
si_26,Slag inclusion,train,2978,C:\Users\anmol\OneDrive\Desktop\Steel_Surface_Defect_NEU_DET-DATASET\SteelDefectX\train_by_class\Slag inclusion\si_26.jpg
si_27,Slag inclusion,train,2979,C:\Users\anmol\OneDrive\Desktop\Steel_Surface_Defect_NEU_DET-DATASET\SteelDefectX\train_by_class\Slag inclusion\si_27.jpg
si_30,Slag inclusion,train,2981,C:\Users\anmol\OneDrive\Desktop\Steel_Surface_Defect_NEU_DET-DATASET\SteelDefectX\train_by_class\Slag inclusion\si_30.jpg
si_32,Slag inclusion,train,2982,C:\Users\anmol\OneDrive\Desktop\Steel_Surface_Defect_NEU_DET-DATASET\SteelDefectX\train_by_class\Slag inclusion\si_32.jpg
si_33,Slag inclusion,train,2983,C:\Users\anmol\OneDrive\Desktop\Steel_Surface_Defect_NEU_DET-DATASET\SteelDefectX\train_by_class\Slag inclusion\si_33.jpg
si_34,Slag inclusion,train,2984,C:\Users\anmol\OneDrive\Desktop\Steel_Surface_Defect_NEU_DET-DATASET\SteelDefectX\train_by_class\Slag inclusion\si_34.jpg
si_36,Slag inclusion,train,2985,C:\Users\anmol\OneDrive\Desktop\Steel_Surface_Defect_NEU_DET-DATASET\SteelDefectX\train_by_class\Slag inclusion\si_36.jpg
si_37,Slag inclusion,train,2986,C:\Users\anmol\OneDrive\Desktop\Steel_Surface_Defect_NEU_DET-DATASET\SteelDefectX\train_by_class\Slag inclusion\si_37.jpg
si_42,Slag inclusion,train,2989,C:\Users\anmol\OneDrive\Desktop\Steel_Surface_Defect_NEU_DET-DATASET\SteelDefectX\train_by_class\Slag inclusion\si_42.jpg
si_43,Slag inclusion,train,2990,C:\Users\anmol\OneDrive\Desktop\Steel_Surface_Defect_NEU_DET-DATASET\SteelDefectX\train_by_class\Slag inclusion\si_43.jpg
si_44,Slag inclusion,train,2991,C:\Users\anmol\OneDrive\Desktop\Steel_Surface_Defect_NEU_DET-DATASET\SteelDefectX\train_by_class\Slag inclusion\si_44.jpg
si_45,Slag inclusion,train,2992,C:\Users\anmol\OneDrive\Desktop\Steel_Surface_Defect_NEU_DET-DATASET\SteelDefectX\train_by_class\Slag inclusion\si_45.jpg
si_46,Slag inclusion,train,2993,C:\Users\anmol\OneDrive\Desktop\Steel_Surface_Defect_NEU_DET-DATASET\SteelDefectX\train_by_class\Slag inclusion\si_46.jpg
si_49,Slag inclusion,train,2996,C:\Users\anmol\OneDrive\Desktop\Steel_Surface_Defect_NEU_DET-DATASET\SteelDefectX\train_by_class\Slag inclusion\si_49.jpg
si_50,Slag inclusion,train,2997,C:\Users\anmol\OneDrive\Desktop\Steel_Surface_Defect_NEU_DET-DATASET\SteelDefectX\train_by_class\Slag inclusion\si_50.jpg
si_51,Slag inclusion,train,2998,C:\Users\anmol\OneDrive\Desktop\Steel_Surface_Defect_NEU_DET-DATASET\SteelDefectX\train_by_class\Slag inclusion\si_51.jpg
si_52,Slag inclusion,train,2999,C:\Users\anmol\OneDrive\Desktop\Steel_Surface_Defect_NEU_DET-DATASET\SteelDefectX\train_by_class\Slag inclusion\si_52.jpg
si_54,Slag inclusion,train,3001,C:\Users\anmol\OneDrive\Desktop\Steel_Surface_Defect_NEU_DET-DATASET\SteelDefectX\train_by_class\Slag inclusion\si_54.jpg
si_56,Slag inclusion,train,3003,C:\Users\anmol\OneDrive\Desktop\Steel_Surface_Defect_NEU_DET-DATASET\SteelDefectX\train_by_class\Slag inclusion\si_56.jpg
si_59,Slag inclusion,train,3004,C:\Users\anmol\OneDrive\Desktop\Steel_Surface_Defect_NEU_DET-DATASET\SteelDefectX\train_by_class\Slag inclusion\si_59.jpg
si_60,Slag inclusion,train,3005,C:\Users\anmol\OneDrive\Desktop\Steel_Surface_Defect_NEU_DET-DATASET\SteelDefectX\train_by_class\Slag inclusion\si_60.jpg
si_62,Slag inclusion,train,3007,C:\Users\anmol\OneDrive\Desktop\Steel_Surface_Defect_NEU_DET-DATASET\SteelDefectX\train_by_class\Slag inclusion\si_62.jpg
si_65,Slag inclusion,train,3010,C:\Users\anmol\OneDrive\Desktop\Steel_Surface_Defect_NEU_DET-DATASET\SteelDefectX\train_by_class\Slag inclusion\si_65.jpg
si_66,Slag inclusion,train,3011,C:\Users\anmol\OneDrive\Desktop\Steel_Surface_Defect_NEU_DET-DATASET\SteelDefectX\train_by_class\Slag inclusion\si_66.jpg
si_68,Slag inclusion,train,3012,C:\Users\anmol\OneDrive\Desktop\Steel_Surface_Defect_NEU_DET-DATASET\SteelDefectX\train_by_class\Slag inclusion\si_68.jpg
si_70,Slag inclusion,train,3014,C:\Users\anmol\OneDrive\Desktop\Steel_Surface_Defect_NEU_DET-DATASET\SteelDefectX\train_by_class\Slag inclusion\si_70.jpg
si_72,Slag inclusion,train,3015,C:\Users\anmol\OneDrive\Desktop\Steel_Surface_Defect_NEU_DET-DATASET\SteelDefectX\train_by_class\Slag inclusion\si_72.jpg
si_73,Slag inclusion,train,3016,C:\Users\anmol\OneDrive\Desktop\Steel_Surface_Defect_NEU_DET-DATASET\SteelDefectX\train_by_class\Slag inclusion\si_73.jpg
si_75,Slag inclusion,train,3018,C:\Users\anmol\OneDrive\Desktop\Steel_Surface_Defect_NEU_DET-DATASET\SteelDefectX\train_by_class\Slag inclusion\si_75.jpg
si_76,Slag inclusion,train,3019,C:\Users\anmol\OneDrive\Desktop\Steel_Surface_Defect_NEU_DET-DATASET\SteelDefectX\train_by_class\Slag inclusion\si_76.jpg
si_77,Slag inclusion,train,3020,C:\Users\anmol\OneDrive\Desktop\Steel_Surface_Defect_NEU_DET-DATASET\SteelDefectX\train_by_class\Slag inclusion\si_77.jpg
si_80,Slag inclusion,train,3022,C:\Users\anmol\OneDrive\Desktop\Steel_Surface_Defect_NEU_DET-DATASET\SteelDefectX\train_by_class\Slag inclusion\si_80.jpg
si_86,Slag inclusion,train,3025,C:\Users\anmol\OneDrive\Desktop\Steel_Surface_Defect_NEU_DET-DATASET\SteelDefectX\train_by_class\Slag inclusion\si_86.jpg
si_87,Slag inclusion,train,3026,C:\Users\anmol\OneDrive\Desktop\Steel_Surface_Defect_NEU_DET-DATASET\SteelDefectX\train_by_class\Slag inclusion\si_87.jpg
si_88,Slag inclusion,train,3027,C:\Users\anmol\OneDrive\Desktop\Steel_Surface_Defect_NEU_DET-DATASET\SteelDefectX\train_by_class\Slag inclusion\si_88.jpg
si_90,Slag inclusion,train,3029,C:\Users\anmol\OneDrive\Desktop\Steel_Surface_Defect_NEU_DET-DATASET\SteelDefectX\train_by_class\Slag inclusion\si_90.jpg
si_92,Slag inclusion,train,3030,C:\Users\anmol\OneDrive\Desktop\Steel_Surface_Defect_NEU_DET-DATASET\SteelDefectX\train_by_class\Slag inclusion\si_92.jpg
si_94,Slag inclusion,train,3032,C:\Users\anmol\OneDrive\Desktop\Steel_Surface_Defect_NEU_DET-DATASET\SteelDefectX\train_by_class\Slag inclusion\si_94.jpg
si_96,Slag inclusion,train,3033,C:\Users\anmol\OneDrive\Desktop\Steel_Surface_Defect_NEU_DET-DATASET\SteelDefectX\train_by_class\Slag inclusion\si_96.jpg
si_98,Slag inclusion,train,3035,C:\Users\anmol\OneDrive\Desktop\Steel_Surface_Defect_NEU_DET-DATASET\SteelDefectX\train_by_class\Slag inclusion\si_98.jpg
si_99,Slag inclusion,train,3036,C:\Users\anmol\OneDrive\Desktop\Steel_Surface_Defect_NEU_DET-DATASET\SteelDefectX\train_by_class\Slag inclusion\si_99.jpg
si_107,Slag inclusion,val,2881,C:\Users\anmol\OneDrive\Desktop\Steel_Surface_Defect_NEU_DET-DATASET\SteelDefectX\train_by_class\Slag inclusion\si_107.jpg
si_108,Slag inclusion,val,2882,C:\Users\anmol\OneDrive\Desktop\Steel_Surface_Defect_NEU_DET-DATASET\SteelDefectX\train_by_class\Slag inclusion\si_108.jpg
si_116,Slag inclusion,val,2888,C:\Users\anmol\OneDrive\Desktop\Steel_Surface_Defect_NEU_DET-DATASET\SteelDefectX\train_by_class\Slag inclusion\si_116.jpg
si_124,Slag inclusion,val,2897,C:\Users\anmol\OneDrive\Desktop\Steel_Surface_Defect_NEU_DET-DATASET\SteelDefectX\train_by_class\Slag inclusion\si_124.jpg
si_144,Slag inclusion,val,2912,C:\Users\anmol\OneDrive\Desktop\Steel_Surface_Defect_NEU_DET-DATASET\SteelDefectX\train_by_class\Slag inclusion\si_144.jpg
si_158,Slag inclusion,val,2922,C:\Users\anmol\OneDrive\Desktop\Steel_Surface_Defect_NEU_DET-DATASET\SteelDefectX\train_by_class\Slag inclusion\si_158.jpg
si_166,Slag inclusion,val,2925,C:\Users\anmol\OneDrive\Desktop\Steel_Surface_Defect_NEU_DET-DATASET\SteelDefectX\train_by_class\Slag inclusion\si_166.jpg
si_171,Slag inclusion,val,2929,C:\Users\anmol\OneDrive\Desktop\Steel_Surface_Defect_NEU_DET-DATASET\SteelDefectX\train_by_class\Slag inclusion\si_171.jpg
si_198,Slag inclusion,val,2949,C:\Users\anmol\OneDrive\Desktop\Steel_Surface_Defect_NEU_DET-DATASET\SteelDefectX\train_by_class\Slag inclusion\si_198.jpg
si_232,Slag inclusion,val,2973,C:\Users\anmol\OneDrive\Desktop\Steel_Surface_Defect_NEU_DET-DATASET\SteelDefectX\train_by_class\Slag inclusion\si_232.jpg
si_39,Slag inclusion,val,2987,C:\Users\anmol\OneDrive\Desktop\Steel_Surface_Defect_NEU_DET-DATASET\SteelDefectX\train_by_class\Slag inclusion\si_39.jpg
si_55,Slag inclusion,val,3002,C:\Users\anmol\OneDrive\Desktop\Steel_Surface_Defect_NEU_DET-DATASET\SteelDefectX\train_by_class\Slag inclusion\si_55.jpg
si_61,Slag inclusion,val,3006,C:\Users\anmol\OneDrive\Desktop\Steel_Surface_Defect_NEU_DET-DATASET\SteelDefectX\train_by_class\Slag inclusion\si_61.jpg
si_63,Slag inclusion,val,3008,C:\Users\anmol\OneDrive\Desktop\Steel_Surface_Defect_NEU_DET-DATASET\SteelDefectX\train_by_class\Slag inclusion\si_63.jpg
si_69,Slag inclusion,val,3013,C:\Users\anmol\OneDrive\Desktop\Steel_Surface_Defect_NEU_DET-DATASET\SteelDefectX\train_by_class\Slag inclusion\si_69.jpg
si_93,Slag inclusion,val,3031,C:\Users\anmol\OneDrive\Desktop\Steel_Surface_Defect_NEU_DET-DATASET\SteelDefectX\train_by_class\Slag inclusion\si_93.jpg
si_97,Slag inclusion,val,3034,C:\Users\anmol\OneDrive\Desktop\Steel_Surface_Defect_NEU_DET-DATASET\SteelDefectX\train_by_class\Slag inclusion\si_97.jpg
wf_06,Waist folding,test,3039,C:\Users\anmol\OneDrive\Desktop\Steel_Surface_Defect_NEU_DET-DATASET\SteelDefectX\train_by_class\Waist folding\wf_06.jpg
wf_08,Waist folding,test,3041,C:\Users\anmol\OneDrive\Desktop\Steel_Surface_Defect_NEU_DET-DATASET\SteelDefectX\train_by_class\Waist folding\wf_08.jpg
wf_09,Waist folding,test,3042,C:\Users\anmol\OneDrive\Desktop\Steel_Surface_Defect_NEU_DET-DATASET\SteelDefectX\train_by_class\Waist folding\wf_09.jpg
wf_10,Waist folding,test,3043,C:\Users\anmol\OneDrive\Desktop\Steel_Surface_Defect_NEU_DET-DATASET\SteelDefectX\train_by_class\Waist folding\wf_10.jpg
wf_11,Waist folding,test,3044,C:\Users\anmol\OneDrive\Desktop\Steel_Surface_Defect_NEU_DET-DATASET\SteelDefectX\train_by_class\Waist folding\wf_11.jpg
wf_130,Waist folding,test,3058,C:\Users\anmol\OneDrive\Desktop\Steel_Surface_Defect_NEU_DET-DATASET\SteelDefectX\train_by_class\Waist folding\wf_130.jpg
wf_143,Waist folding,test,3067,C:\Users\anmol\OneDrive\Desktop\Steel_Surface_Defect_NEU_DET-DATASET\SteelDefectX\train_by_class\Waist folding\wf_143.jpg
wf_144,Waist folding,test,3068,C:\Users\anmol\OneDrive\Desktop\Steel_Surface_Defect_NEU_DET-DATASET\SteelDefectX\train_by_class\Waist folding\wf_144.jpg
wf_148,Waist folding,test,3071,C:\Users\anmol\OneDrive\Desktop\Steel_Surface_Defect_NEU_DET-DATASET\SteelDefectX\train_by_class\Waist folding\wf_148.jpg
wf_152,Waist folding,test,3074,C:\Users\anmol\OneDrive\Desktop\Steel_Surface_Defect_NEU_DET-DATASET\SteelDefectX\train_by_class\Waist folding\wf_152.jpg
wf_176,Waist folding,test,3091,C:\Users\anmol\OneDrive\Desktop\Steel_Surface_Defect_NEU_DET-DATASET\SteelDefectX\train_by_class\Waist folding\wf_176.jpg
wf_184,Waist folding,test,3098,C:\Users\anmol\OneDrive\Desktop\Steel_Surface_Defect_NEU_DET-DATASET\SteelDefectX\train_by_class\Waist folding\wf_184.jpg
wf_190,Waist folding,test,3103,C:\Users\anmol\OneDrive\Desktop\Steel_Surface_Defect_NEU_DET-DATASET\SteelDefectX\train_by_class\Waist folding\wf_190.jpg
wf_198,Waist folding,test,3109,C:\Users\anmol\OneDrive\Desktop\Steel_Surface_Defect_NEU_DET-DATASET\SteelDefectX\train_by_class\Waist folding\wf_198.jpg
wf_25,Waist folding,test,3114,C:\Users\anmol\OneDrive\Desktop\Steel_Surface_Defect_NEU_DET-DATASET\SteelDefectX\train_by_class\Waist folding\wf_25.jpg
wf_29,Waist folding,test,3117,C:\Users\anmol\OneDrive\Desktop\Steel_Surface_Defect_NEU_DET-DATASET\SteelDefectX\train_by_class\Waist folding\wf_29.jpg
wf_35,Waist folding,test,3122,C:\Users\anmol\OneDrive\Desktop\Steel_Surface_Defect_NEU_DET-DATASET\SteelDefectX\train_by_class\Waist folding\wf_35.jpg
wf_37,Waist folding,test,3124,C:\Users\anmol\OneDrive\Desktop\Steel_Surface_Defect_NEU_DET-DATASET\SteelDefectX\train_by_class\Waist folding\wf_37.jpg
wf_39,Waist folding,test,3126,C:\Users\anmol\OneDrive\Desktop\Steel_Surface_Defect_NEU_DET-DATASET\SteelDefectX\train_by_class\Waist folding\wf_39.jpg
wf_53,Waist folding,test,3133,C:\Users\anmol\OneDrive\Desktop\Steel_Surface_Defect_NEU_DET-DATASET\SteelDefectX\train_by_class\Waist folding\wf_53.jpg
wf_57,Waist folding,test,3137,C:\Users\anmol\OneDrive\Desktop\Steel_Surface_Defect_NEU_DET-DATASET\SteelDefectX\train_by_class\Waist folding\wf_57.jpg
wf_69,Waist folding,test,3144,C:\Users\anmol\OneDrive\Desktop\Steel_Surface_Defect_NEU_DET-DATASET\SteelDefectX\train_by_class\Waist folding\wf_69.jpg
wf_70,Waist folding,test,3145,C:\Users\anmol\OneDrive\Desktop\Steel_Surface_Defect_NEU_DET-DATASET\SteelDefectX\train_by_class\Waist folding\wf_70.jpg
wf_84,Waist folding,test,3154,C:\Users\anmol\OneDrive\Desktop\Steel_Surface_Defect_NEU_DET-DATASET\SteelDefectX\train_by_class\Waist folding\wf_84.jpg
wf_90,Waist folding,test,3157,C:\Users\anmol\OneDrive\Desktop\Steel_Surface_Defect_NEU_DET-DATASET\SteelDefectX\train_by_class\Waist folding\wf_90.jpg
wf_02,Waist folding,train,3037,C:\Users\anmol\OneDrive\Desktop\Steel_Surface_Defect_NEU_DET-DATASET\SteelDefectX\train_by_class\Waist folding\wf_02.jpg
wf_04,Waist folding,train,3038,C:\Users\anmol\OneDrive\Desktop\Steel_Surface_Defect_NEU_DET-DATASET\SteelDefectX\train_by_class\Waist folding\wf_04.jpg
wf_07,Waist folding,train,3040,C:\Users\anmol\OneDrive\Desktop\Steel_Surface_Defect_NEU_DET-DATASET\SteelDefectX\train_by_class\Waist folding\wf_07.jpg
wf_115,Waist folding,train,3045,C:\Users\anmol\OneDrive\Desktop\Steel_Surface_Defect_NEU_DET-DATASET\SteelDefectX\train_by_class\Waist folding\wf_115.jpg
wf_117,Waist folding,train,3047,C:\Users\anmol\OneDrive\Desktop\Steel_Surface_Defect_NEU_DET-DATASET\SteelDefectX\train_by_class\Waist folding\wf_117.jpg
wf_119,Waist folding,train,3048,C:\Users\anmol\OneDrive\Desktop\Steel_Surface_Defect_NEU_DET-DATASET\SteelDefectX\train_by_class\Waist folding\wf_119.jpg
wf_12,Waist folding,train,3049,C:\Users\anmol\OneDrive\Desktop\Steel_Surface_Defect_NEU_DET-DATASET\SteelDefectX\train_by_class\Waist folding\wf_12.jpg
wf_122,Waist folding,train,3051,C:\Users\anmol\OneDrive\Desktop\Steel_Surface_Defect_NEU_DET-DATASET\SteelDefectX\train_by_class\Waist folding\wf_122.jpg
wf_124,Waist folding,train,3053,C:\Users\anmol\OneDrive\Desktop\Steel_Surface_Defect_NEU_DET-DATASET\SteelDefectX\train_by_class\Waist folding\wf_124.jpg
wf_125,Waist folding,train,3054,C:\Users\anmol\OneDrive\Desktop\Steel_Surface_Defect_NEU_DET-DATASET\SteelDefectX\train_by_class\Waist folding\wf_125.jpg
wf_126,Waist folding,train,3055,C:\Users\anmol\OneDrive\Desktop\Steel_Surface_Defect_NEU_DET-DATASET\SteelDefectX\train_by_class\Waist folding\wf_126.jpg
wf_128,Waist folding,train,3056,C:\Users\anmol\OneDrive\Desktop\Steel_Surface_Defect_NEU_DET-DATASET\SteelDefectX\train_by_class\Waist folding\wf_128.jpg
wf_131,Waist folding,train,3059,C:\Users\anmol\OneDrive\Desktop\Steel_Surface_Defect_NEU_DET-DATASET\SteelDefectX\train_by_class\Waist folding\wf_131.jpg
wf_134,Waist folding,train,3060,C:\Users\anmol\OneDrive\Desktop\Steel_Surface_Defect_NEU_DET-DATASET\SteelDefectX\train_by_class\Waist folding\wf_134.jpg
wf_136,Waist folding,train,3061,C:\Users\anmol\OneDrive\Desktop\Steel_Surface_Defect_NEU_DET-DATASET\SteelDefectX\train_by_class\Waist folding\wf_136.jpg
wf_137,Waist folding,train,3062,C:\Users\anmol\OneDrive\Desktop\Steel_Surface_Defect_NEU_DET-DATASET\SteelDefectX\train_by_class\Waist folding\wf_137.jpg
wf_139,Waist folding,train,3064,C:\Users\anmol\OneDrive\Desktop\Steel_Surface_Defect_NEU_DET-DATASET\SteelDefectX\train_by_class\Waist folding\wf_139.jpg
wf_14,Waist folding,train,3065,C:\Users\anmol\OneDrive\Desktop\Steel_Surface_Defect_NEU_DET-DATASET\SteelDefectX\train_by_class\Waist folding\wf_14.jpg
wf_142,Waist folding,train,3066,C:\Users\anmol\OneDrive\Desktop\Steel_Surface_Defect_NEU_DET-DATASET\SteelDefectX\train_by_class\Waist folding\wf_142.jpg
wf_145,Waist folding,train,3069,C:\Users\anmol\OneDrive\Desktop\Steel_Surface_Defect_NEU_DET-DATASET\SteelDefectX\train_by_class\Waist folding\wf_145.jpg
wf_146,Waist folding,train,3070,C:\Users\anmol\OneDrive\Desktop\Steel_Surface_Defect_NEU_DET-DATASET\SteelDefectX\train_by_class\Waist folding\wf_146.jpg
wf_149,Waist folding,train,3072,C:\Users\anmol\OneDrive\Desktop\Steel_Surface_Defect_NEU_DET-DATASET\SteelDefectX\train_by_class\Waist folding\wf_149.jpg
wf_151,Waist folding,train,3073,C:\Users\anmol\OneDrive\Desktop\Steel_Surface_Defect_NEU_DET-DATASET\SteelDefectX\train_by_class\Waist folding\wf_151.jpg
wf_153,Waist folding,train,3075,C:\Users\anmol\OneDrive\Desktop\Steel_Surface_Defect_NEU_DET-DATASET\SteelDefectX\train_by_class\Waist folding\wf_153.jpg
wf_154,Waist folding,train,3076,C:\Users\anmol\OneDrive\Desktop\Steel_Surface_Defect_NEU_DET-DATASET\SteelDefectX\train_by_class\Waist folding\wf_154.jpg
wf_156,Waist folding,train,3077,C:\Users\anmol\OneDrive\Desktop\Steel_Surface_Defect_NEU_DET-DATASET\SteelDefectX\train_by_class\Waist folding\wf_156.jpg
wf_157,Waist folding,train,3078,C:\Users\anmol\OneDrive\Desktop\Steel_Surface_Defect_NEU_DET-DATASET\SteelDefectX\train_by_class\Waist folding\wf_157.jpg
wf_159,Waist folding,train,3079,C:\Users\anmol\OneDrive\Desktop\Steel_Surface_Defect_NEU_DET-DATASET\SteelDefectX\train_by_class\Waist folding\wf_159.jpg
wf_16,Waist folding,train,3080,C:\Users\anmol\OneDrive\Desktop\Steel_Surface_Defect_NEU_DET-DATASET\SteelDefectX\train_by_class\Waist folding\wf_16.jpg
wf_161,Waist folding,train,3082,C:\Users\anmol\OneDrive\Desktop\Steel_Surface_Defect_NEU_DET-DATASET\SteelDefectX\train_by_class\Waist folding\wf_161.jpg
wf_167,Waist folding,train,3083,C:\Users\anmol\OneDrive\Desktop\Steel_Surface_Defect_NEU_DET-DATASET\SteelDefectX\train_by_class\Waist folding\wf_167.jpg
wf_168,Waist folding,train,3084,C:\Users\anmol\OneDrive\Desktop\Steel_Surface_Defect_NEU_DET-DATASET\SteelDefectX\train_by_class\Waist folding\wf_168.jpg
wf_17,Waist folding,train,3085,C:\Users\anmol\OneDrive\Desktop\Steel_Surface_Defect_NEU_DET-DATASET\SteelDefectX\train_by_class\Waist folding\wf_17.jpg
wf_170,Waist folding,train,3086,C:\Users\anmol\OneDrive\Desktop\Steel_Surface_Defect_NEU_DET-DATASET\SteelDefectX\train_by_class\Waist folding\wf_170.jpg
wf_171,Waist folding,train,3087,C:\Users\anmol\OneDrive\Desktop\Steel_Surface_Defect_NEU_DET-DATASET\SteelDefectX\train_by_class\Waist folding\wf_171.jpg
wf_172,Waist folding,train,3088,C:\Users\anmol\OneDrive\Desktop\Steel_Surface_Defect_NEU_DET-DATASET\SteelDefectX\train_by_class\Waist folding\wf_172.jpg
wf_173,Waist folding,train,3089,C:\Users\anmol\OneDrive\Desktop\Steel_Surface_Defect_NEU_DET-DATASET\SteelDefectX\train_by_class\Waist folding\wf_173.jpg
wf_174,Waist folding,train,3090,C:\Users\anmol\OneDrive\Desktop\Steel_Surface_Defect_NEU_DET-DATASET\SteelDefectX\train_by_class\Waist folding\wf_174.jpg
wf_179,Waist folding,train,3093,C:\Users\anmol\OneDrive\Desktop\Steel_Surface_Defect_NEU_DET-DATASET\SteelDefectX\train_by_class\Waist folding\wf_179.jpg
wf_18,Waist folding,train,3094,C:\Users\anmol\OneDrive\Desktop\Steel_Surface_Defect_NEU_DET-DATASET\SteelDefectX\train_by_class\Waist folding\wf_18.jpg
wf_181,Waist folding,train,3095,C:\Users\anmol\OneDrive\Desktop\Steel_Surface_Defect_NEU_DET-DATASET\SteelDefectX\train_by_class\Waist folding\wf_181.jpg
wf_182,Waist folding,train,3096,C:\Users\anmol\OneDrive\Desktop\Steel_Surface_Defect_NEU_DET-DATASET\SteelDefectX\train_by_class\Waist folding\wf_182.jpg
wf_183,Waist folding,train,3097,C:\Users\anmol\OneDrive\Desktop\Steel_Surface_Defect_NEU_DET-DATASET\SteelDefectX\train_by_class\Waist folding\wf_183.jpg
wf_185,Waist folding,train,3099,C:\Users\anmol\OneDrive\Desktop\Steel_Surface_Defect_NEU_DET-DATASET\SteelDefectX\train_by_class\Waist folding\wf_185.jpg
wf_186,Waist folding,train,3100,C:\Users\anmol\OneDrive\Desktop\Steel_Surface_Defect_NEU_DET-DATASET\SteelDefectX\train_by_class\Waist folding\wf_186.jpg
wf_187,Waist folding,train,3101,C:\Users\anmol\OneDrive\Desktop\Steel_Surface_Defect_NEU_DET-DATASET\SteelDefectX\train_by_class\Waist folding\wf_187.jpg
wf_189,Waist folding,train,3102,C:\Users\anmol\OneDrive\Desktop\Steel_Surface_Defect_NEU_DET-DATASET\SteelDefectX\train_by_class\Waist folding\wf_189.jpg
wf_191,Waist folding,train,3104,C:\Users\anmol\OneDrive\Desktop\Steel_Surface_Defect_NEU_DET-DATASET\SteelDefectX\train_by_class\Waist folding\wf_191.jpg
wf_192,Waist folding,train,3105,C:\Users\anmol\OneDrive\Desktop\Steel_Surface_Defect_NEU_DET-DATASET\SteelDefectX\train_by_class\Waist folding\wf_192.jpg
wf_193,Waist folding,train,3106,C:\Users\anmol\OneDrive\Desktop\Steel_Surface_Defect_NEU_DET-DATASET\SteelDefectX\train_by_class\Waist folding\wf_193.jpg
wf_196,Waist folding,train,3107,C:\Users\anmol\OneDrive\Desktop\Steel_Surface_Defect_NEU_DET-DATASET\SteelDefectX\train_by_class\Waist folding\wf_196.jpg
wf_197,Waist folding,train,3108,C:\Users\anmol\OneDrive\Desktop\Steel_Surface_Defect_NEU_DET-DATASET\SteelDefectX\train_by_class\Waist folding\wf_197.jpg
wf_20,Waist folding,train,3110,C:\Users\anmol\OneDrive\Desktop\Steel_Surface_Defect_NEU_DET-DATASET\SteelDefectX\train_by_class\Waist folding\wf_20.jpg
wf_22,Waist folding,train,3111,C:\Users\anmol\OneDrive\Desktop\Steel_Surface_Defect_NEU_DET-DATASET\SteelDefectX\train_by_class\Waist folding\wf_22.jpg
wf_23,Waist folding,train,3112,C:\Users\anmol\OneDrive\Desktop\Steel_Surface_Defect_NEU_DET-DATASET\SteelDefectX\train_by_class\Waist folding\wf_23.jpg
wf_24,Waist folding,train,3113,C:\Users\anmol\OneDrive\Desktop\Steel_Surface_Defect_NEU_DET-DATASET\SteelDefectX\train_by_class\Waist folding\wf_24.jpg
wf_27,Waist folding,train,3116,C:\Users\anmol\OneDrive\Desktop\Steel_Surface_Defect_NEU_DET-DATASET\SteelDefectX\train_by_class\Waist folding\wf_27.jpg
wf_30,Waist folding,train,3118,C:\Users\anmol\OneDrive\Desktop\Steel_Surface_Defect_NEU_DET-DATASET\SteelDefectX\train_by_class\Waist folding\wf_30.jpg
wf_31,Waist folding,train,3119,C:\Users\anmol\OneDrive\Desktop\Steel_Surface_Defect_NEU_DET-DATASET\SteelDefectX\train_by_class\Waist folding\wf_31.jpg
wf_32,Waist folding,train,3120,C:\Users\anmol\OneDrive\Desktop\Steel_Surface_Defect_NEU_DET-DATASET\SteelDefectX\train_by_class\Waist folding\wf_32.jpg
wf_36,Waist folding,train,3123,C:\Users\anmol\OneDrive\Desktop\Steel_Surface_Defect_NEU_DET-DATASET\SteelDefectX\train_by_class\Waist folding\wf_36.jpg
wf_38,Waist folding,train,3125,C:\Users\anmol\OneDrive\Desktop\Steel_Surface_Defect_NEU_DET-DATASET\SteelDefectX\train_by_class\Waist folding\wf_38.jpg
wf_40,Waist folding,train,3127,C:\Users\anmol\OneDrive\Desktop\Steel_Surface_Defect_NEU_DET-DATASET\SteelDefectX\train_by_class\Waist folding\wf_40.jpg
wf_41,Waist folding,train,3128,C:\Users\anmol\OneDrive\Desktop\Steel_Surface_Defect_NEU_DET-DATASET\SteelDefectX\train_by_class\Waist folding\wf_41.jpg
wf_46,Waist folding,train,3130,C:\Users\anmol\OneDrive\Desktop\Steel_Surface_Defect_NEU_DET-DATASET\SteelDefectX\train_by_class\Waist folding\wf_46.jpg
wf_48,Waist folding,train,3131,C:\Users\anmol\OneDrive\Desktop\Steel_Surface_Defect_NEU_DET-DATASET\SteelDefectX\train_by_class\Waist folding\wf_48.jpg
wf_49,Waist folding,train,3132,C:\Users\anmol\OneDrive\Desktop\Steel_Surface_Defect_NEU_DET-DATASET\SteelDefectX\train_by_class\Waist folding\wf_49.jpg
wf_54,Waist folding,train,3134,C:\Users\anmol\OneDrive\Desktop\Steel_Surface_Defect_NEU_DET-DATASET\SteelDefectX\train_by_class\Waist folding\wf_54.jpg
wf_55,Waist folding,train,3135,C:\Users\anmol\OneDrive\Desktop\Steel_Surface_Defect_NEU_DET-DATASET\SteelDefectX\train_by_class\Waist folding\wf_55.jpg
wf_56,Waist folding,train,3136,C:\Users\anmol\OneDrive\Desktop\Steel_Surface_Defect_NEU_DET-DATASET\SteelDefectX\train_by_class\Waist folding\wf_56.jpg
wf_60,Waist folding,train,3139,C:\Users\anmol\OneDrive\Desktop\Steel_Surface_Defect_NEU_DET-DATASET\SteelDefectX\train_by_class\Waist folding\wf_60.jpg
wf_61,Waist folding,train,3140,C:\Users\anmol\OneDrive\Desktop\Steel_Surface_Defect_NEU_DET-DATASET\SteelDefectX\train_by_class\Waist folding\wf_61.jpg
wf_62,Waist folding,train,3141,C:\Users\anmol\OneDrive\Desktop\Steel_Surface_Defect_NEU_DET-DATASET\SteelDefectX\train_by_class\Waist folding\wf_62.jpg
wf_64,Waist folding,train,3142,C:\Users\anmol\OneDrive\Desktop\Steel_Surface_Defect_NEU_DET-DATASET\SteelDefectX\train_by_class\Waist folding\wf_64.jpg
wf_67,Waist folding,train,3143,C:\Users\anmol\OneDrive\Desktop\Steel_Surface_Defect_NEU_DET-DATASET\SteelDefectX\train_by_class\Waist folding\wf_67.jpg
wf_71,Waist folding,train,3146,C:\Users\anmol\OneDrive\Desktop\Steel_Surface_Defect_NEU_DET-DATASET\SteelDefectX\train_by_class\Waist folding\wf_71.jpg
wf_72,Waist folding,train,3147,C:\Users\anmol\OneDrive\Desktop\Steel_Surface_Defect_NEU_DET-DATASET\SteelDefectX\train_by_class\Waist folding\wf_72.jpg
wf_73,Waist folding,train,3148,C:\Users\anmol\OneDrive\Desktop\Steel_Surface_Defect_NEU_DET-DATASET\SteelDefectX\train_by_class\Waist folding\wf_73.jpg
wf_75,Waist folding,train,3149,C:\Users\anmol\OneDrive\Desktop\Steel_Surface_Defect_NEU_DET-DATASET\SteelDefectX\train_by_class\Waist folding\wf_75.jpg
wf_77,Waist folding,train,3150,C:\Users\anmol\OneDrive\Desktop\Steel_Surface_Defect_NEU_DET-DATASET\SteelDefectX\train_by_class\Waist folding\wf_77.jpg
wf_79,Waist folding,train,3151,C:\Users\anmol\OneDrive\Desktop\Steel_Surface_Defect_NEU_DET-DATASET\SteelDefectX\train_by_class\Waist folding\wf_79.jpg
wf_80,Waist folding,train,3152,C:\Users\anmol\OneDrive\Desktop\Steel_Surface_Defect_NEU_DET-DATASET\SteelDefectX\train_by_class\Waist folding\wf_80.jpg
wf_83,Waist folding,train,3153,C:\Users\anmol\OneDrive\Desktop\Steel_Surface_Defect_NEU_DET-DATASET\SteelDefectX\train_by_class\Waist folding\wf_83.jpg
wf_85,Waist folding,train,3155,C:\Users\anmol\OneDrive\Desktop\Steel_Surface_Defect_NEU_DET-DATASET\SteelDefectX\train_by_class\Waist folding\wf_85.jpg
wf_88,Waist folding,train,3156,C:\Users\anmol\OneDrive\Desktop\Steel_Surface_Defect_NEU_DET-DATASET\SteelDefectX\train_by_class\Waist folding\wf_88.jpg
wf_91,Waist folding,train,3158,C:\Users\anmol\OneDrive\Desktop\Steel_Surface_Defect_NEU_DET-DATASET\SteelDefectX\train_by_class\Waist folding\wf_91.jpg
wf_94,Waist folding,train,3161,C:\Users\anmol\OneDrive\Desktop\Steel_Surface_Defect_NEU_DET-DATASET\SteelDefectX\train_by_class\Waist folding\wf_94.jpg
wf_116,Waist folding,val,3046,C:\Users\anmol\OneDrive\Desktop\Steel_Surface_Defect_NEU_DET-DATASET\SteelDefectX\train_by_class\Waist folding\wf_116.jpg
wf_120,Waist folding,val,3050,C:\Users\anmol\OneDrive\Desktop\Steel_Surface_Defect_NEU_DET-DATASET\SteelDefectX\train_by_class\Waist folding\wf_120.jpg
wf_123,Waist folding,val,3052,C:\Users\anmol\OneDrive\Desktop\Steel_Surface_Defect_NEU_DET-DATASET\SteelDefectX\train_by_class\Waist folding\wf_123.jpg
wf_129,Waist folding,val,3057,C:\Users\anmol\OneDrive\Desktop\Steel_Surface_Defect_NEU_DET-DATASET\SteelDefectX\train_by_class\Waist folding\wf_129.jpg
wf_138,Waist folding,val,3063,C:\Users\anmol\OneDrive\Desktop\Steel_Surface_Defect_NEU_DET-DATASET\SteelDefectX\train_by_class\Waist folding\wf_138.jpg
wf_160,Waist folding,val,3081,C:\Users\anmol\OneDrive\Desktop\Steel_Surface_Defect_NEU_DET-DATASET\SteelDefectX\train_by_class\Waist folding\wf_160.jpg
wf_178,Waist folding,val,3092,C:\Users\anmol\OneDrive\Desktop\Steel_Surface_Defect_NEU_DET-DATASET\SteelDefectX\train_by_class\Waist folding\wf_178.jpg
wf_26,Waist folding,val,3115,C:\Users\anmol\OneDrive\Desktop\Steel_Surface_Defect_NEU_DET-DATASET\SteelDefectX\train_by_class\Waist folding\wf_26.jpg
wf_34,Waist folding,val,3121,C:\Users\anmol\OneDrive\Desktop\Steel_Surface_Defect_NEU_DET-DATASET\SteelDefectX\train_by_class\Waist folding\wf_34.jpg
wf_43,Waist folding,val,3129,C:\Users\anmol\OneDrive\Desktop\Steel_Surface_Defect_NEU_DET-DATASET\SteelDefectX\train_by_class\Waist folding\wf_43.jpg
wf_58,Waist folding,val,3138,C:\Users\anmol\OneDrive\Desktop\Steel_Surface_Defect_NEU_DET-DATASET\SteelDefectX\train_by_class\Waist folding\wf_58.jpg
wf_92,Waist folding,val,3159,C:\Users\anmol\OneDrive\Desktop\Steel_Surface_Defect_NEU_DET-DATASET\SteelDefectX\train_by_class\Waist folding\wf_92.jpg
wf_93,Waist folding,val,3160,C:\Users\anmol\OneDrive\Desktop\Steel_Surface_Defect_NEU_DET-DATASET\SteelDefectX\train_by_class\Waist folding\wf_93.jpg
wl_06,Welding line,test,3167,C:\Users\anmol\OneDrive\Desktop\Steel_Surface_Defect_NEU_DET-DATASET\SteelDefectX\train_by_class\Welding line\wl_06.jpg
wl_102,Welding line,test,3172,C:\Users\anmol\OneDrive\Desktop\Steel_Surface_Defect_NEU_DET-DATASET\SteelDefectX\train_by_class\Welding line\wl_102.jpg
wl_110,Welding line,test,3178,C:\Users\anmol\OneDrive\Desktop\Steel_Surface_Defect_NEU_DET-DATASET\SteelDefectX\train_by_class\Welding line\wl_110.jpg
wl_116,Welding line,test,3183,C:\Users\anmol\OneDrive\Desktop\Steel_Surface_Defect_NEU_DET-DATASET\SteelDefectX\train_by_class\Welding line\wl_116.jpg
wl_13,Welding line,test,3193,C:\Users\anmol\OneDrive\Desktop\Steel_Surface_Defect_NEU_DET-DATASET\SteelDefectX\train_by_class\Welding line\wl_13.jpg
wl_140,Welding line,test,3204,C:\Users\anmol\OneDrive\Desktop\Steel_Surface_Defect_NEU_DET-DATASET\SteelDefectX\train_by_class\Welding line\wl_140.jpg
wl_143,Welding line,test,3207,C:\Users\anmol\OneDrive\Desktop\Steel_Surface_Defect_NEU_DET-DATASET\SteelDefectX\train_by_class\Welding line\wl_143.jpg
wl_159,Welding line,test,3216,C:\Users\anmol\OneDrive\Desktop\Steel_Surface_Defect_NEU_DET-DATASET\SteelDefectX\train_by_class\Welding line\wl_159.jpg
wl_162,Welding line,test,3219,C:\Users\anmol\OneDrive\Desktop\Steel_Surface_Defect_NEU_DET-DATASET\SteelDefectX\train_by_class\Welding line\wl_162.jpg
wl_164,Welding line,test,3220,C:\Users\anmol\OneDrive\Desktop\Steel_Surface_Defect_NEU_DET-DATASET\SteelDefectX\train_by_class\Welding line\wl_164.jpg
wl_172,Welding line,test,3228,C:\Users\anmol\OneDrive\Desktop\Steel_Surface_Defect_NEU_DET-DATASET\SteelDefectX\train_by_class\Welding line\wl_172.jpg
wl_174,Welding line,test,3229,C:\Users\anmol\OneDrive\Desktop\Steel_Surface_Defect_NEU_DET-DATASET\SteelDefectX\train_by_class\Welding line\wl_174.jpg
wl_175,Welding line,test,3230,C:\Users\anmol\OneDrive\Desktop\Steel_Surface_Defect_NEU_DET-DATASET\SteelDefectX\train_by_class\Welding line\wl_175.jpg
wl_181,Welding line,test,3235,C:\Users\anmol\OneDrive\Desktop\Steel_Surface_Defect_NEU_DET-DATASET\SteelDefectX\train_by_class\Welding line\wl_181.jpg
wl_189,Welding line,test,3239,C:\Users\anmol\OneDrive\Desktop\Steel_Surface_Defect_NEU_DET-DATASET\SteelDefectX\train_by_class\Welding line\wl_189.jpg
wl_197,Welding line,test,3246,C:\Users\anmol\OneDrive\Desktop\Steel_Surface_Defect_NEU_DET-DATASET\SteelDefectX\train_by_class\Welding line\wl_197.jpg
wl_20,Welding line,test,3247,C:\Users\anmol\OneDrive\Desktop\Steel_Surface_Defect_NEU_DET-DATASET\SteelDefectX\train_by_class\Welding line\wl_20.jpg
wl_212,Welding line,test,3255,C:\Users\anmol\OneDrive\Desktop\Steel_Surface_Defect_NEU_DET-DATASET\SteelDefectX\train_by_class\Welding line\wl_212.jpg
wl_219,Welding line,test,3259,C:\Users\anmol\OneDrive\Desktop\Steel_Surface_Defect_NEU_DET-DATASET\SteelDefectX\train_by_class\Welding line\wl_219.jpg
wl_227,Welding line,test,3267,C:\Users\anmol\OneDrive\Desktop\Steel_Surface_Defect_NEU_DET-DATASET\SteelDefectX\train_by_class\Welding line\wl_227.jpg
wl_231,Welding line,test,3270,C:\Users\anmol\OneDrive\Desktop\Steel_Surface_Defect_NEU_DET-DATASET\SteelDefectX\train_by_class\Welding line\wl_231.jpg
wl_234,Welding line,test,3272,C:\Users\anmol\OneDrive\Desktop\Steel_Surface_Defect_NEU_DET-DATASET\SteelDefectX\train_by_class\Welding line\wl_234.jpg
wl_236,Welding line,test,3274,C:\Users\anmol\OneDrive\Desktop\Steel_Surface_Defect_NEU_DET-DATASET\SteelDefectX\train_by_class\Welding line\wl_236.jpg
wl_253,Welding line,test,3289,C:\Users\anmol\OneDrive\Desktop\Steel_Surface_Defect_NEU_DET-DATASET\SteelDefectX\train_by_class\Welding line\wl_253.jpg
wl_256,Welding line,test,3292,C:\Users\anmol\OneDrive\Desktop\Steel_Surface_Defect_NEU_DET-DATASET\SteelDefectX\train_by_class\Welding line\wl_256.jpg
wl_261,Welding line,test,3297,C:\Users\anmol\OneDrive\Desktop\Steel_Surface_Defect_NEU_DET-DATASET\SteelDefectX\train_by_class\Welding line\wl_261.jpg
wl_269,Welding line,test,3302,C:\Users\anmol\OneDrive\Desktop\Steel_Surface_Defect_NEU_DET-DATASET\SteelDefectX\train_by_class\Welding line\wl_269.jpg
wl_295,Welding line,test,3323,C:\Users\anmol\OneDrive\Desktop\Steel_Surface_Defect_NEU_DET-DATASET\SteelDefectX\train_by_class\Welding line\wl_295.jpg
wl_304,Welding line,test,3330,C:\Users\anmol\OneDrive\Desktop\Steel_Surface_Defect_NEU_DET-DATASET\SteelDefectX\train_by_class\Welding line\wl_304.jpg
wl_310,Welding line,test,3333,C:\Users\anmol\OneDrive\Desktop\Steel_Surface_Defect_NEU_DET-DATASET\SteelDefectX\train_by_class\Welding line\wl_310.jpg
wl_311,Welding line,test,3334,C:\Users\anmol\OneDrive\Desktop\Steel_Surface_Defect_NEU_DET-DATASET\SteelDefectX\train_by_class\Welding line\wl_311.jpg
wl_322,Welding line,test,3342,C:\Users\anmol\OneDrive\Desktop\Steel_Surface_Defect_NEU_DET-DATASET\SteelDefectX\train_by_class\Welding line\wl_322.jpg
wl_328,Welding line,test,3348,C:\Users\anmol\OneDrive\Desktop\Steel_Surface_Defect_NEU_DET-DATASET\SteelDefectX\train_by_class\Welding line\wl_328.jpg
wl_331,Welding line,test,3351,C:\Users\anmol\OneDrive\Desktop\Steel_Surface_Defect_NEU_DET-DATASET\SteelDefectX\train_by_class\Welding line\wl_331.jpg
wl_335,Welding line,test,3354,C:\Users\anmol\OneDrive\Desktop\Steel_Surface_Defect_NEU_DET-DATASET\SteelDefectX\train_by_class\Welding line\wl_335.jpg
wl_338,Welding line,test,3355,C:\Users\anmol\OneDrive\Desktop\Steel_Surface_Defect_NEU_DET-DATASET\SteelDefectX\train_by_class\Welding line\wl_338.jpg
wl_346,Welding line,test,3363,C:\Users\anmol\OneDrive\Desktop\Steel_Surface_Defect_NEU_DET-DATASET\SteelDefectX\train_by_class\Welding line\wl_346.jpg
wl_353,Welding line,test,3369,C:\Users\anmol\OneDrive\Desktop\Steel_Surface_Defect_NEU_DET-DATASET\SteelDefectX\train_by_class\Welding line\wl_353.jpg
wl_356,Welding line,test,3371,C:\Users\anmol\OneDrive\Desktop\Steel_Surface_Defect_NEU_DET-DATASET\SteelDefectX\train_by_class\Welding line\wl_356.jpg
wl_363,Welding line,test,3377,C:\Users\anmol\OneDrive\Desktop\Steel_Surface_Defect_NEU_DET-DATASET\SteelDefectX\train_by_class\Welding line\wl_363.jpg
wl_366,Welding line,test,3378,C:\Users\anmol\OneDrive\Desktop\Steel_Surface_Defect_NEU_DET-DATASET\SteelDefectX\train_by_class\Welding line\wl_366.jpg
wl_368,Welding line,test,3379,C:\Users\anmol\OneDrive\Desktop\Steel_Surface_Defect_NEU_DET-DATASET\SteelDefectX\train_by_class\Welding line\wl_368.jpg
wl_378,Welding line,test,3385,C:\Users\anmol\OneDrive\Desktop\Steel_Surface_Defect_NEU_DET-DATASET\SteelDefectX\train_by_class\Welding line\wl_378.jpg
wl_384,Welding line,test,3389,C:\Users\anmol\OneDrive\Desktop\Steel_Surface_Defect_NEU_DET-DATASET\SteelDefectX\train_by_class\Welding line\wl_384.jpg
wl_388,Welding line,test,3392,C:\Users\anmol\OneDrive\Desktop\Steel_Surface_Defect_NEU_DET-DATASET\SteelDefectX\train_by_class\Welding line\wl_388.jpg
wl_397,Welding line,test,3398,C:\Users\anmol\OneDrive\Desktop\Steel_Surface_Defect_NEU_DET-DATASET\SteelDefectX\train_by_class\Welding line\wl_397.jpg
wl_406,Welding line,test,3405,C:\Users\anmol\OneDrive\Desktop\Steel_Surface_Defect_NEU_DET-DATASET\SteelDefectX\train_by_class\Welding line\wl_406.jpg
wl_410,Welding line,test,3410,C:\Users\anmol\OneDrive\Desktop\Steel_Surface_Defect_NEU_DET-DATASET\SteelDefectX\train_by_class\Welding line\wl_410.jpg
wl_429,Welding line,test,3423,C:\Users\anmol\OneDrive\Desktop\Steel_Surface_Defect_NEU_DET-DATASET\SteelDefectX\train_by_class\Welding line\wl_429.jpg
wl_433,Welding line,test,3426,C:\Users\anmol\OneDrive\Desktop\Steel_Surface_Defect_NEU_DET-DATASET\SteelDefectX\train_by_class\Welding line\wl_433.jpg
wl_442,Welding line,test,3435,C:\Users\anmol\OneDrive\Desktop\Steel_Surface_Defect_NEU_DET-DATASET\SteelDefectX\train_by_class\Welding line\wl_442.jpg
wl_452,Welding line,test,3441,C:\Users\anmol\OneDrive\Desktop\Steel_Surface_Defect_NEU_DET-DATASET\SteelDefectX\train_by_class\Welding line\wl_452.jpg
wl_454,Welding line,test,3443,C:\Users\anmol\OneDrive\Desktop\Steel_Surface_Defect_NEU_DET-DATASET\SteelDefectX\train_by_class\Welding line\wl_454.jpg
wl_455,Welding line,test,3444,C:\Users\anmol\OneDrive\Desktop\Steel_Surface_Defect_NEU_DET-DATASET\SteelDefectX\train_by_class\Welding line\wl_455.jpg
wl_469,Welding line,test,3455,C:\Users\anmol\OneDrive\Desktop\Steel_Surface_Defect_NEU_DET-DATASET\SteelDefectX\train_by_class\Welding line\wl_469.jpg
wl_473,Welding line,test,3460,C:\Users\anmol\OneDrive\Desktop\Steel_Surface_Defect_NEU_DET-DATASET\SteelDefectX\train_by_class\Welding line\wl_473.jpg
wl_475,Welding line,test,3461,C:\Users\anmol\OneDrive\Desktop\Steel_Surface_Defect_NEU_DET-DATASET\SteelDefectX\train_by_class\Welding line\wl_475.jpg
wl_479,Welding line,test,3464,C:\Users\anmol\OneDrive\Desktop\Steel_Surface_Defect_NEU_DET-DATASET\SteelDefectX\train_by_class\Welding line\wl_479.jpg
wl_481,Welding line,test,3466,C:\Users\anmol\OneDrive\Desktop\Steel_Surface_Defect_NEU_DET-DATASET\SteelDefectX\train_by_class\Welding line\wl_481.jpg
wl_482,Welding line,test,3467,C:\Users\anmol\OneDrive\Desktop\Steel_Surface_Defect_NEU_DET-DATASET\SteelDefectX\train_by_class\Welding line\wl_482.jpg
wl_500,Welding line,test,3478,C:\Users\anmol\OneDrive\Desktop\Steel_Surface_Defect_NEU_DET-DATASET\SteelDefectX\train_by_class\Welding line\wl_500.jpg
wl_56,Welding line,test,3461,C:\Users\anmol\OneDrive\Desktop\Steel_Surface_Defect_NEU_DET-DATASET\SteelDefectX\train_by_class\Welding line\wl_56.jpg
wl_64,Welding line,test,3483,C:\Users\anmol\OneDrive\Desktop\Steel_Surface_Defect_NEU_DET-DATASET\SteelDefectX\train_by_class\Welding line\wl_64.jpg
wl_76,Welding line,test,3490,C:\Users\anmol\OneDrive\Desktop\Steel_Surface_Defect_NEU_DET-DATASET\SteelDefectX\train_by_class\Welding line\wl_76.jpg
wl_80,Welding line,test,3494,C:\Users\anmol\OneDrive\Desktop\Steel_Surface_Defect_NEU_DET-DATASET\SteelDefectX\train_by_class\Welding line\wl_80.jpg
wl_89,Welding line,test,3501,C:\Users\anmol\OneDrive\Desktop\Steel_Surface_Defect_NEU_DET-DATASET\SteelDefectX\train_by_class\Welding line\wl_89.jpg
wl_91,Welding line,test,3503,C:\Users\anmol\OneDrive\Desktop\Steel_Surface_Defect_NEU_DET-DATASET\SteelDefectX\train_by_class\Welding line\wl_91.jpg
wl_92,Welding line,test,3504,C:\Users\anmol\OneDrive\Desktop\Steel_Surface_Defect_NEU_DET-DATASET\SteelDefectX\train_by_class\Welding line\wl_92.jpg
wl_93,Welding line,test,3505,C:\Users\anmol\OneDrive\Desktop\Steel_Surface_Defect_NEU_DET-DATASET\SteelDefectX\train_by_class\Welding line\wl_93.jpg
wl_99,Welding line,test,3510,C:\Users\anmol\OneDrive\Desktop\Steel_Surface_Defect_NEU_DET-DATASET\SteelDefectX\train_by_class\Welding line\wl_99.jpg
wl_03,Welding line,train,3164,C:\Users\anmol\OneDrive\Desktop\Steel_Surface_Defect_NEU_DET-DATASET\SteelDefectX\train_by_class\Welding line\wl_03.jpg
wl_07,Welding line,train,3168,C:\Users\anmol\OneDrive\Desktop\Steel_Surface_Defect_NEU_DET-DATASET\SteelDefectX\train_by_class\Welding line\wl_07.jpg
wl_08,Welding line,train,3169,C:\Users\anmol\OneDrive\Desktop\Steel_Surface_Defect_NEU_DET-DATASET\SteelDefectX\train_by_class\Welding line\wl_08.jpg
wl_100,Welding line,train,3171,C:\Users\anmol\OneDrive\Desktop\Steel_Surface_Defect_NEU_DET-DATASET\SteelDefectX\train_by_class\Welding line\wl_100.jpg
wl_103,Welding line,train,3173,C:\Users\anmol\OneDrive\Desktop\Steel_Surface_Defect_NEU_DET-DATASET\SteelDefectX\train_by_class\Welding line\wl_103.jpg
wl_104,Welding line,train,3174,C:\Users\anmol\OneDrive\Desktop\Steel_Surface_Defect_NEU_DET-DATASET\SteelDefectX\train_by_class\Welding line\wl_104.jpg
wl_106,Welding line,train,3176,C:\Users\anmol\OneDrive\Desktop\Steel_Surface_Defect_NEU_DET-DATASET\SteelDefectX\train_by_class\Welding line\wl_106.jpg
wl_108,Welding line,train,3177,C:\Users\anmol\OneDrive\Desktop\Steel_Surface_Defect_NEU_DET-DATASET\SteelDefectX\train_by_class\Welding line\wl_108.jpg
wl_111,Welding line,train,3179,C:\Users\anmol\OneDrive\Desktop\Steel_Surface_Defect_NEU_DET-DATASET\SteelDefectX\train_by_class\Welding line\wl_111.jpg
wl_112,Welding line,train,3180,C:\Users\anmol\OneDrive\Desktop\Steel_Surface_Defect_NEU_DET-DATASET\SteelDefectX\train_by_class\Welding line\wl_112.jpg
wl_113,Welding line,train,3181,C:\Users\anmol\OneDrive\Desktop\Steel_Surface_Defect_NEU_DET-DATASET\SteelDefectX\train_by_class\Welding line\wl_113.jpg
wl_115,Welding line,train,3182,C:\Users\anmol\OneDrive\Desktop\Steel_Surface_Defect_NEU_DET-DATASET\SteelDefectX\train_by_class\Welding line\wl_115.jpg
wl_118,Welding line,train,3184,C:\Users\anmol\OneDrive\Desktop\Steel_Surface_Defect_NEU_DET-DATASET\SteelDefectX\train_by_class\Welding line\wl_118.jpg
wl_119,Welding line,train,3185,C:\Users\anmol\OneDrive\Desktop\Steel_Surface_Defect_NEU_DET-DATASET\SteelDefectX\train_by_class\Welding line\wl_119.jpg
wl_12,Welding line,train,3186,C:\Users\anmol\OneDrive\Desktop\Steel_Surface_Defect_NEU_DET-DATASET\SteelDefectX\train_by_class\Welding line\wl_12.jpg
wl_125,Welding line,train,3188,C:\Users\anmol\OneDrive\Desktop\Steel_Surface_Defect_NEU_DET-DATASET\SteelDefectX\train_by_class\Welding line\wl_125.jpg
wl_126,Welding line,train,3189,C:\Users\anmol\OneDrive\Desktop\Steel_Surface_Defect_NEU_DET-DATASET\SteelDefectX\train_by_class\Welding line\wl_126.jpg
wl_127,Welding line,train,3190,C:\Users\anmol\OneDrive\Desktop\Steel_Surface_Defect_NEU_DET-DATASET\SteelDefectX\train_by_class\Welding line\wl_127.jpg
wl_128,Welding line,train,3191,C:\Users\anmol\OneDrive\Desktop\Steel_Surface_Defect_NEU_DET-DATASET\SteelDefectX\train_by_class\Welding line\wl_128.jpg
wl_129,Welding line,train,3192,C:\Users\anmol\OneDrive\Desktop\Steel_Surface_Defect_NEU_DET-DATASET\SteelDefectX\train_by_class\Welding line\wl_129.jpg
wl_130,Welding line,train,3194,C:\Users\anmol\OneDrive\Desktop\Steel_Surface_Defect_NEU_DET-DATASET\SteelDefectX\train_by_class\Welding line\wl_130.jpg
wl_131,Welding line,train,3195,C:\Users\anmol\OneDrive\Desktop\Steel_Surface_Defect_NEU_DET-DATASET\SteelDefectX\train_by_class\Welding line\wl_131.jpg
wl_132,Welding line,train,3196,C:\Users\anmol\OneDrive\Desktop\Steel_Surface_Defect_NEU_DET-DATASET\SteelDefectX\train_by_class\Welding line\wl_132.jpg
wl_133,Welding line,train,3197,C:\Users\anmol\OneDrive\Desktop\Steel_Surface_Defect_NEU_DET-DATASET\SteelDefectX\train_by_class\Welding line\wl_133.jpg
wl_134,Welding line,train,3198,C:\Users\anmol\OneDrive\Desktop\Steel_Surface_Defect_NEU_DET-DATASET\SteelDefectX\train_by_class\Welding line\wl_134.jpg
wl_135,Welding line,train,3199,C:\Users\anmol\OneDrive\Desktop\Steel_Surface_Defect_NEU_DET-DATASET\SteelDefectX\train_by_class\Welding line\wl_135.jpg
wl_136,Welding line,train,3200,C:\Users\anmol\OneDrive\Desktop\Steel_Surface_Defect_NEU_DET-DATASET\SteelDefectX\train_by_class\Welding line\wl_136.jpg
wl_138,Welding line,train,3201,C:\Users\anmol\OneDrive\Desktop\Steel_Surface_Defect_NEU_DET-DATASET\SteelDefectX\train_by_class\Welding line\wl_138.jpg
wl_141,Welding line,train,3205,C:\Users\anmol\OneDrive\Desktop\Steel_Surface_Defect_NEU_DET-DATASET\SteelDefectX\train_by_class\Welding line\wl_141.jpg
wl_147,Welding line,train,3210,C:\Users\anmol\OneDrive\Desktop\Steel_Surface_Defect_NEU_DET-DATASET\SteelDefectX\train_by_class\Welding line\wl_147.jpg
wl_148,Welding line,train,3211,C:\Users\anmol\OneDrive\Desktop\Steel_Surface_Defect_NEU_DET-DATASET\SteelDefectX\train_by_class\Welding line\wl_148.jpg
wl_151,Welding line,train,3212,C:\Users\anmol\OneDrive\Desktop\Steel_Surface_Defect_NEU_DET-DATASET\SteelDefectX\train_by_class\Welding line\wl_151.jpg
wl_152,Welding line,train,3213,C:\Users\anmol\OneDrive\Desktop\Steel_Surface_Defect_NEU_DET-DATASET\SteelDefectX\train_by_class\Welding line\wl_152.jpg
wl_153,Welding line,train,3214,C:\Users\anmol\OneDrive\Desktop\Steel_Surface_Defect_NEU_DET-DATASET\SteelDefectX\train_by_class\Welding line\wl_153.jpg
wl_16,Welding line,train,3217,C:\Users\anmol\OneDrive\Desktop\Steel_Surface_Defect_NEU_DET-DATASET\SteelDefectX\train_by_class\Welding line\wl_16.jpg
wl_161,Welding line,train,3218,C:\Users\anmol\OneDrive\Desktop\Steel_Surface_Defect_NEU_DET-DATASET\SteelDefectX\train_by_class\Welding line\wl_161.jpg
wl_165,Welding line,train,3221,C:\Users\anmol\OneDrive\Desktop\Steel_Surface_Defect_NEU_DET-DATASET\SteelDefectX\train_by_class\Welding line\wl_165.jpg
wl_166,Welding line,train,3222,C:\Users\anmol\OneDrive\Desktop\Steel_Surface_Defect_NEU_DET-DATASET\SteelDefectX\train_by_class\Welding line\wl_166.jpg
wl_167,Welding line,train,3223,C:\Users\anmol\OneDrive\Desktop\Steel_Surface_Defect_NEU_DET-DATASET\SteelDefectX\train_by_class\Welding line\wl_167.jpg
wl_168,Welding line,train,3224,C:\Users\anmol\OneDrive\Desktop\Steel_Surface_Defect_NEU_DET-DATASET\SteelDefectX\train_by_class\Welding line\wl_168.jpg
wl_169,Welding line,train,3225,C:\Users\anmol\OneDrive\Desktop\Steel_Surface_Defect_NEU_DET-DATASET\SteelDefectX\train_by_class\Welding line\wl_169.jpg
wl_17,Welding line,train,3226,C:\Users\anmol\OneDrive\Desktop\Steel_Surface_Defect_NEU_DET-DATASET\SteelDefectX\train_by_class\Welding line\wl_17.jpg
wl_171,Welding line,train,3227,C:\Users\anmol\OneDrive\Desktop\Steel_Surface_Defect_NEU_DET-DATASET\SteelDefectX\train_by_class\Welding line\wl_171.jpg
wl_177,Welding line,train,3232,C:\Users\anmol\OneDrive\Desktop\Steel_Surface_Defect_NEU_DET-DATASET\SteelDefectX\train_by_class\Welding line\wl_177.jpg
wl_178,Welding line,train,3233,C:\Users\anmol\OneDrive\Desktop\Steel_Surface_Defect_NEU_DET-DATASET\SteelDefectX\train_by_class\Welding line\wl_178.jpg
wl_180,Welding line,train,3234,C:\Users\anmol\OneDrive\Desktop\Steel_Surface_Defect_NEU_DET-DATASET\SteelDefectX\train_by_class\Welding line\wl_180.jpg
wl_182,Welding line,train,3236,C:\Users\anmol\OneDrive\Desktop\Steel_Surface_Defect_NEU_DET-DATASET\SteelDefectX\train_by_class\Welding line\wl_182.jpg
wl_183,Welding line,train,3237,C:\Users\anmol\OneDrive\Desktop\Steel_Surface_Defect_NEU_DET-DATASET\SteelDefectX\train_by_class\Welding line\wl_183.jpg
wl_185,Welding line,train,3238,C:\Users\anmol\OneDrive\Desktop\Steel_Surface_Defect_NEU_DET-DATASET\SteelDefectX\train_by_class\Welding line\wl_185.jpg
wl_19,Welding line,train,3240,C:\Users\anmol\OneDrive\Desktop\Steel_Surface_Defect_NEU_DET-DATASET\SteelDefectX\train_by_class\Welding line\wl_19.jpg
wl_190,Welding line,train,3241,C:\Users\anmol\OneDrive\Desktop\Steel_Surface_Defect_NEU_DET-DATASET\SteelDefectX\train_by_class\Welding line\wl_190.jpg
wl_192,Welding line,train,3242,C:\Users\anmol\OneDrive\Desktop\Steel_Surface_Defect_NEU_DET-DATASET\SteelDefectX\train_by_class\Welding line\wl_192.jpg
wl_193,Welding line,train,3243,C:\Users\anmol\OneDrive\Desktop\Steel_Surface_Defect_NEU_DET-DATASET\SteelDefectX\train_by_class\Welding line\wl_193.jpg
wl_194,Welding line,train,3244,C:\Users\anmol\OneDrive\Desktop\Steel_Surface_Defect_NEU_DET-DATASET\SteelDefectX\train_by_class\Welding line\wl_194.jpg
wl_195,Welding line,train,3245,C:\Users\anmol\OneDrive\Desktop\Steel_Surface_Defect_NEU_DET-DATASET\SteelDefectX\train_by_class\Welding line\wl_195.jpg
wl_200,Welding line,train,3248,C:\Users\anmol\OneDrive\Desktop\Steel_Surface_Defect_NEU_DET-DATASET\SteelDefectX\train_by_class\Welding line\wl_200.jpg
wl_201,Welding line,train,3249,C:\Users\anmol\OneDrive\Desktop\Steel_Surface_Defect_NEU_DET-DATASET\SteelDefectX\train_by_class\Welding line\wl_201.jpg
wl_204,Welding line,train,3251,C:\Users\anmol\OneDrive\Desktop\Steel_Surface_Defect_NEU_DET-DATASET\SteelDefectX\train_by_class\Welding line\wl_204.jpg
wl_206,Welding line,train,3252,C:\Users\anmol\OneDrive\Desktop\Steel_Surface_Defect_NEU_DET-DATASET\SteelDefectX\train_by_class\Welding line\wl_206.jpg
wl_208,Welding line,train,3253,C:\Users\anmol\OneDrive\Desktop\Steel_Surface_Defect_NEU_DET-DATASET\SteelDefectX\train_by_class\Welding line\wl_208.jpg
wl_210,Welding line,train,3254,C:\Users\anmol\OneDrive\Desktop\Steel_Surface_Defect_NEU_DET-DATASET\SteelDefectX\train_by_class\Welding line\wl_210.jpg
wl_214,Welding line,train,3256,C:\Users\anmol\OneDrive\Desktop\Steel_Surface_Defect_NEU_DET-DATASET\SteelDefectX\train_by_class\Welding line\wl_214.jpg
wl_215,Welding line,train,3257,C:\Users\anmol\OneDrive\Desktop\Steel_Surface_Defect_NEU_DET-DATASET\SteelDefectX\train_by_class\Welding line\wl_215.jpg
wl_216,Welding line,train,3258,C:\Users\anmol\OneDrive\Desktop\Steel_Surface_Defect_NEU_DET-DATASET\SteelDefectX\train_by_class\Welding line\wl_216.jpg
wl_22,Welding line,train,3260,C:\Users\anmol\OneDrive\Desktop\Steel_Surface_Defect_NEU_DET-DATASET\SteelDefectX\train_by_class\Welding line\wl_22.jpg
wl_220,Welding line,train,3261,C:\Users\anmol\OneDrive\Desktop\Steel_Surface_Defect_NEU_DET-DATASET\SteelDefectX\train_by_class\Welding line\wl_220.jpg
wl_221,Welding line,train,3262,C:\Users\anmol\OneDrive\Desktop\Steel_Surface_Defect_NEU_DET-DATASET\SteelDefectX\train_by_class\Welding line\wl_221.jpg
wl_222,Welding line,train,3263,C:\Users\anmol\OneDrive\Desktop\Steel_Surface_Defect_NEU_DET-DATASET\SteelDefectX\train_by_class\Welding line\wl_222.jpg
wl_224,Welding line,train,3264,C:\Users\anmol\OneDrive\Desktop\Steel_Surface_Defect_NEU_DET-DATASET\SteelDefectX\train_by_class\Welding line\wl_224.jpg
wl_225,Welding line,train,3265,C:\Users\anmol\OneDrive\Desktop\Steel_Surface_Defect_NEU_DET-DATASET\SteelDefectX\train_by_class\Welding line\wl_225.jpg
wl_226,Welding line,train,3266,C:\Users\anmol\OneDrive\Desktop\Steel_Surface_Defect_NEU_DET-DATASET\SteelDefectX\train_by_class\Welding line\wl_226.jpg
wl_229,Welding line,train,3268,C:\Users\anmol\OneDrive\Desktop\Steel_Surface_Defect_NEU_DET-DATASET\SteelDefectX\train_by_class\Welding line\wl_229.jpg
wl_230,Welding line,train,3269,C:\Users\anmol\OneDrive\Desktop\Steel_Surface_Defect_NEU_DET-DATASET\SteelDefectX\train_by_class\Welding line\wl_230.jpg
wl_232,Welding line,train,3271,C:\Users\anmol\OneDrive\Desktop\Steel_Surface_Defect_NEU_DET-DATASET\SteelDefectX\train_by_class\Welding line\wl_232.jpg
wl_235,Welding line,train,3273,C:\Users\anmol\OneDrive\Desktop\Steel_Surface_Defect_NEU_DET-DATASET\SteelDefectX\train_by_class\Welding line\wl_235.jpg
wl_237,Welding line,train,3275,C:\Users\anmol\OneDrive\Desktop\Steel_Surface_Defect_NEU_DET-DATASET\SteelDefectX\train_by_class\Welding line\wl_237.jpg
wl_239,Welding line,train,3276,C:\Users\anmol\OneDrive\Desktop\Steel_Surface_Defect_NEU_DET-DATASET\SteelDefectX\train_by_class\Welding line\wl_239.jpg
wl_24,Welding line,train,3277,C:\Users\anmol\OneDrive\Desktop\Steel_Surface_Defect_NEU_DET-DATASET\SteelDefectX\train_by_class\Welding line\wl_24.jpg
wl_240,Welding line,train,3278,C:\Users\anmol\OneDrive\Desktop\Steel_Surface_Defect_NEU_DET-DATASET\SteelDefectX\train_by_class\Welding line\wl_240.jpg
wl_241,Welding line,train,3279,C:\Users\anmol\OneDrive\Desktop\Steel_Surface_Defect_NEU_DET-DATASET\SteelDefectX\train_by_class\Welding line\wl_241.jpg
wl_242,Welding line,train,3280,C:\Users\anmol\OneDrive\Desktop\Steel_Surface_Defect_NEU_DET-DATASET\SteelDefectX\train_by_class\Welding line\wl_242.jpg
wl_243,Welding line,train,3281,C:\Users\anmol\OneDrive\Desktop\Steel_Surface_Defect_NEU_DET-DATASET\SteelDefectX\train_by_class\Welding line\wl_243.jpg
wl_245,Welding line,train,3283,C:\Users\anmol\OneDrive\Desktop\Steel_Surface_Defect_NEU_DET-DATASET\SteelDefectX\train_by_class\Welding line\wl_245.jpg
wl_246,Welding line,train,3284,C:\Users\anmol\OneDrive\Desktop\Steel_Surface_Defect_NEU_DET-DATASET\SteelDefectX\train_by_class\Welding line\wl_246.jpg
wl_248,Welding line,train,3286,C:\Users\anmol\OneDrive\Desktop\Steel_Surface_Defect_NEU_DET-DATASET\SteelDefectX\train_by_class\Welding line\wl_248.jpg
wl_249,Welding line,train,3287,C:\Users\anmol\OneDrive\Desktop\Steel_Surface_Defect_NEU_DET-DATASET\SteelDefectX\train_by_class\Welding line\wl_249.jpg
wl_25,Welding line,train,3288,C:\Users\anmol\OneDrive\Desktop\Steel_Surface_Defect_NEU_DET-DATASET\SteelDefectX\train_by_class\Welding line\wl_25.jpg
wl_254,Welding line,train,3290,C:\Users\anmol\OneDrive\Desktop\Steel_Surface_Defect_NEU_DET-DATASET\SteelDefectX\train_by_class\Welding line\wl_254.jpg
wl_255,Welding line,train,3291,C:\Users\anmol\OneDrive\Desktop\Steel_Surface_Defect_NEU_DET-DATASET\SteelDefectX\train_by_class\Welding line\wl_255.jpg
wl_257,Welding line,train,3293,C:\Users\anmol\OneDrive\Desktop\Steel_Surface_Defect_NEU_DET-DATASET\SteelDefectX\train_by_class\Welding line\wl_257.jpg
wl_258,Welding line,train,3294,C:\Users\anmol\OneDrive\Desktop\Steel_Surface_Defect_NEU_DET-DATASET\SteelDefectX\train_by_class\Welding line\wl_258.jpg
wl_26,Welding line,train,3295,C:\Users\anmol\OneDrive\Desktop\Steel_Surface_Defect_NEU_DET-DATASET\SteelDefectX\train_by_class\Welding line\wl_26.jpg
wl_260,Welding line,train,3296,C:\Users\anmol\OneDrive\Desktop\Steel_Surface_Defect_NEU_DET-DATASET\SteelDefectX\train_by_class\Welding line\wl_260.jpg
wl_262,Welding line,train,3298,C:\Users\anmol\OneDrive\Desktop\Steel_Surface_Defect_NEU_DET-DATASET\SteelDefectX\train_by_class\Welding line\wl_262.jpg
wl_263,Welding line,train,3299,C:\Users\anmol\OneDrive\Desktop\Steel_Surface_Defect_NEU_DET-DATASET\SteelDefectX\train_by_class\Welding line\wl_263.jpg
wl_264,Welding line,train,3300,C:\Users\anmol\OneDrive\Desktop\Steel_Surface_Defect_NEU_DET-DATASET\SteelDefectX\train_by_class\Welding line\wl_264.jpg
wl_267,Welding line,train,3301,C:\Users\anmol\OneDrive\Desktop\Steel_Surface_Defect_NEU_DET-DATASET\SteelDefectX\train_by_class\Welding line\wl_267.jpg
wl_27,Welding line,train,3303,C:\Users\anmol\OneDrive\Desktop\Steel_Surface_Defect_NEU_DET-DATASET\SteelDefectX\train_by_class\Welding line\wl_27.jpg
wl_272,Welding line,train,3304,C:\Users\anmol\OneDrive\Desktop\Steel_Surface_Defect_NEU_DET-DATASET\SteelDefectX\train_by_class\Welding line\wl_272.jpg
wl_273,Welding line,train,3305,C:\Users\anmol\OneDrive\Desktop\Steel_Surface_Defect_NEU_DET-DATASET\SteelDefectX\train_by_class\Welding line\wl_273.jpg
wl_274,Welding line,train,3306,C:\Users\anmol\OneDrive\Desktop\Steel_Surface_Defect_NEU_DET-DATASET\SteelDefectX\train_by_class\Welding line\wl_274.jpg
wl_275,Welding line,train,3307,C:\Users\anmol\OneDrive\Desktop\Steel_Surface_Defect_NEU_DET-DATASET\SteelDefectX\train_by_class\Welding line\wl_275.jpg
wl_276,Welding line,train,3308,C:\Users\anmol\OneDrive\Desktop\Steel_Surface_Defect_NEU_DET-DATASET\SteelDefectX\train_by_class\Welding line\wl_276.jpg
wl_277,Welding line,train,3309,C:\Users\anmol\OneDrive\Desktop\Steel_Surface_Defect_NEU_DET-DATASET\SteelDefectX\train_by_class\Welding line\wl_277.jpg
wl_278,Welding line,train,3310,C:\Users\anmol\OneDrive\Desktop\Steel_Surface_Defect_NEU_DET-DATASET\SteelDefectX\train_by_class\Welding line\wl_278.jpg
wl_280,Welding line,train,3312,C:\Users\anmol\OneDrive\Desktop\Steel_Surface_Defect_NEU_DET-DATASET\SteelDefectX\train_by_class\Welding line\wl_280.jpg
wl_282,Welding line,train,3313,C:\Users\anmol\OneDrive\Desktop\Steel_Surface_Defect_NEU_DET-DATASET\SteelDefectX\train_by_class\Welding line\wl_282.jpg
wl_283,Welding line,train,3314,C:\Users\anmol\OneDrive\Desktop\Steel_Surface_Defect_NEU_DET-DATASET\SteelDefectX\train_by_class\Welding line\wl_283.jpg
wl_284,Welding line,train,3315,C:\Users\anmol\OneDrive\Desktop\Steel_Surface_Defect_NEU_DET-DATASET\SteelDefectX\train_by_class\Welding line\wl_284.jpg
wl_285,Welding line,train,3316,C:\Users\anmol\OneDrive\Desktop\Steel_Surface_Defect_NEU_DET-DATASET\SteelDefectX\train_by_class\Welding line\wl_285.jpg
wl_289,Welding line,train,3317,C:\Users\anmol\OneDrive\Desktop\Steel_Surface_Defect_NEU_DET-DATASET\SteelDefectX\train_by_class\Welding line\wl_289.jpg
wl_290,Welding line,train,3319,C:\Users\anmol\OneDrive\Desktop\Steel_Surface_Defect_NEU_DET-DATASET\SteelDefectX\train_by_class\Welding line\wl_290.jpg
wl_292,Welding line,train,3320,C:\Users\anmol\OneDrive\Desktop\Steel_Surface_Defect_NEU_DET-DATASET\SteelDefectX\train_by_class\Welding line\wl_292.jpg
wl_293,Welding line,train,3321,C:\Users\anmol\OneDrive\Desktop\Steel_Surface_Defect_NEU_DET-DATASET\SteelDefectX\train_by_class\Welding line\wl_293.jpg
wl_294,Welding line,train,3322,C:\Users\anmol\OneDrive\Desktop\Steel_Surface_Defect_NEU_DET-DATASET\SteelDefectX\train_by_class\Welding line\wl_294.jpg
wl_296,Welding line,train,3324,C:\Users\anmol\OneDrive\Desktop\Steel_Surface_Defect_NEU_DET-DATASET\SteelDefectX\train_by_class\Welding line\wl_296.jpg
wl_298,Welding line,train,3325,C:\Users\anmol\OneDrive\Desktop\Steel_Surface_Defect_NEU_DET-DATASET\SteelDefectX\train_by_class\Welding line\wl_298.jpg
wl_299,Welding line,train,3326,C:\Users\anmol\OneDrive\Desktop\Steel_Surface_Defect_NEU_DET-DATASET\SteelDefectX\train_by_class\Welding line\wl_299.jpg
wl_30,Welding line,train,3327,C:\Users\anmol\OneDrive\Desktop\Steel_Surface_Defect_NEU_DET-DATASET\SteelDefectX\train_by_class\Welding line\wl_30.jpg
wl_300,Welding line,train,3328,C:\Users\anmol\OneDrive\Desktop\Steel_Surface_Defect_NEU_DET-DATASET\SteelDefectX\train_by_class\Welding line\wl_300.jpg
wl_301,Welding line,train,3329,C:\Users\anmol\OneDrive\Desktop\Steel_Surface_Defect_NEU_DET-DATASET\SteelDefectX\train_by_class\Welding line\wl_301.jpg
wl_306,Welding line,train,3331,C:\Users\anmol\OneDrive\Desktop\Steel_Surface_Defect_NEU_DET-DATASET\SteelDefectX\train_by_class\Welding line\wl_306.jpg
wl_307,Welding line,train,3332,C:\Users\anmol\OneDrive\Desktop\Steel_Surface_Defect_NEU_DET-DATASET\SteelDefectX\train_by_class\Welding line\wl_307.jpg
wl_314,Welding line,train,3336,C:\Users\anmol\OneDrive\Desktop\Steel_Surface_Defect_NEU_DET-DATASET\SteelDefectX\train_by_class\Welding line\wl_314.jpg
wl_316,Welding line,train,3337,C:\Users\anmol\OneDrive\Desktop\Steel_Surface_Defect_NEU_DET-DATASET\SteelDefectX\train_by_class\Welding line\wl_316.jpg
wl_318,Welding line,train,3338,C:\Users\anmol\OneDrive\Desktop\Steel_Surface_Defect_NEU_DET-DATASET\SteelDefectX\train_by_class\Welding line\wl_318.jpg
wl_319,Welding line,train,3339,C:\Users\anmol\OneDrive\Desktop\Steel_Surface_Defect_NEU_DET-DATASET\SteelDefectX\train_by_class\Welding line\wl_319.jpg
wl_32,Welding line,train,3340,C:\Users\anmol\OneDrive\Desktop\Steel_Surface_Defect_NEU_DET-DATASET\SteelDefectX\train_by_class\Welding line\wl_32.jpg
wl_320,Welding line,train,3341,C:\Users\anmol\OneDrive\Desktop\Steel_Surface_Defect_NEU_DET-DATASET\SteelDefectX\train_by_class\Welding line\wl_320.jpg
wl_323,Welding line,train,3343,C:\Users\anmol\OneDrive\Desktop\Steel_Surface_Defect_NEU_DET-DATASET\SteelDefectX\train_by_class\Welding line\wl_323.jpg
wl_324,Welding line,train,3344,C:\Users\anmol\OneDrive\Desktop\Steel_Surface_Defect_NEU_DET-DATASET\SteelDefectX\train_by_class\Welding line\wl_324.jpg
wl_325,Welding line,train,3345,C:\Users\anmol\OneDrive\Desktop\Steel_Surface_Defect_NEU_DET-DATASET\SteelDefectX\train_by_class\Welding line\wl_325.jpg
wl_326,Welding line,train,3346,C:\Users\anmol\OneDrive\Desktop\Steel_Surface_Defect_NEU_DET-DATASET\SteelDefectX\train_by_class\Welding line\wl_326.jpg
wl_33,Welding line,train,3349,C:\Users\anmol\OneDrive\Desktop\Steel_Surface_Defect_NEU_DET-DATASET\SteelDefectX\train_by_class\Welding line\wl_33.jpg
wl_330,Welding line,train,3350,C:\Users\anmol\OneDrive\Desktop\Steel_Surface_Defect_NEU_DET-DATASET\SteelDefectX\train_by_class\Welding line\wl_330.jpg
wl_333,Welding line,train,3352,C:\Users\anmol\OneDrive\Desktop\Steel_Surface_Defect_NEU_DET-DATASET\SteelDefectX\train_by_class\Welding line\wl_333.jpg
wl_334,Welding line,train,3353,C:\Users\anmol\OneDrive\Desktop\Steel_Surface_Defect_NEU_DET-DATASET\SteelDefectX\train_by_class\Welding line\wl_334.jpg
wl_339,Welding line,train,3356,C:\Users\anmol\OneDrive\Desktop\Steel_Surface_Defect_NEU_DET-DATASET\SteelDefectX\train_by_class\Welding line\wl_339.jpg
wl_34,Welding line,train,3357,C:\Users\anmol\OneDrive\Desktop\Steel_Surface_Defect_NEU_DET-DATASET\SteelDefectX\train_by_class\Welding line\wl_34.jpg
wl_340,Welding line,train,3358,C:\Users\anmol\OneDrive\Desktop\Steel_Surface_Defect_NEU_DET-DATASET\SteelDefectX\train_by_class\Welding line\wl_340.jpg
wl_341,Welding line,train,3359,C:\Users\anmol\OneDrive\Desktop\Steel_Surface_Defect_NEU_DET-DATASET\SteelDefectX\train_by_class\Welding line\wl_341.jpg
wl_343,Welding line,train,3361,C:\Users\anmol\OneDrive\Desktop\Steel_Surface_Defect_NEU_DET-DATASET\SteelDefectX\train_by_class\Welding line\wl_343.jpg
wl_349,Welding line,train,3364,C:\Users\anmol\OneDrive\Desktop\Steel_Surface_Defect_NEU_DET-DATASET\SteelDefectX\train_by_class\Welding line\wl_349.jpg
wl_35,Welding line,train,3365,C:\Users\anmol\OneDrive\Desktop\Steel_Surface_Defect_NEU_DET-DATASET\SteelDefectX\train_by_class\Welding line\wl_35.jpg
wl_350,Welding line,train,3366,C:\Users\anmol\OneDrive\Desktop\Steel_Surface_Defect_NEU_DET-DATASET\SteelDefectX\train_by_class\Welding line\wl_350.jpg
wl_351,Welding line,train,3367,C:\Users\anmol\OneDrive\Desktop\Steel_Surface_Defect_NEU_DET-DATASET\SteelDefectX\train_by_class\Welding line\wl_351.jpg
wl_352,Welding line,train,3368,C:\Users\anmol\OneDrive\Desktop\Steel_Surface_Defect_NEU_DET-DATASET\SteelDefectX\train_by_class\Welding line\wl_352.jpg
wl_357,Welding line,train,3372,C:\Users\anmol\OneDrive\Desktop\Steel_Surface_Defect_NEU_DET-DATASET\SteelDefectX\train_by_class\Welding line\wl_357.jpg
wl_358,Welding line,train,3373,C:\Users\anmol\OneDrive\Desktop\Steel_Surface_Defect_NEU_DET-DATASET\SteelDefectX\train_by_class\Welding line\wl_358.jpg
wl_359,Welding line,train,3374,C:\Users\anmol\OneDrive\Desktop\Steel_Surface_Defect_NEU_DET-DATASET\SteelDefectX\train_by_class\Welding line\wl_359.jpg
wl_360,Welding line,train,3375,C:\Users\anmol\OneDrive\Desktop\Steel_Surface_Defect_NEU_DET-DATASET\SteelDefectX\train_by_class\Welding line\wl_360.jpg
wl_361,Welding line,train,3376,C:\Users\anmol\OneDrive\Desktop\Steel_Surface_Defect_NEU_DET-DATASET\SteelDefectX\train_by_class\Welding line\wl_361.jpg
wl_37,Welding line,train,3380,C:\Users\anmol\OneDrive\Desktop\Steel_Surface_Defect_NEU_DET-DATASET\SteelDefectX\train_by_class\Welding line\wl_37.jpg
wl_371,Welding line,train,3381,C:\Users\anmol\OneDrive\Desktop\Steel_Surface_Defect_NEU_DET-DATASET\SteelDefectX\train_by_class\Welding line\wl_371.jpg
wl_375,Welding line,train,3382,C:\Users\anmol\OneDrive\Desktop\Steel_Surface_Defect_NEU_DET-DATASET\SteelDefectX\train_by_class\Welding line\wl_375.jpg
wl_376,Welding line,train,3383,C:\Users\anmol\OneDrive\Desktop\Steel_Surface_Defect_NEU_DET-DATASET\SteelDefectX\train_by_class\Welding line\wl_376.jpg
wl_377,Welding line,train,3384,C:\Users\anmol\OneDrive\Desktop\Steel_Surface_Defect_NEU_DET-DATASET\SteelDefectX\train_by_class\Welding line\wl_377.jpg
wl_379,Welding line,train,3386,C:\Users\anmol\OneDrive\Desktop\Steel_Surface_Defect_NEU_DET-DATASET\SteelDefectX\train_by_class\Welding line\wl_379.jpg
wl_382,Welding line,train,3387,C:\Users\anmol\OneDrive\Desktop\Steel_Surface_Defect_NEU_DET-DATASET\SteelDefectX\train_by_class\Welding line\wl_382.jpg
wl_383,Welding line,train,3388,C:\Users\anmol\OneDrive\Desktop\Steel_Surface_Defect_NEU_DET-DATASET\SteelDefectX\train_by_class\Welding line\wl_383.jpg
wl_385,Welding line,train,3390,C:\Users\anmol\OneDrive\Desktop\Steel_Surface_Defect_NEU_DET-DATASET\SteelDefectX\train_by_class\Welding line\wl_385.jpg
wl_387,Welding line,train,3391,C:\Users\anmol\OneDrive\Desktop\Steel_Surface_Defect_NEU_DET-DATASET\SteelDefectX\train_by_class\Welding line\wl_387.jpg
wl_393,Welding line,train,3394,C:\Users\anmol\OneDrive\Desktop\Steel_Surface_Defect_NEU_DET-DATASET\SteelDefectX\train_by_class\Welding line\wl_393.jpg
wl_394,Welding line,train,3395,C:\Users\anmol\OneDrive\Desktop\Steel_Surface_Defect_NEU_DET-DATASET\SteelDefectX\train_by_class\Welding line\wl_394.jpg
wl_395,Welding line,train,3396,C:\Users\anmol\OneDrive\Desktop\Steel_Surface_Defect_NEU_DET-DATASET\SteelDefectX\train_by_class\Welding line\wl_395.jpg
wl_396,Welding line,train,3397,C:\Users\anmol\OneDrive\Desktop\Steel_Surface_Defect_NEU_DET-DATASET\SteelDefectX\train_by_class\Welding line\wl_396.jpg
wl_398,Welding line,train,3399,C:\Users\anmol\OneDrive\Desktop\Steel_Surface_Defect_NEU_DET-DATASET\SteelDefectX\train_by_class\Welding line\wl_398.jpg
wl_403,Welding line,train,3402,C:\Users\anmol\OneDrive\Desktop\Steel_Surface_Defect_NEU_DET-DATASET\SteelDefectX\train_by_class\Welding line\wl_403.jpg
wl_404,Welding line,train,3403,C:\Users\anmol\OneDrive\Desktop\Steel_Surface_Defect_NEU_DET-DATASET\SteelDefectX\train_by_class\Welding line\wl_404.jpg
wl_405,Welding line,train,3404,C:\Users\anmol\OneDrive\Desktop\Steel_Surface_Defect_NEU_DET-DATASET\SteelDefectX\train_by_class\Welding line\wl_405.jpg
wl_407,Welding line,train,3406,C:\Users\anmol\OneDrive\Desktop\Steel_Surface_Defect_NEU_DET-DATASET\SteelDefectX\train_by_class\Welding line\wl_407.jpg
wl_408,Welding line,train,3407,C:\Users\anmol\OneDrive\Desktop\Steel_Surface_Defect_NEU_DET-DATASET\SteelDefectX\train_by_class\Welding line\wl_408.jpg
wl_409,Welding line,train,3408,C:\Users\anmol\OneDrive\Desktop\Steel_Surface_Defect_NEU_DET-DATASET\SteelDefectX\train_by_class\Welding line\wl_409.jpg
wl_41,Welding line,train,3409,C:\Users\anmol\OneDrive\Desktop\Steel_Surface_Defect_NEU_DET-DATASET\SteelDefectX\train_by_class\Welding line\wl_41.jpg
wl_411,Welding line,train,3411,C:\Users\anmol\OneDrive\Desktop\Steel_Surface_Defect_NEU_DET-DATASET\SteelDefectX\train_by_class\Welding line\wl_411.jpg
wl_413,Welding line,train,3412,C:\Users\anmol\OneDrive\Desktop\Steel_Surface_Defect_NEU_DET-DATASET\SteelDefectX\train_by_class\Welding line\wl_413.jpg
wl_416,Welding line,train,3413,C:\Users\anmol\OneDrive\Desktop\Steel_Surface_Defect_NEU_DET-DATASET\SteelDefectX\train_by_class\Welding line\wl_416.jpg
wl_417,Welding line,train,3414,C:\Users\anmol\OneDrive\Desktop\Steel_Surface_Defect_NEU_DET-DATASET\SteelDefectX\train_by_class\Welding line\wl_417.jpg
wl_419,Welding line,train,3415,C:\Users\anmol\OneDrive\Desktop\Steel_Surface_Defect_NEU_DET-DATASET\SteelDefectX\train_by_class\Welding line\wl_419.jpg
wl_42,Welding line,train,3416,C:\Users\anmol\OneDrive\Desktop\Steel_Surface_Defect_NEU_DET-DATASET\SteelDefectX\train_by_class\Welding line\wl_42.jpg
wl_420,Welding line,train,3417,C:\Users\anmol\OneDrive\Desktop\Steel_Surface_Defect_NEU_DET-DATASET\SteelDefectX\train_by_class\Welding line\wl_420.jpg
wl_423,Welding line,train,3418,C:\Users\anmol\OneDrive\Desktop\Steel_Surface_Defect_NEU_DET-DATASET\SteelDefectX\train_by_class\Welding line\wl_423.jpg
wl_424,Welding line,train,3419,C:\Users\anmol\OneDrive\Desktop\Steel_Surface_Defect_NEU_DET-DATASET\SteelDefectX\train_by_class\Welding line\wl_424.jpg
wl_425,Welding line,train,3420,C:\Users\anmol\OneDrive\Desktop\Steel_Surface_Defect_NEU_DET-DATASET\SteelDefectX\train_by_class\Welding line\wl_425.jpg
wl_427,Welding line,train,3421,C:\Users\anmol\OneDrive\Desktop\Steel_Surface_Defect_NEU_DET-DATASET\SteelDefectX\train_by_class\Welding line\wl_427.jpg
wl_428,Welding line,train,3422,C:\Users\anmol\OneDrive\Desktop\Steel_Surface_Defect_NEU_DET-DATASET\SteelDefectX\train_by_class\Welding line\wl_428.jpg
wl_43,Welding line,train,3424,C:\Users\anmol\OneDrive\Desktop\Steel_Surface_Defect_NEU_DET-DATASET\SteelDefectX\train_by_class\Welding line\wl_43.jpg
wl_431,Welding line,train,3425,C:\Users\anmol\OneDrive\Desktop\Steel_Surface_Defect_NEU_DET-DATASET\SteelDefectX\train_by_class\Welding line\wl_431.jpg
wl_435,Welding line,train,3428,C:\Users\anmol\OneDrive\Desktop\Steel_Surface_Defect_NEU_DET-DATASET\SteelDefectX\train_by_class\Welding line\wl_435.jpg
wl_436,Welding line,train,3429,C:\Users\anmol\OneDrive\Desktop\Steel_Surface_Defect_NEU_DET-DATASET\SteelDefectX\train_by_class\Welding line\wl_436.jpg
wl_437,Welding line,train,3430,C:\Users\anmol\OneDrive\Desktop\Steel_Surface_Defect_NEU_DET-DATASET\SteelDefectX\train_by_class\Welding line\wl_437.jpg
wl_438,Welding line,train,3431,C:\Users\anmol\OneDrive\Desktop\Steel_Surface_Defect_NEU_DET-DATASET\SteelDefectX\train_by_class\Welding line\wl_438.jpg
wl_439,Welding line,train,3432,C:\Users\anmol\OneDrive\Desktop\Steel_Surface_Defect_NEU_DET-DATASET\SteelDefectX\train_by_class\Welding line\wl_439.jpg
wl_44,Welding line,train,3433,C:\Users\anmol\OneDrive\Desktop\Steel_Surface_Defect_NEU_DET-DATASET\SteelDefectX\train_by_class\Welding line\wl_44.jpg
wl_441,Welding line,train,3434,C:\Users\anmol\OneDrive\Desktop\Steel_Surface_Defect_NEU_DET-DATASET\SteelDefectX\train_by_class\Welding line\wl_441.jpg
wl_444,Welding line,train,3436,C:\Users\anmol\OneDrive\Desktop\Steel_Surface_Defect_NEU_DET-DATASET\SteelDefectX\train_by_class\Welding line\wl_444.jpg
wl_445,Welding line,train,3437,C:\Users\anmol\OneDrive\Desktop\Steel_Surface_Defect_NEU_DET-DATASET\SteelDefectX\train_by_class\Welding line\wl_445.jpg
wl_447,Welding line,train,3438,C:\Users\anmol\OneDrive\Desktop\Steel_Surface_Defect_NEU_DET-DATASET\SteelDefectX\train_by_class\Welding line\wl_447.jpg
wl_449,Welding line,train,3439,C:\Users\anmol\OneDrive\Desktop\Steel_Surface_Defect_NEU_DET-DATASET\SteelDefectX\train_by_class\Welding line\wl_449.jpg
wl_451,Welding line,train,3440,C:\Users\anmol\OneDrive\Desktop\Steel_Surface_Defect_NEU_DET-DATASET\SteelDefectX\train_by_class\Welding line\wl_451.jpg
wl_453,Welding line,train,3442,C:\Users\anmol\OneDrive\Desktop\Steel_Surface_Defect_NEU_DET-DATASET\SteelDefectX\train_by_class\Welding line\wl_453.jpg
wl_459,Welding line,train,3445,C:\Users\anmol\OneDrive\Desktop\Steel_Surface_Defect_NEU_DET-DATASET\SteelDefectX\train_by_class\Welding line\wl_459.jpg
wl_46,Welding line,train,3446,C:\Users\anmol\OneDrive\Desktop\Steel_Surface_Defect_NEU_DET-DATASET\SteelDefectX\train_by_class\Welding line\wl_46.jpg
wl_460,Welding line,train,3447,C:\Users\anmol\OneDrive\Desktop\Steel_Surface_Defect_NEU_DET-DATASET\SteelDefectX\train_by_class\Welding line\wl_460.jpg
wl_461,Welding line,train,3448,C:\Users\anmol\OneDrive\Desktop\Steel_Surface_Defect_NEU_DET-DATASET\SteelDefectX\train_by_class\Welding line\wl_461.jpg
wl_462,Welding line,train,3449,C:\Users\anmol\OneDrive\Desktop\Steel_Surface_Defect_NEU_DET-DATASET\SteelDefectX\train_by_class\Welding line\wl_462.jpg
wl_464,Welding line,train,3450,C:\Users\anmol\OneDrive\Desktop\Steel_Surface_Defect_NEU_DET-DATASET\SteelDefectX\train_by_class\Welding line\wl_464.jpg
wl_465,Welding line,train,3451,C:\Users\anmol\OneDrive\Desktop\Steel_Surface_Defect_NEU_DET-DATASET\SteelDefectX\train_by_class\Welding line\wl_465.jpg
wl_466,Welding line,train,3452,C:\Users\anmol\OneDrive\Desktop\Steel_Surface_Defect_NEU_DET-DATASET\SteelDefectX\train_by_class\Welding line\wl_466.jpg
wl_467,Welding line,train,3453,C:\Users\anmol\OneDrive\Desktop\Steel_Surface_Defect_NEU_DET-DATASET\SteelDefectX\train_by_class\Welding line\wl_467.jpg
wl_468,Welding line,train,3454,C:\Users\anmol\OneDrive\Desktop\Steel_Surface_Defect_NEU_DET-DATASET\SteelDefectX\train_by_class\Welding line\wl_468.jpg
wl_47,Welding line,train,3456,C:\Users\anmol\OneDrive\Desktop\Steel_Surface_Defect_NEU_DET-DATASET\SteelDefectX\train_by_class\Welding line\wl_47.jpg
wl_470,Welding line,train,3457,C:\Users\anmol\OneDrive\Desktop\Steel_Surface_Defect_NEU_DET-DATASET\SteelDefectX\train_by_class\Welding line\wl_470.jpg
wl_471,Welding line,train,3458,C:\Users\anmol\OneDrive\Desktop\Steel_Surface_Defect_NEU_DET-DATASET\SteelDefectX\train_by_class\Welding line\wl_471.jpg
wl_472,Welding line,train,3459,C:\Users\anmol\OneDrive\Desktop\Steel_Surface_Defect_NEU_DET-DATASET\SteelDefectX\train_by_class\Welding line\wl_472.jpg
wl_477,Welding line,train,3462,C:\Users\anmol\OneDrive\Desktop\Steel_Surface_Defect_NEU_DET-DATASET\SteelDefectX\train_by_class\Welding line\wl_477.jpg
wl_478,Welding line,train,3463,C:\Users\anmol\OneDrive\Desktop\Steel_Surface_Defect_NEU_DET-DATASET\SteelDefectX\train_by_class\Welding line\wl_478.jpg
wl_480,Welding line,train,3465,C:\Users\anmol\OneDrive\Desktop\Steel_Surface_Defect_NEU_DET-DATASET\SteelDefectX\train_by_class\Welding line\wl_480.jpg
wl_483,Welding line,train,3468,C:\Users\anmol\OneDrive\Desktop\Steel_Surface_Defect_NEU_DET-DATASET\SteelDefectX\train_by_class\Welding line\wl_483.jpg
wl_484,Welding line,train,3469,C:\Users\anmol\OneDrive\Desktop\Steel_Surface_Defect_NEU_DET-DATASET\SteelDefectX\train_by_class\Welding line\wl_484.jpg
wl_485,Welding line,train,3470,C:\Users\anmol\OneDrive\Desktop\Steel_Surface_Defect_NEU_DET-DATASET\SteelDefectX\train_by_class\Welding line\wl_485.jpg
wl_49,Welding line,train,3472,C:\Users\anmol\OneDrive\Desktop\Steel_Surface_Defect_NEU_DET-DATASET\SteelDefectX\train_by_class\Welding line\wl_49.jpg
wl_490,Welding line,train,3473,C:\Users\anmol\OneDrive\Desktop\Steel_Surface_Defect_NEU_DET-DATASET\SteelDefectX\train_by_class\Welding line\wl_490.jpg
wl_491,Welding line,train,3474,C:\Users\anmol\OneDrive\Desktop\Steel_Surface_Defect_NEU_DET-DATASET\SteelDefectX\train_by_class\Welding line\wl_491.jpg
wl_494,Welding line,train,3475,C:\Users\anmol\OneDrive\Desktop\Steel_Surface_Defect_NEU_DET-DATASET\SteelDefectX\train_by_class\Welding line\wl_494.jpg
wl_498,Welding line,train,3477,C:\Users\anmol\OneDrive\Desktop\Steel_Surface_Defect_NEU_DET-DATASET\SteelDefectX\train_by_class\Welding line\wl_498.jpg
wl_51,Welding line,train,3479,C:\Users\anmol\OneDrive\Desktop\Steel_Surface_Defect_NEU_DET-DATASET\SteelDefectX\train_by_class\Welding line\wl_51.jpg
wl_52,Welding line,train,3480,C:\Users\anmol\OneDrive\Desktop\Steel_Surface_Defect_NEU_DET-DATASET\SteelDefectX\train_by_class\Welding line\wl_52.jpg
wl_53,Welding line,train,3481,C:\Users\anmol\OneDrive\Desktop\Steel_Surface_Defect_NEU_DET-DATASET\SteelDefectX\train_by_class\Welding line\wl_53.jpg
wl_66,Welding line,train,3484,C:\Users\anmol\OneDrive\Desktop\Steel_Surface_Defect_NEU_DET-DATASET\SteelDefectX\train_by_class\Welding line\wl_66.jpg
wl_67,Welding line,train,3485,C:\Users\anmol\OneDrive\Desktop\Steel_Surface_Defect_NEU_DET-DATASET\SteelDefectX\train_by_class\Welding line\wl_67.jpg
wl_71,Welding line,train,3487,C:\Users\anmol\OneDrive\Desktop\Steel_Surface_Defect_NEU_DET-DATASET\SteelDefectX\train_by_class\Welding line\wl_71.jpg
wl_74,Welding line,train,3488,C:\Users\anmol\OneDrive\Desktop\Steel_Surface_Defect_NEU_DET-DATASET\SteelDefectX\train_by_class\Welding line\wl_74.jpg
wl_77,Welding line,train,3491,C:\Users\anmol\OneDrive\Desktop\Steel_Surface_Defect_NEU_DET-DATASET\SteelDefectX\train_by_class\Welding line\wl_77.jpg
wl_78,Welding line,train,3492,C:\Users\anmol\OneDrive\Desktop\Steel_Surface_Defect_NEU_DET-DATASET\SteelDefectX\train_by_class\Welding line\wl_78.jpg
wl_79,Welding line,train,3493,C:\Users\anmol\OneDrive\Desktop\Steel_Surface_Defect_NEU_DET-DATASET\SteelDefectX\train_by_class\Welding line\wl_79.jpg
wl_83,Welding line,train,3495,C:\Users\anmol\OneDrive\Desktop\Steel_Surface_Defect_NEU_DET-DATASET\SteelDefectX\train_by_class\Welding line\wl_83.jpg
wl_84,Welding line,train,3496,C:\Users\anmol\OneDrive\Desktop\Steel_Surface_Defect_NEU_DET-DATASET\SteelDefectX\train_by_class\Welding line\wl_84.jpg
wl_85,Welding line,train,3497,C:\Users\anmol\OneDrive\Desktop\Steel_Surface_Defect_NEU_DET-DATASET\SteelDefectX\train_by_class\Welding line\wl_85.jpg
wl_88,Welding line,train,3500,C:\Users\anmol\OneDrive\Desktop\Steel_Surface_Defect_NEU_DET-DATASET\SteelDefectX\train_by_class\Welding line\wl_88.jpg
wl_90,Welding line,train,3502,C:\Users\anmol\OneDrive\Desktop\Steel_Surface_Defect_NEU_DET-DATASET\SteelDefectX\train_by_class\Welding line\wl_90.jpg
wl_95,Welding line,train,3506,C:\Users\anmol\OneDrive\Desktop\Steel_Surface_Defect_NEU_DET-DATASET\SteelDefectX\train_by_class\Welding line\wl_95.jpg
wl_96,Welding line,train,3507,C:\Users\anmol\OneDrive\Desktop\Steel_Surface_Defect_NEU_DET-DATASET\SteelDefectX\train_by_class\Welding line\wl_96.jpg
wl_97,Welding line,train,3508,C:\Users\anmol\OneDrive\Desktop\Steel_Surface_Defect_NEU_DET-DATASET\SteelDefectX\train_by_class\Welding line\wl_97.jpg
wl_98,Welding line,train,3509,C:\Users\anmol\OneDrive\Desktop\Steel_Surface_Defect_NEU_DET-DATASET\SteelDefectX\train_by_class\Welding line\wl_98.jpg
wl_01,Welding line,val,3162,C:\Users\anmol\OneDrive\Desktop\Steel_Surface_Defect_NEU_DET-DATASET\SteelDefectX\train_by_class\Welding line\wl_01.jpg
wl_02,Welding line,val,3163,C:\Users\anmol\OneDrive\Desktop\Steel_Surface_Defect_NEU_DET-DATASET\SteelDefectX\train_by_class\Welding line\wl_02.jpg
wl_04,Welding line,val,3165,C:\Users\anmol\OneDrive\Desktop\Steel_Surface_Defect_NEU_DET-DATASET\SteelDefectX\train_by_class\Welding line\wl_04.jpg
wl_05,Welding line,val,3166,C:\Users\anmol\OneDrive\Desktop\Steel_Surface_Defect_NEU_DET-DATASET\SteelDefectX\train_by_class\Welding line\wl_05.jpg
wl_09,Welding line,val,3170,C:\Users\anmol\OneDrive\Desktop\Steel_Surface_Defect_NEU_DET-DATASET\SteelDefectX\train_by_class\Welding line\wl_09.jpg
wl_105,Welding line,val,3175,C:\Users\anmol\OneDrive\Desktop\Steel_Surface_Defect_NEU_DET-DATASET\SteelDefectX\train_by_class\Welding line\wl_105.jpg
wl_120,Welding line,val,3187,C:\Users\anmol\OneDrive\Desktop\Steel_Surface_Defect_NEU_DET-DATASET\SteelDefectX\train_by_class\Welding line\wl_120.jpg
wl_139,Welding line,val,3202,C:\Users\anmol\OneDrive\Desktop\Steel_Surface_Defect_NEU_DET-DATASET\SteelDefectX\train_by_class\Welding line\wl_139.jpg
wl_14,Welding line,val,3203,C:\Users\anmol\OneDrive\Desktop\Steel_Surface_Defect_NEU_DET-DATASET\SteelDefectX\train_by_class\Welding line\wl_14.jpg
wl_142,Welding line,val,3206,C:\Users\anmol\OneDrive\Desktop\Steel_Surface_Defect_NEU_DET-DATASET\SteelDefectX\train_by_class\Welding line\wl_142.jpg
wl_144,Welding line,val,3208,C:\Users\anmol\OneDrive\Desktop\Steel_Surface_Defect_NEU_DET-DATASET\SteelDefectX\train_by_class\Welding line\wl_144.jpg
wl_146,Welding line,val,3209,C:\Users\anmol\OneDrive\Desktop\Steel_Surface_Defect_NEU_DET-DATASET\SteelDefectX\train_by_class\Welding line\wl_146.jpg
wl_154,Welding line,val,3215,C:\Users\anmol\OneDrive\Desktop\Steel_Surface_Defect_NEU_DET-DATASET\SteelDefectX\train_by_class\Welding line\wl_154.jpg
wl_176,Welding line,val,3231,C:\Users\anmol\OneDrive\Desktop\Steel_Surface_Defect_NEU_DET-DATASET\SteelDefectX\train_by_class\Welding line\wl_176.jpg
wl_203,Welding line,val,3250,C:\Users\anmol\OneDrive\Desktop\Steel_Surface_Defect_NEU_DET-DATASET\SteelDefectX\train_by_class\Welding line\wl_203.jpg
wl_244,Welding line,val,3282,C:\Users\anmol\OneDrive\Desktop\Steel_Surface_Defect_NEU_DET-DATASET\SteelDefectX\train_by_class\Welding line\wl_244.jpg
wl_247,Welding line,val,3285,C:\Users\anmol\OneDrive\Desktop\Steel_Surface_Defect_NEU_DET-DATASET\SteelDefectX\train_by_class\Welding line\wl_247.jpg
wl_28,Welding line,val,3311,C:\Users\anmol\OneDrive\Desktop\Steel_Surface_Defect_NEU_DET-DATASET\SteelDefectX\train_by_class\Welding line\wl_28.jpg
wl_29,Welding line,val,3318,C:\Users\anmol\OneDrive\Desktop\Steel_Surface_Defect_NEU_DET-DATASET\SteelDefectX\train_by_class\Welding line\wl_29.jpg
wl_312,Welding line,val,3335,C:\Users\anmol\OneDrive\Desktop\Steel_Surface_Defect_NEU_DET-DATASET\SteelDefectX\train_by_class\Welding line\wl_312.jpg
wl_327,Welding line,val,3347,C:\Users\anmol\OneDrive\Desktop\Steel_Surface_Defect_NEU_DET-DATASET\SteelDefectX\train_by_class\Welding line\wl_327.jpg
wl_342,Welding line,val,3360,C:\Users\anmol\OneDrive\Desktop\Steel_Surface_Defect_NEU_DET-DATASET\SteelDefectX\train_by_class\Welding line\wl_342.jpg
wl_344,Welding line,val,3362,C:\Users\anmol\OneDrive\Desktop\Steel_Surface_Defect_NEU_DET-DATASET\SteelDefectX\train_by_class\Welding line\wl_344.jpg
wl_354,Welding line,val,3370,C:\Users\anmol\OneDrive\Desktop\Steel_Surface_Defect_NEU_DET-DATASET\SteelDefectX\train_by_class\Welding line\wl_354.jpg
wl_391,Welding line,val,3393,C:\Users\anmol\OneDrive\Desktop\Steel_Surface_Defect_NEU_DET-DATASET\SteelDefectX\train_by_class\Welding line\wl_391.jpg
wl_399,Welding line,val,3400,C:\Users\anmol\OneDrive\Desktop\Steel_Surface_Defect_NEU_DET-DATASET\SteelDefectX\train_by_class\Welding line\wl_399.jpg
wl_400,Welding line,val,3401,C:\Users\anmol\OneDrive\Desktop\Steel_Surface_Defect_NEU_DET-DATASET\SteelDefectX\train_by_class\Welding line\wl_400.jpg
wl_434,Welding line,val,3427,C:\Users\anmol\OneDrive\Desktop\Steel_Surface_Defect_NEU_DET-DATASET\SteelDefectX\train_by_class\Welding line\wl_434.jpg
wl_489,Welding line,val,3471,C:\Users\anmol\OneDrive\Desktop\Steel_Surface_Defect_NEU_DET-DATASET\SteelDefectX\train_by_class\Welding line\wl_489.jpg
wl_496,Welding line,val,3476,C:\Users\anmol\OneDrive\Desktop\Steel_Surface_Defect_NEU_DET-DATASET\SteelDefectX\train_by_class\Welding line\wl_496.jpg
wl_61,Welding line,val,3482,C:\Users\anmol\OneDrive\Desktop\Steel_Surface_Defect_NEU_DET-DATASET\SteelDefectX\train_by_class\Welding line\wl_61.jpg
wl_68,Welding line,val,3486,C:\Users\anmol\OneDrive\Desktop\Steel_Surface_Defect_NEU_DET-DATASET\SteelDefectX\train_by_class\Welding line\wl_68.jpg
wl_75,Welding line,val,3489,C:\Users\anmol\OneDrive\Desktop\Steel_Surface_Defect_NEU_DET-DATASET\SteelDefectX\train_by_class\Welding line\wl_75.jpg
wl_86,Welding line,val,3498,C:\Users\anmol\OneDrive\Desktop\Steel_Surface_Defect_NEU_DET-DATASET\SteelDefectX\train_by_class\Welding line\wl_86.jpg
wl_87,Welding line,val,3499,C:\Users\anmol\OneDrive\Desktop\Steel_Surface_Defect_NEU_DET-DATASET\SteelDefectX\train_by_class\Welding line\wl_87.jpg
