stem,class,split,group,path
crazing_103,crazing,test,5,C:\Users\anmol\OneDrive\Desktop\Steel_Surface_Defect_NEU_DET-DATASET\NEU-DET\IMAGES\crazing\crazing_103.jpg
crazing_110,crazing,test,13,C:\Users\anmol\OneDrive\Desktop\Steel_Surface_Defect_NEU_DET-DATASET\NEU-DET\IMAGES\crazing\crazing_110.jpg
crazing_111,crazing,test,14,C:\Users\anmol\OneDrive\Desktop\Steel_Surface_Defect_NEU_DET-DATASET\NEU-DET\IMAGES\crazing\crazing_111.jpg
crazing_126,crazing,test,30,C:\Users\anmol\OneDrive\Desktop\Steel_Surface_Defect_NEU_DET-DATASET\NEU-DET\IMAGES\crazing\crazing_126.jpg
crazing_128,crazing,test,32,C:\Users\anmol\OneDrive\Desktop\Steel_Surface_Defect_NEU_DET-DATASET\NEU-DET\IMAGES\crazing\crazing_128.jpg
crazing_134,crazing,test,39,C:\Users\anmol\OneDrive\Desktop\Steel_Surface_Defect_NEU_DET-DATASET\NEU-DET\IMAGES\crazing\crazing_134.jpg
crazing_139,crazing,test,44,C:\Users\anmol\OneDrive\Desktop\Steel_Surface_Defect_NEU_DET-DATASET\NEU-DET\IMAGES\crazing\crazing_139.jpg
crazing_140,crazing,test,46,C:\Users\anmol\OneDrive\Desktop\Steel_Surface_Defect_NEU_DET-DATASET\NEU-DET\IMAGES\crazing\crazing_140.jpg
crazing_141,crazing,test,47,C:\Users\anmol\OneDrive\Desktop\Steel_Surface_Defect_NEU_DET-DATASET\NEU-DET\IMAGES\crazing\crazing_141.jpg
crazing_156,crazing,test,63,C:\Users\anmol\OneDrive\Desktop\Steel_Surface_Defect_NEU_DET-DATASET\NEU-DET\IMAGES\crazing\crazing_156.jpg
crazing_158,crazing,test,65,C:\Users\anmol\OneDrive\Desktop\Steel_Surface_Defect_NEU_DET-DATASET\NEU-DET\IMAGES\crazing\crazing_158.jpg
crazing_162,crazing,test,70,C:\Users\anmol\OneDrive\Desktop\Steel_Surface_Defect_NEU_DET-DATASET\NEU-DET\IMAGES\crazing\crazing_162.jpg
crazing_167,crazing,test,75,C:\Users\anmol\OneDrive\Desktop\Steel_Surface_Defect_NEU_DET-DATASET\NEU-DET\IMAGES\crazing\crazing_167.jpg
crazing_170,crazing,test,79,C:\Users\anmol\OneDrive\Desktop\Steel_Surface_Defect_NEU_DET-DATASET\NEU-DET\IMAGES\crazing\crazing_170.jpg
crazing_176,crazing,test,85,C:\Users\anmol\OneDrive\Desktop\Steel_Surface_Defect_NEU_DET-DATASET\NEU-DET\IMAGES\crazing\crazing_176.jpg
crazing_178,crazing,test,87,C:\Users\anmol\OneDrive\Desktop\Steel_Surface_Defect_NEU_DET-DATASET\NEU-DET\IMAGES\crazing\crazing_178.jpg
crazing_18,crazing,test,89,C:\Users\anmol\OneDrive\Desktop\Steel_Surface_Defect_NEU_DET-DATASET\NEU-DET\IMAGES\crazing\crazing_18.jpg
crazing_183,crazing,test,93,C:\Users\anmol\OneDrive\Desktop\Steel_Surface_Defect_NEU_DET-DATASET\NEU-DET\IMAGES\crazing\crazing_183.jpg
crazing_187,crazing,test,97,C:\Users\anmol\OneDrive\Desktop\Steel_Surface_Defect_NEU_DET-DATASET\NEU-DET\IMAGES\crazing\crazing_187.jpg
crazing_188,crazing,test,98,C:\Users\anmol\OneDrive\Desktop\Steel_Surface_Defect_NEU_DET-DATASET\NEU-DET\IMAGES\crazing\crazing_188.jpg
crazing_204,crazing,test,117,C:\Users\anmol\OneDrive\Desktop\Steel_Surface_Defect_NEU_DET-DATASET\NEU-DET\IMAGES\crazing\crazing_204.jpg
crazing_208,crazing,test,121,C:\Users\anmol\OneDrive\Desktop\Steel_Surface_Defect_NEU_DET-DATASET\NEU-DET\IMAGES\crazing\crazing_208.jpg
crazing_210,crazing,test,124,C:\Users\anmol\OneDrive\Desktop\Steel_Surface_Defect_NEU_DET-DATASET\NEU-DET\IMAGES\crazing\crazing_210.jpg
crazing_22,crazing,test,134,C:\Users\anmol\OneDrive\Desktop\Steel_Surface_Defect_NEU_DET-DATASET\NEU-DET\IMAGES\crazing\crazing_22.jpg
crazing_220,crazing,test,135,C:\Users\anmol\OneDrive\Desktop\Steel_Surface_Defect_NEU_DET-DATASET\NEU-DET\IMAGES\crazing\crazing_220.jpg
crazing_222,crazing,test,137,C:\Users\anmol\OneDrive\Desktop\Steel_Surface_Defect_NEU_DET-DATASET\NEU-DET\IMAGES\crazing\crazing_222.jpg
crazing_231,crazing,test,147,C:\Users\anmol\OneDrive\Desktop\Steel_Surface_Defect_NEU_DET-DATASET\NEU-DET\IMAGES\crazing\crazing_231.jpg
crazing_236,crazing,test,152,C:\Users\anmol\OneDrive\Desktop\Steel_Surface_Defect_NEU_DET-DATASET\NEU-DET\IMAGES\crazing\crazing_236.jpg
crazing_243,crazing,test,160,C:\Users\anmol\OneDrive\Desktop\Steel_Surface_Defect_NEU_DET-DATASET\NEU-DET\IMAGES\crazing\crazing_243.jpg
crazing_244,crazing,test,161,C:\Users\anmol\OneDrive\Desktop\Steel_Surface_Defect_NEU_DET-DATASET\NEU-DET\IMAGES\crazing\crazing_244.jpg
crazing_245,crazing,test,162,C:\Users\anmol\OneDrive\Desktop\Steel_Surface_Defect_NEU_DET-DATASET\NEU-DET\IMAGES\crazing\crazing_245.jpg
crazing_25,crazing,test,167,C:\Users\anmol\OneDrive\Desktop\Steel_Surface_Defect_NEU_DET-DATASET\NEU-DET\IMAGES\crazing\crazing_25.jpg
crazing_252,crazing,test,170,C:\Users\anmol\OneDrive\Desktop\Steel_Surface_Defect_NEU_DET-DATASET\NEU-DET\IMAGES\crazing\crazing_252.jpg
crazing_26,crazing,test,178,C:\Users\anmol\OneDrive\Desktop\Steel_Surface_Defect_NEU_DET-DATASET\NEU-DET\IMAGES\crazing\crazing_26.jpg
crazing_260,crazing,test,179,C:\Users\anmol\OneDrive\Desktop\Steel_Surface_Defect_NEU_DET-DATASET\NEU-DET\IMAGES\crazing\crazing_260.jpg
crazing_263,crazing,test,182,C:\Users\anmol\OneDrive\Desktop\Steel_Surface_Defect_NEU_DET-DATASET\NEU-DET\IMAGES\crazing\crazing_263.jpg
crazing_267,crazing,test,186,C:\Users\anmol\OneDrive\Desktop\Steel_Surface_Defect_NEU_DET-DATASET\NEU-DET\IMAGES\crazing\crazing_267.jpg
crazing_27,crazing,test,189,C:\Users\anmol\OneDrive\Desktop\Steel_Surface_Defect_NEU_DET-DATASET\NEU-DET\IMAGES\crazing\crazing_27.jpg
crazing_272,crazing,test,192,C:\Users\anmol\OneDrive\Desktop\Steel_Surface_Defect_NEU_DET-DATASET\NEU-DET\IMAGES\crazing\crazing_272.jpg
crazing_276,crazing,test,196,C:\Users\anmol\OneDrive\Desktop\Steel_Surface_Defect_NEU_DET-DATASET\NEU-DET\IMAGES\crazing\crazing_276.jpg
crazing_28,crazing,test,200,C:\Users\anmol\OneDrive\Desktop\Steel_Surface_Defect_NEU_DET-DATASET\NEU-DET\IMAGES\crazing\crazing_28.jpg
crazing_287,crazing,test,208,C:\Users\anmol\OneDrive\Desktop\Steel_Surface_Defect_NEU_DET-DATASET\NEU-DET\IMAGES\crazing\crazing_287.jpg
crazing_291,crazing,test,213,C:\Users\anmol\OneDrive\Desktop\Steel_Surface_Defect_NEU_DET-DATASET\NEU-DET\IMAGES\crazing\crazing_291.jpg
crazing_294,crazing,test,216,C:\Users\anmol\OneDrive\Desktop\Steel_Surface_Defect_NEU_DET-DATASET\NEU-DET\IMAGES\crazing\crazing_294.jpg
crazing_297,crazing,test,219,C:\Users\anmol\OneDrive\Desktop\Steel_Surface_Defect_NEU_DET-DATASET\NEU-DET\IMAGES\crazing\crazing_297.jpg
crazing_298,crazing,test,220,C:\Users\anmol\OneDrive\Desktop\Steel_Surface_Defect_NEU_DET-DATASET\NEU-DET\IMAGES\crazing\crazing_298.jpg
crazing_35,crazing,test,229,C:\Users\anmol\OneDrive\Desktop\Steel_Surface_Defect_NEU_DET-DATASET\NEU-DET\IMAGES\crazing\crazing_35.jpg
crazing_37,crazing,test,231,C:\Users\anmol\OneDrive\Desktop\Steel_Surface_Defect_NEU_DET-DATASET\NEU-DET\IMAGES\crazing\crazing_37.jpg
crazing_49,crazing,test,244,C:\Users\anmol\OneDrive\Desktop\Steel_Surface_Defect_NEU_DET-DATASET\NEU-DET\IMAGES\crazing\crazing_49.jpg
crazing_51,crazing,test,247,C:\Users\anmol\OneDrive\Desktop\Steel_Surface_Defect_NEU_DET-DATASET\NEU-DET\IMAGES\crazing\crazing_51.jpg
crazing_53,crazing,test,249,C:\Users\anmol\OneDrive\Desktop\Steel_Surface_Defect_NEU_DET-DATASET\NEU-DET\IMAGES\crazing\crazing_53.jpg
crazing_57,crazing,test,253,C:\Users\anmol\OneDrive\Desktop\Steel_Surface_Defect_NEU_DET-DATASET\NEU-DET\IMAGES\crazing\crazing_57.jpg
crazing_62,crazing,test,259,C:\Users\anmol\OneDrive\Desktop\Steel_Surface_Defect_NEU_DET-DATASET\NEU-DET\IMAGES\crazing\crazing_62.jpg
crazing_66,crazing,test,263,C:\Users\anmol\OneDrive\Desktop\Steel_Surface_Defect_NEU_DET-DATASET\NEU-DET\IMAGES\crazing\crazing_66.jpg
crazing_7,crazing,test,267,C:\Users\anmol\OneDrive\Desktop\Steel_Surface_Defect_NEU_DET-DATASET\NEU-DET\IMAGES\crazing\crazing_7.jpg
crazing_83,crazing,test,282,C:\Users\anmol\OneDrive\Desktop\Steel_Surface_Defect_NEU_DET-DATASET\NEU-DET\IMAGES\crazing\crazing_83.jpg
crazing_90,crazing,test,290,C:\Users\anmol\OneDrive\Desktop\Steel_Surface_Defect_NEU_DET-DATASET\NEU-DET\IMAGES\crazing\crazing_90.jpg
crazing_92,crazing,test,292,C:\Users\anmol\OneDrive\Desktop\Steel_Surface_Defect_NEU_DET-DATASET\NEU-DET\IMAGES\crazing\crazing_92.jpg
crazing_93,crazing,test,293,C:\Users\anmol\OneDrive\Desktop\Steel_Surface_Defect_NEU_DET-DATASET\NEU-DET\IMAGES\crazing\crazing_93.jpg
crazing_96,crazing,test,296,C:\Users\anmol\OneDrive\Desktop\Steel_Surface_Defect_NEU_DET-DATASET\NEU-DET\IMAGES\crazing\crazing_96.jpg
crazing_1,crazing,train,0,C:\Users\anmol\OneDrive\Desktop\Steel_Surface_Defect_NEU_DET-DATASET\NEU-DET\IMAGES\crazing\crazing_1.jpg
crazing_100,crazing,train,2,C:\Users\anmol\OneDrive\Desktop\Steel_Surface_Defect_NEU_DET-DATASET\NEU-DET\IMAGES\crazing\crazing_100.jpg
crazing_101,crazing,train,3,C:\Users\anmol\OneDrive\Desktop\Steel_Surface_Defect_NEU_DET-DATASET\NEU-DET\IMAGES\crazing\crazing_101.jpg
crazing_102,crazing,train,4,C:\Users\anmol\OneDrive\Desktop\Steel_Surface_Defect_NEU_DET-DATASET\NEU-DET\IMAGES\crazing\crazing_102.jpg
crazing_104,crazing,train,6,C:\Users\anmol\OneDrive\Desktop\Steel_Surface_Defect_NEU_DET-DATASET\NEU-DET\IMAGES\crazing\crazing_104.jpg
crazing_105,crazing,train,7,C:\Users\anmol\OneDrive\Desktop\Steel_Surface_Defect_NEU_DET-DATASET\NEU-DET\IMAGES\crazing\crazing_105.jpg
crazing_106,crazing,train,8,C:\Users\anmol\OneDrive\Desktop\Steel_Surface_Defect_NEU_DET-DATASET\NEU-DET\IMAGES\crazing\crazing_106.jpg
crazing_107,crazing,train,9,C:\Users\anmol\OneDrive\Desktop\Steel_Surface_Defect_NEU_DET-DATASET\NEU-DET\IMAGES\crazing\crazing_107.jpg
crazing_108,crazing,train,10,C:\Users\anmol\OneDrive\Desktop\Steel_Surface_Defect_NEU_DET-DATASET\NEU-DET\IMAGES\crazing\crazing_108.jpg
crazing_109,crazing,train,11,C:\Users\anmol\OneDrive\Desktop\Steel_Surface_Defect_NEU_DET-DATASET\NEU-DET\IMAGES\crazing\crazing_109.jpg
crazing_11,crazing,train,12,C:\Users\anmol\OneDrive\Desktop\Steel_Surface_Defect_NEU_DET-DATASET\NEU-DET\IMAGES\crazing\crazing_11.jpg
crazing_113,crazing,train,16,C:\Users\anmol\OneDrive\Desktop\Steel_Surface_Defect_NEU_DET-DATASET\NEU-DET\IMAGES\crazing\crazing_113.jpg
crazing_115,crazing,train,18,C:\Users\anmol\OneDrive\Desktop\Steel_Surface_Defect_NEU_DET-DATASET\NEU-DET\IMAGES\crazing\crazing_115.jpg
crazing_116,crazing,train,19,C:\Users\anmol\OneDrive\Desktop\Steel_Surface_Defect_NEU_DET-DATASET\NEU-DET\IMAGES\crazing\crazing_116.jpg
crazing_117,crazing,train,20,C:\Users\anmol\OneDrive\Desktop\Steel_Surface_Defect_NEU_DET-DATASET\NEU-DET\IMAGES\crazing\crazing_117.jpg
crazing_118,crazing,train,21,C:\Users\anmol\OneDrive\Desktop\Steel_Surface_Defect_NEU_DET-DATASET\NEU-DET\IMAGES\crazing\crazing_118.jpg
crazing_119,crazing,train,22,C:\Users\anmol\OneDrive\Desktop\Steel_Surface_Defect_NEU_DET-DATASET\NEU-DET\IMAGES\crazing\crazing_119.jpg
crazing_12,crazing,train,23,C:\Users\anmol\OneDrive\Desktop\Steel_Surface_Defect_NEU_DET-DATASET\NEU-DET\IMAGES\crazing\crazing_12.jpg
crazing_120,crazing,train,24,C:\Users\anmol\OneDrive\Desktop\Steel_Surface_Defect_NEU_DET-DATASET\NEU-DET\IMAGES\crazing\crazing_120.jpg
crazing_121,crazing,train,25,C:\Users\anmol\OneDrive\Desktop\Steel_Surface_Defect_NEU_DET-DATASET\NEU-DET\IMAGES\crazing\crazing_121.jpg
crazing_122,crazing,train,26,C:\Users\anmol\OneDrive\Desktop\Steel_Surface_Defect_NEU_DET-DATASET\NEU-DET\IMAGES\crazing\crazing_122.jpg
crazing_123,crazing,train,27,C:\Users\anmol\OneDrive\Desktop\Steel_Surface_Defect_NEU_DET-DATASET\NEU-DET\IMAGES\crazing\crazing_123.jpg
crazing_125,crazing,train,29,C:\Users\anmol\OneDrive\Desktop\Steel_Surface_Defect_NEU_DET-DATASET\NEU-DET\IMAGES\crazing\crazing_125.jpg
crazing_129,crazing,train,33,C:\Users\anmol\OneDrive\Desktop\Steel_Surface_Defect_NEU_DET-DATASET\NEU-DET\IMAGES\crazing\crazing_129.jpg
crazing_13,crazing,train,34,C:\Users\anmol\OneDrive\Desktop\Steel_Surface_Defect_NEU_DET-DATASET\NEU-DET\IMAGES\crazing\crazing_13.jpg
crazing_130,crazing,train,35,C:\Users\anmol\OneDrive\Desktop\Steel_Surface_Defect_NEU_DET-DATASET\NEU-DET\IMAGES\crazing\crazing_130.jpg
crazing_131,crazing,train,36,C:\Users\anmol\OneDrive\Desktop\Steel_Surface_Defect_NEU_DET-DATASET\NEU-DET\IMAGES\crazing\crazing_131.jpg
crazing_132,crazing,train,37,C:\Users\anmol\OneDrive\Desktop\Steel_Surface_Defect_NEU_DET-DATASET\NEU-DET\IMAGES\crazing\crazing_132.jpg
crazing_133,crazing,train,38,C:\Users\anmol\OneDrive\Desktop\Steel_Surface_Defect_NEU_DET-DATASET\NEU-DET\IMAGES\crazing\crazing_133.jpg
crazing_135,crazing,train,40,C:\Users\anmol\OneDrive\Desktop\Steel_Surface_Defect_NEU_DET-DATASET\NEU-DET\IMAGES\crazing\crazing_135.jpg
crazing_136,crazing,train,41,C:\Users\anmol\OneDrive\Desktop\Steel_Surface_Defect_NEU_DET-DATASET\NEU-DET\IMAGES\crazing\crazing_136.jpg
crazing_138,crazing,train,43,C:\Users\anmol\OneDrive\Desktop\Steel_Surface_Defect_NEU_DET-DATASET\NEU-DET\IMAGES\crazing\crazing_138.jpg
crazing_14,crazing,train,45,C:\Users\anmol\OneDrive\Desktop\Steel_Surface_Defect_NEU_DET-DATASET\NEU-DET\IMAGES\crazing\crazing_14.jpg
crazing_142,crazing,train,48,C:\Users\anmol\OneDrive\Desktop\Steel_Surface_Defect_NEU_DET-DATASET\NEU-DET\IMAGES\crazing\crazing_142.jpg
crazing_143,crazing,train,49,C:\Users\anmol\OneDrive\Desktop\Steel_Surface_Defect_NEU_DET-DATASET\NEU-DET\IMAGES\crazing\crazing_143.jpg
crazing_144,crazing,train,50,C:\Users\anmol\OneDrive\Desktop\Steel_Surface_Defect_NEU_DET-DATASET\NEU-DET\IMAGES\crazing\crazing_144.jpg
crazing_145,crazing,train,51,C:\Users\anmol\OneDrive\Desktop\Steel_Surface_Defect_NEU_DET-DATASET\NEU-DET\IMAGES\crazing\crazing_145.jpg
crazing_146,crazing,train,52,C:\Users\anmol\OneDrive\Desktop\Steel_Surface_Defect_NEU_DET-DATASET\NEU-DET\IMAGES\crazing\crazing_146.jpg
crazing_147,crazing,train,53,C:\Users\anmol\OneDrive\Desktop\Steel_Surface_Defect_NEU_DET-DATASET\NEU-DET\IMAGES\crazing\crazing_147.jpg
crazing_148,crazing,train,54,C:\Users\anmol\OneDrive\Desktop\Steel_Surface_Defect_NEU_DET-DATASET\NEU-DET\IMAGES\crazing\crazing_148.jpg
crazing_149,crazing,train,55,C:\Users\anmol\OneDrive\Desktop\Steel_Surface_Defect_NEU_DET-DATASET\NEU-DET\IMAGES\crazing\crazing_149.jpg
crazing_15,crazing,train,56,C:\Users\anmol\OneDrive\Desktop\Steel_Surface_Defect_NEU_DET-DATASET\NEU-DET\IMAGES\crazing\crazing_15.jpg
crazing_150,crazing,train,57,C:\Users\anmol\OneDrive\Desktop\Steel_Surface_Defect_NEU_DET-DATASET\NEU-DET\IMAGES\crazing\crazing_150.jpg
crazing_151,crazing,train,58,C:\Users\anmol\OneDrive\Desktop\Steel_Surface_Defect_NEU_DET-DATASET\NEU-DET\IMAGES\crazing\crazing_151.jpg
crazing_154,crazing,train,61,C:\Users\anmol\OneDrive\Desktop\Steel_Surface_Defect_NEU_DET-DATASET\NEU-DET\IMAGES\crazing\crazing_154.jpg
crazing_155,crazing,train,62,C:\Users\anmol\OneDrive\Desktop\Steel_Surface_Defect_NEU_DET-DATASET\NEU-DET\IMAGES\crazing\crazing_155.jpg
crazing_157,crazing,train,64,C:\Users\anmol\OneDrive\Desktop\Steel_Surface_Defect_NEU_DET-DATASET\NEU-DET\IMAGES\crazing\crazing_157.jpg
crazing_159,crazing,train,66,C:\Users\anmol\OneDrive\Desktop\Steel_Surface_Defect_NEU_DET-DATASET\NEU-DET\IMAGES\crazing\crazing_159.jpg
crazing_16,crazing,train,67,C:\Users\anmol\OneDrive\Desktop\Steel_Surface_Defect_NEU_DET-DATASET\NEU-DET\IMAGES\crazing\crazing_16.jpg
crazing_160,crazing,train,68,C:\Users\anmol\OneDrive\Desktop\Steel_Surface_Defect_NEU_DET-DATASET\NEU-DET\IMAGES\crazing\crazing_160.jpg
crazing_161,crazing,train,69,C:\Users\anmol\OneDrive\Desktop\Steel_Surface_Defect_NEU_DET-DATASET\NEU-DET\IMAGES\crazing\crazing_161.jpg
crazing_163,crazing,train,71,C:\Users\anmol\OneDrive\Desktop\Steel_Surface_Defect_NEU_DET-DATASET\NEU-DET\IMAGES\crazing\crazing_163.jpg
crazing_164,crazing,train,72,C:\Users\anmol\OneDrive\Desktop\Steel_Surface_Defect_NEU_DET-DATASET\NEU-DET\IMAGES\crazing\crazing_164.jpg
crazing_165,crazing,train,73,C:\Users\anmol\OneDrive\Desktop\Steel_Surface_Defect_NEU_DET-DATASET\NEU-DET\IMAGES\crazing\crazing_165.jpg
crazing_168,crazing,train,76,C:\Users\anmol\OneDrive\Desktop\Steel_Surface_Defect_NEU_DET-DATASET\NEU-DET\IMAGES\crazing\crazing_168.jpg
crazing_169,crazing,train,77,C:\Users\anmol\OneDrive\Desktop\Steel_Surface_Defect_NEU_DET-DATASET\NEU-DET\IMAGES\crazing\crazing_169.jpg
crazing_17,crazing,train,78,C:\Users\anmol\OneDrive\Desktop\Steel_Surface_Defect_NEU_DET-DATASET\NEU-DET\IMAGES\crazing\crazing_17.jpg
crazing_171,crazing,train,80,C:\Users\anmol\OneDrive\Desktop\Steel_Surface_Defect_NEU_DET-DATASET\NEU-DET\IMAGES\crazing\crazing_171.jpg
crazing_172,crazing,train,81,C:\Users\anmol\OneDrive\Desktop\Steel_Surface_Defect_NEU_DET-DATASET\NEU-DET\IMAGES\crazing\crazing_172.jpg
crazing_174,crazing,train,83,C:\Users\anmol\OneDrive\Desktop\Steel_Surface_Defect_NEU_DET-DATASET\NEU-DET\IMAGES\crazing\crazing_174.jpg
crazing_175,crazing,train,84,C:\Users\anmol\OneDrive\Desktop\Steel_Surface_Defect_NEU_DET-DATASET\NEU-DET\IMAGES\crazing\crazing_175.jpg
crazing_177,crazing,train,86,C:\Users\anmol\OneDrive\Desktop\Steel_Surface_Defect_NEU_DET-DATASET\NEU-DET\IMAGES\crazing\crazing_177.jpg
crazing_179,crazing,train,88,C:\Users\anmol\OneDrive\Desktop\Steel_Surface_Defect_NEU_DET-DATASET\NEU-DET\IMAGES\crazing\crazing_179.jpg
crazing_180,crazing,train,90,C:\Users\anmol\OneDrive\Desktop\Steel_Surface_Defect_NEU_DET-DATASET\NEU-DET\IMAGES\crazing\crazing_180.jpg
crazing_181,crazing,train,91,C:\Users\anmol\OneDrive\Desktop\Steel_Surface_Defect_NEU_DET-DATASET\NEU-DET\IMAGES\crazing\crazing_181.jpg
crazing_184,crazing,train,94,C:\Users\anmol\OneDrive\Desktop\Steel_Surface_Defect_NEU_DET-DATASET\NEU-DET\IMAGES\crazing\crazing_184.jpg
crazing_185,crazing,train,95,C:\Users\anmol\OneDrive\Desktop\Steel_Surface_Defect_NEU_DET-DATASET\NEU-DET\IMAGES\crazing\crazing_185.jpg
crazing_186,crazing,train,96,C:\Users\anmol\OneDrive\Desktop\Steel_Surface_Defect_NEU_DET-DATASET\NEU-DET\IMAGES\crazing\crazing_186.jpg
crazing_189,crazing,train,99,C:\Users\anmol\OneDrive\Desktop\Steel_Surface_Defect_NEU_DET-DATASET\NEU-DET\IMAGES\crazing\crazing_189.jpg
crazing_19,crazing,train,100,C:\Users\anmol\OneDrive\Desktop\Steel_Surface_Defect_NEU_DET-DATASET\NEU-DET\IMAGES\crazing\crazing_19.jpg
crazing_190,crazing,train,101,C:\Users\anmol\OneDrive\Desktop\Steel_Surface_Defect_NEU_DET-DATASET\NEU-DET\IMAGES\crazing\crazing_190.jpg
crazing_193,crazing,train,104,C:\Users\anmol\OneDrive\Desktop\Steel_Surface_Defect_NEU_DET-DATASET\NEU-DET\IMAGES\crazing\crazing_193.jpg
crazing_195,crazing,train,106,C:\Users\anmol\OneDrive\Desktop\Steel_Surface_Defect_NEU_DET-DATASET\NEU-DET\IMAGES\crazing\crazing_195.jpg
crazing_196,crazing,train,107,C:\Users\anmol\OneDrive\Desktop\Steel_Surface_Defect_NEU_DET-DATASET\NEU-DET\IMAGES\crazing\crazing_196.jpg
crazing_197,crazing,train,108,C:\Users\anmol\OneDrive\Desktop\Steel_Surface_Defect_NEU_DET-DATASET\NEU-DET\IMAGES\crazing\crazing_197.jpg
crazing_198,crazing,train,109,C:\Users\anmol\OneDrive\Desktop\Steel_Surface_Defect_NEU_DET-DATASET\NEU-DET\IMAGES\crazing\crazing_198.jpg
crazing_199,crazing,train,110,C:\Users\anmol\OneDrive\Desktop\Steel_Surface_Defect_NEU_DET-DATASET\NEU-DET\IMAGES\crazing\crazing_199.jpg
crazing_2,crazing,train,111,C:\Users\anmol\OneDrive\Desktop\Steel_Surface_Defect_NEU_DET-DATASET\NEU-DET\IMAGES\crazing\crazing_2.jpg
crazing_20,crazing,train,112,C:\Users\anmol\OneDrive\Desktop\Steel_Surface_Defect_NEU_DET-DATASET\NEU-DET\IMAGES\crazing\crazing_20.jpg
crazing_200,crazing,train,113,C:\Users\anmol\OneDrive\Desktop\Steel_Surface_Defect_NEU_DET-DATASET\NEU-DET\IMAGES\crazing\crazing_200.jpg
crazing_201,crazing,train,114,C:\Users\anmol\OneDrive\Desktop\Steel_Surface_Defect_NEU_DET-DATASET\NEU-DET\IMAGES\crazing\crazing_201.jpg
crazing_202,crazing,train,115,C:\Users\anmol\OneDrive\Desktop\Steel_Surface_Defect_NEU_DET-DATASET\NEU-DET\IMAGES\crazing\crazing_202.jpg
crazing_203,crazing,train,116,C:\Users\anmol\OneDrive\Desktop\Steel_Surface_Defect_NEU_DET-DATASET\NEU-DET\IMAGES\crazing\crazing_203.jpg
crazing_206,crazing,train,119,C:\Users\anmol\OneDrive\Desktop\Steel_Surface_Defect_NEU_DET-DATASET\NEU-DET\IMAGES\crazing\crazing_206.jpg
crazing_207,crazing,train,120,C:\Users\anmol\OneDrive\Desktop\Steel_Surface_Defect_NEU_DET-DATASET\NEU-DET\IMAGES\crazing\crazing_207.jpg
crazing_209,crazing,train,122,C:\Users\anmol\OneDrive\Desktop\Steel_Surface_Defect_NEU_DET-DATASET\NEU-DET\IMAGES\crazing\crazing_209.jpg
crazing_21,crazing,train,123,C:\Users\anmol\OneDrive\Desktop\Steel_Surface_Defect_NEU_DET-DATASET\NEU-DET\IMAGES\crazing\crazing_21.jpg
crazing_211,crazing,train,125,C:\Users\anmol\OneDrive\Desktop\Steel_Surface_Defect_NEU_DET-DATASET\NEU-DET\IMAGES\crazing\crazing_211.jpg
crazing_212,crazing,train,126,C:\Users\anmol\OneDrive\Desktop\Steel_Surface_Defect_NEU_DET-DATASET\NEU-DET\IMAGES\crazing\crazing_212.jpg
crazing_213,crazing,train,127,C:\Users\anmol\OneDrive\Desktop\Steel_Surface_Defect_NEU_DET-DATASET\NEU-DET\IMAGES\crazing\crazing_213.jpg
crazing_214,crazing,train,128,C:\Users\anmol\OneDrive\Desktop\Steel_Surface_Defect_NEU_DET-DATASET\NEU-DET\IMAGES\crazing\crazing_214.jpg
crazing_215,crazing,train,129,C:\Users\anmol\OneDrive\Desktop\Steel_Surface_Defect_NEU_DET-DATASET\NEU-DET\IMAGES\crazing\crazing_215.jpg
crazing_216,crazing,train,130,C:\Users\anmol\OneDrive\Desktop\Steel_Surface_Defect_NEU_DET-DATASET\NEU-DET\IMAGES\crazing\crazing_216.jpg
crazing_217,crazing,train,131,C:\Users\anmol\OneDrive\Desktop\Steel_Surface_Defect_NEU_DET-DATASET\NEU-DET\IMAGES\crazing\crazing_217.jpg
crazing_218,crazing,train,132,C:\Users\anmol\OneDrive\Desktop\Steel_Surface_Defect_NEU_DET-DATASET\NEU-DET\IMAGES\crazing\crazing_218.jpg
crazing_219,crazing,train,133,C:\Users\anmol\OneDrive\Desktop\Steel_Surface_Defect_NEU_DET-DATASET\NEU-DET\IMAGES\crazing\crazing_219.jpg
crazing_221,crazing,train,136,C:\Users\anmol\OneDrive\Desktop\Steel_Surface_Defect_NEU_DET-DATASET\NEU-DET\IMAGES\crazing\crazing_221.jpg
crazing_223,crazing,train,138,C:\Users\anmol\OneDrive\Desktop\Steel_Surface_Defect_NEU_DET-DATASET\NEU-DET\IMAGES\crazing\crazing_223.jpg
crazing_224,crazing,train,139,C:\Users\anmol\OneDrive\Desktop\Steel_Surface_Defect_NEU_DET-DATASET\NEU-DET\IMAGES\crazing\crazing_224.jpg
crazing_225,crazing,train,140,C:\Users\anmol\OneDrive\Desktop\Steel_Surface_Defect_NEU_DET-DATASET\NEU-DET\IMAGES\crazing\crazing_225.jpg
crazing_226,crazing,train,141,C:\Users\anmol\OneDrive\Desktop\Steel_Surface_Defect_NEU_DET-DATASET\NEU-DET\IMAGES\crazing\crazing_226.jpg
crazing_227,crazing,train,142,C:\Users\anmol\OneDrive\Desktop\Steel_Surface_Defect_NEU_DET-DATASET\NEU-DET\IMAGES\crazing\crazing_227.jpg
crazing_228,crazing,train,143,C:\Users\anmol\OneDrive\Desktop\Steel_Surface_Defect_NEU_DET-DATASET\NEU-DET\IMAGES\crazing\crazing_228.jpg
crazing_229,crazing,train,144,C:\Users\anmol\OneDrive\Desktop\Steel_Surface_Defect_NEU_DET-DATASET\NEU-DET\IMAGES\crazing\crazing_229.jpg
crazing_230,crazing,train,146,C:\Users\anmol\OneDrive\Desktop\Steel_Surface_Defect_NEU_DET-DATASET\NEU-DET\IMAGES\crazing\crazing_230.jpg
crazing_232,crazing,train,148,C:\Users\anmol\OneDrive\Desktop\Steel_Surface_Defect_NEU_DET-DATASET\NEU-DET\IMAGES\crazing\crazing_232.jpg
crazing_233,crazing,train,149,C:\Users\anmol\OneDrive\Desktop\Steel_Surface_Defect_NEU_DET-DATASET\NEU-DET\IMAGES\crazing\crazing_233.jpg
crazing_234,crazing,train,150,C:\Users\anmol\OneDrive\Desktop\Steel_Surface_Defect_NEU_DET-DATASET\NEU-DET\IMAGES\crazing\crazing_234.jpg
crazing_235,crazing,train,151,C:\Users\anmol\OneDrive\Desktop\Steel_Surface_Defect_NEU_DET-DATASET\NEU-DET\IMAGES\crazing\crazing_235.jpg
crazing_237,crazing,train,153,C:\Users\anmol\OneDrive\Desktop\Steel_Surface_Defect_NEU_DET-DATASET\NEU-DET\IMAGES\crazing\crazing_237.jpg
crazing_238,crazing,train,154,C:\Users\anmol\OneDrive\Desktop\Steel_Surface_Defect_NEU_DET-DATASET\NEU-DET\IMAGES\crazing\crazing_238.jpg
crazing_239,crazing,train,155,C:\Users\anmol\OneDrive\Desktop\Steel_Surface_Defect_NEU_DET-DATASET\NEU-DET\IMAGES\crazing\crazing_239.jpg
crazing_24,crazing,train,156,C:\Users\anmol\OneDrive\Desktop\Steel_Surface_Defect_NEU_DET-DATASET\NEU-DET\IMAGES\crazing\crazing_24.jpg
crazing_240,crazing,train,157,C:\Users\anmol\OneDrive\Desktop\Steel_Surface_Defect_NEU_DET-DATASET\NEU-DET\IMAGES\crazing\crazing_240.jpg
crazing_241,crazing,train,158,C:\Users\anmol\OneDrive\Desktop\Steel_Surface_Defect_NEU_DET-DATASET\NEU-DET\IMAGES\crazing\crazing_241.jpg
crazing_242,crazing,train,159,C:\Users\anmol\OneDrive\Desktop\Steel_Surface_Defect_NEU_DET-DATASET\NEU-DET\IMAGES\crazing\crazing_242.jpg
crazing_246,crazing,train,163,C:\Users\anmol\OneDrive\Desktop\Steel_Surface_Defect_NEU_DET-DATASET\NEU-DET\IMAGES\crazing\crazing_246.jpg
crazing_247,crazing,train,164,C:\Users\anmol\OneDrive\Desktop\Steel_Surface_Defect_NEU_DET-DATASET\NEU-DET\IMAGES\crazing\crazing_247.jpg
crazing_248,crazing,train,165,C:\Users\anmol\OneDrive\Desktop\Steel_Surface_Defect_NEU_DET-DATASET\NEU-DET\IMAGES\crazing\crazing_248.jpg
crazing_249,crazing,train,166,C:\Users\anmol\OneDrive\Desktop\Steel_Surface_Defect_NEU_DET-DATASET\NEU-DET\IMAGES\crazing\crazing_249.jpg
crazing_250,crazing,train,168,C:\Users\anmol\OneDrive\Desktop\Steel_Surface_Defect_NEU_DET-DATASET\NEU-DET\IMAGES\crazing\crazing_250.jpg
crazing_251,crazing,train,169,C:\Users\anmol\OneDrive\Desktop\Steel_Surface_Defect_NEU_DET-DATASET\NEU-DET\IMAGES\crazing\crazing_251.jpg
crazing_253,crazing,train,171,C:\Users\anmol\OneDrive\Desktop\Steel_Surface_Defect_NEU_DET-DATASET\NEU-DET\IMAGES\crazing\crazing_253.jpg
crazing_255,crazing,train,173,C:\Users\anmol\OneDrive\Desktop\Steel_Surface_Defect_NEU_DET-DATASET\NEU-DET\IMAGES\crazing\crazing_255.jpg
crazing_256,crazing,train,174,C:\Users\anmol\OneDrive\Desktop\Steel_Surface_Defect_NEU_DET-DATASET\NEU-DET\IMAGES\crazing\crazing_256.jpg
crazing_257,crazing,train,175,C:\Users\anmol\OneDrive\Desktop\Steel_Surface_Defect_NEU_DET-DATASET\NEU-DET\IMAGES\crazing\crazing_257.jpg
crazing_258,crazing,train,176,C:\Users\anmol\OneDrive\Desktop\Steel_Surface_Defect_NEU_DET-DATASET\NEU-DET\IMAGES\crazing\crazing_258.jpg
crazing_259,crazing,train,177,C:\Users\anmol\OneDrive\Desktop\Steel_Surface_Defect_NEU_DET-DATASET\NEU-DET\IMAGES\crazing\crazing_259.jpg
crazing_261,crazing,train,180,C:\Users\anmol\OneDrive\Desktop\Steel_Surface_Defect_NEU_DET-DATASET\NEU-DET\IMAGES\crazing\crazing_261.jpg
crazing_262,crazing,train,181,C:\Users\anmol\OneDrive\Desktop\Steel_Surface_Defect_NEU_DET-DATASET\NEU-DET\IMAGES\crazing\crazing_262.jpg
crazing_264,crazing,train,183,C:\Users\anmol\OneDrive\Desktop\Steel_Surface_Defect_NEU_DET-DATASET\NEU-DET\IMAGES\crazing\crazing_264.jpg
crazing_265,crazing,train,184,C:\Users\anmol\OneDrive\Desktop\Steel_Surface_Defect_NEU_DET-DATASET\NEU-DET\IMAGES\crazing\crazing_265.jpg
crazing_266,crazing,train,185,C:\Users\anmol\OneDrive\Desktop\Steel_Surface_Defect_NEU_DET-DATASET\NEU-DET\IMAGES\crazing\crazing_266.jpg
crazing_268,crazing,train,187,C:\Users\anmol\OneDrive\Desktop\Steel_Surface_Defect_NEU_DET-DATASET\NEU-DET\IMAGES\crazing\crazing_268.jpg
crazing_269,crazing,train,188,C:\Users\anmol\OneDrive\Desktop\Steel_Surface_Defect_NEU_DET-DATASET\NEU-DET\IMAGES\crazing\crazing_269.jpg
crazing_270,crazing,train,190,C:\Users\anmol\OneDrive\Desktop\Steel_Surface_Defect_NEU_DET-DATASET\NEU-DET\IMAGES\crazing\crazing_270.jpg
crazing_274,crazing,train,194,C:\Users\anmol\OneDrive\Desktop\Steel_Surface_Defect_NEU_DET-DATASET\NEU-DET\IMAGES\crazing\crazing_274.jpg
crazing_278,crazing,train,198,C:\Users\anmol\OneDrive\Desktop\Steel_Surface_Defect_NEU_DET-DATASET\NEU-DET\IMAGES\crazing\crazing_278.jpg
crazing_279,crazing,train,199,C:\Users\anmol\OneDrive\Desktop\Steel_Surface_Defect_NEU_DET-DATASET\NEU-DET\IMAGES\crazing\crazing_279.jpg
crazing_280,crazing,train,201,C:\Users\anmol\OneDrive\Desktop\Steel_Surface_Defect_NEU_DET-DATASET\NEU-DET\IMAGES\crazing\crazing_280.jpg
crazing_281,crazing,train,202,C:\Users\anmol\OneDrive\Desktop\Steel_Surface_Defect_NEU_DET-DATASET\NEU-DET\IMAGES\crazing\crazing_281.jpg
crazing_282,crazing,train,203,C:\Users\anmol\OneDrive\Desktop\Steel_Surface_Defect_NEU_DET-DATASET\NEU-DET\IMAGES\crazing\crazing_282.jpg
crazing_283,crazing,train,204,C:\Users\anmol\OneDrive\Desktop\Steel_Surface_Defect_NEU_DET-DATASET\NEU-DET\IMAGES\crazing\crazing_283.jpg
crazing_284,crazing,train,205,C:\Users\anmol\OneDrive\Desktop\Steel_Surface_Defect_NEU_DET-DATASET\NEU-DET\IMAGES\crazing\crazing_284.jpg
crazing_286,crazing,train,207,C:\Users\anmol\OneDrive\Desktop\Steel_Surface_Defect_NEU_DET-DATASET\NEU-DET\IMAGES\crazing\crazing_286.jpg
crazing_288,crazing,train,209,C:\Users\anmol\OneDrive\Desktop\Steel_Surface_Defect_NEU_DET-DATASET\NEU-DET\IMAGES\crazing\crazing_288.jpg
crazing_289,crazing,train,210,C:\Users\anmol\OneDrive\Desktop\Steel_Surface_Defect_NEU_DET-DATASET\NEU-DET\IMAGES\crazing\crazing_289.jpg
crazing_29,crazing,train,211,C:\Users\anmol\OneDrive\Desktop\Steel_Surface_Defect_NEU_DET-DATASET\NEU-DET\IMAGES\crazing\crazing_29.jpg
crazing_290,crazing,train,212,C:\Users\anmol\OneDrive\Desktop\Steel_Surface_Defect_NEU_DET-DATASET\NEU-DET\IMAGES\crazing\crazing_290.jpg
crazing_292,crazing,train,214,C:\Users\anmol\OneDrive\Desktop\Steel_Surface_Defect_NEU_DET-DATASET\NEU-DET\IMAGES\crazing\crazing_292.jpg
crazing_293,crazing,train,215,C:\Users\anmol\OneDrive\Desktop\Steel_Surface_Defect_NEU_DET-DATASET\NEU-DET\IMAGES\crazing\crazing_293.jpg
crazing_296,crazing,train,218,C:\Users\anmol\OneDrive\Desktop\Steel_Surface_Defect_NEU_DET-DATASET\NEU-DET\IMAGES\crazing\crazing_296.jpg
crazing_299,crazing,train,221,C:\Users\anmol\OneDrive\Desktop\Steel_Surface_Defect_NEU_DET-DATASET\NEU-DET\IMAGES\crazing\crazing_299.jpg
crazing_3,crazing,train,222,C:\Users\anmol\OneDrive\Desktop\Steel_Surface_Defect_NEU_DET-DATASET\NEU-DET\IMAGES\crazing\crazing_3.jpg
crazing_30,crazing,train,223,C:\Users\anmol\OneDrive\Desktop\Steel_Surface_Defect_NEU_DET-DATASET\NEU-DET\IMAGES\crazing\crazing_30.jpg
crazing_300,crazing,train,224,C:\Users\anmol\OneDrive\Desktop\Steel_Surface_Defect_NEU_DET-DATASET\NEU-DET\IMAGES\crazing\crazing_300.jpg
crazing_31,crazing,train,225,C:\Users\anmol\OneDrive\Desktop\Steel_Surface_Defect_NEU_DET-DATASET\NEU-DET\IMAGES\crazing\crazing_31.jpg
crazing_32,crazing,train,226,C:\Users\anmol\OneDrive\Desktop\Steel_Surface_Defect_NEU_DET-DATASET\NEU-DET\IMAGES\crazing\crazing_32.jpg
crazing_33,crazing,train,227,C:\Users\anmol\OneDrive\Desktop\Steel_Surface_Defect_NEU_DET-DATASET\NEU-DET\IMAGES\crazing\crazing_33.jpg
crazing_34,crazing,train,228,C:\Users\anmol\OneDrive\Desktop\Steel_Surface_Defect_NEU_DET-DATASET\NEU-DET\IMAGES\crazing\crazing_34.jpg
crazing_36,crazing,train,230,C:\Users\anmol\OneDrive\Desktop\Steel_Surface_Defect_NEU_DET-DATASET\NEU-DET\IMAGES\crazing\crazing_36.jpg
crazing_38,crazing,train,232,C:\Users\anmol\OneDrive\Desktop\Steel_Surface_Defect_NEU_DET-DATASET\NEU-DET\IMAGES\crazing\crazing_38.jpg
crazing_39,crazing,train,233,C:\Users\anmol\OneDrive\Desktop\Steel_Surface_Defect_NEU_DET-DATASET\NEU-DET\IMAGES\crazing\crazing_39.jpg
crazing_4,crazing,train,234,C:\Users\anmol\OneDrive\Desktop\Steel_Surface_Defect_NEU_DET-DATASET\NEU-DET\IMAGES\crazing\crazing_4.jpg
crazing_40,crazing,train,235,C:\Users\anmol\OneDrive\Desktop\Steel_Surface_Defect_NEU_DET-DATASET\NEU-DET\IMAGES\crazing\crazing_40.jpg
crazing_41,crazing,train,236,C:\Users\anmol\OneDrive\Desktop\Steel_Surface_Defect_NEU_DET-DATASET\NEU-DET\IMAGES\crazing\crazing_41.jpg
crazing_42,crazing,train,237,C:\Users\anmol\OneDrive\Desktop\Steel_Surface_Defect_NEU_DET-DATASET\NEU-DET\IMAGES\crazing\crazing_42.jpg
crazing_43,crazing,train,238,C:\Users\anmol\OneDrive\Desktop\Steel_Surface_Defect_NEU_DET-DATASET\NEU-DET\IMAGES\crazing\crazing_43.jpg
crazing_45,crazing,train,240,C:\Users\anmol\OneDrive\Desktop\Steel_Surface_Defect_NEU_DET-DATASET\NEU-DET\IMAGES\crazing\crazing_45.jpg
crazing_46,crazing,train,241,C:\Users\anmol\OneDrive\Desktop\Steel_Surface_Defect_NEU_DET-DATASET\NEU-DET\IMAGES\crazing\crazing_46.jpg
crazing_47,crazing,train,242,C:\Users\anmol\OneDrive\Desktop\Steel_Surface_Defect_NEU_DET-DATASET\NEU-DET\IMAGES\crazing\crazing_47.jpg
crazing_48,crazing,train,243,C:\Users\anmol\OneDrive\Desktop\Steel_Surface_Defect_NEU_DET-DATASET\NEU-DET\IMAGES\crazing\crazing_48.jpg
crazing_5,crazing,train,245,C:\Users\anmol\OneDrive\Desktop\Steel_Surface_Defect_NEU_DET-DATASET\NEU-DET\IMAGES\crazing\crazing_5.jpg
crazing_50,crazing,train,246,C:\Users\anmol\OneDrive\Desktop\Steel_Surface_Defect_NEU_DET-DATASET\NEU-DET\IMAGES\crazing\crazing_50.jpg
crazing_52,crazing,train,248,C:\Users\anmol\OneDrive\Desktop\Steel_Surface_Defect_NEU_DET-DATASET\NEU-DET\IMAGES\crazing\crazing_52.jpg
crazing_54,crazing,train,250,C:\Users\anmol\OneDrive\Desktop\Steel_Surface_Defect_NEU_DET-DATASET\NEU-DET\IMAGES\crazing\crazing_54.jpg
crazing_55,crazing,train,251,C:\Users\anmol\OneDrive\Desktop\Steel_Surface_Defect_NEU_DET-DATASET\NEU-DET\IMAGES\crazing\crazing_55.jpg
crazing_56,crazing,train,252,C:\Users\anmol\OneDrive\Desktop\Steel_Surface_Defect_NEU_DET-DATASET\NEU-DET\IMAGES\crazing\crazing_56.jpg
crazing_58,crazing,train,254,C:\Users\anmol\OneDrive\Desktop\Steel_Surface_Defect_NEU_DET-DATASET\NEU-DET\IMAGES\crazing\crazing_58.jpg
crazing_59,crazing,train,255,C:\Users\anmol\OneDrive\Desktop\Steel_Surface_Defect_NEU_DET-DATASET\NEU-DET\IMAGES\crazing\crazing_59.jpg
crazing_60,crazing,train,257,C:\Users\anmol\OneDrive\Desktop\Steel_Surface_Defect_NEU_DET-DATASET\NEU-DET\IMAGES\crazing\crazing_60.jpg
crazing_61,crazing,train,258,C:\Users\anmol\OneDrive\Desktop\Steel_Surface_Defect_NEU_DET-DATASET\NEU-DET\IMAGES\crazing\crazing_61.jpg
crazing_63,crazing,train,260,C:\Users\anmol\OneDrive\Desktop\Steel_Surface_Defect_NEU_DET-DATASET\NEU-DET\IMAGES\crazing\crazing_63.jpg
crazing_65,crazing,train,262,C:\Users\anmol\OneDrive\Desktop\Steel_Surface_Defect_NEU_DET-DATASET\NEU-DET\IMAGES\crazing\crazing_65.jpg
crazing_67,crazing,train,264,C:\Users\anmol\OneDrive\Desktop\Steel_Surface_Defect_NEU_DET-DATASET\NEU-DET\IMAGES\crazing\crazing_67.jpg
crazing_69,crazing,train,266,C:\Users\anmol\OneDrive\Desktop\Steel_Surface_Defect_NEU_DET-DATASET\NEU-DET\IMAGES\crazing\crazing_69.jpg
crazing_70,crazing,train,268,C:\Users\anmol\OneDrive\Desktop\Steel_Surface_Defect_NEU_DET-DATASET\NEU-DET\IMAGES\crazing\crazing_70.jpg
crazing_71,crazing,train,269,C:\Users\anmol\OneDrive\Desktop\Steel_Surface_Defect_NEU_DET-DATASET\NEU-DET\IMAGES\crazing\crazing_71.jpg
crazing_72,crazing,train,270,C:\Users\anmol\OneDrive\Desktop\Steel_Surface_Defect_NEU_DET-DATASET\NEU-DET\IMAGES\crazing\crazing_72.jpg
crazing_73,crazing,train,271,C:\Users\anmol\OneDrive\Desktop\Steel_Surface_Defect_NEU_DET-DATASET\NEU-DET\IMAGES\crazing\crazing_73.jpg
crazing_74,crazing,train,272,C:\Users\anmol\OneDrive\Desktop\Steel_Surface_Defect_NEU_DET-DATASET\NEU-DET\IMAGES\crazing\crazing_74.jpg
crazing_75,crazing,train,273,C:\Users\anmol\OneDrive\Desktop\Steel_Surface_Defect_NEU_DET-DATASET\NEU-DET\IMAGES\crazing\crazing_75.jpg
crazing_77,crazing,train,275,C:\Users\anmol\OneDrive\Desktop\Steel_Surface_Defect_NEU_DET-DATASET\NEU-DET\IMAGES\crazing\crazing_77.jpg
crazing_78,crazing,train,276,C:\Users\anmol\OneDrive\Desktop\Steel_Surface_Defect_NEU_DET-DATASET\NEU-DET\IMAGES\crazing\crazing_78.jpg
crazing_79,crazing,train,277,C:\Users\anmol\OneDrive\Desktop\Steel_Surface_Defect_NEU_DET-DATASET\NEU-DET\IMAGES\crazing\crazing_79.jpg
crazing_80,crazing,train,279,C:\Users\anmol\OneDrive\Desktop\Steel_Surface_Defect_NEU_DET-DATASET\NEU-DET\IMAGES\crazing\crazing_80.jpg
crazing_81,crazing,train,280,C:\Users\anmol\OneDrive\Desktop\Steel_Surface_Defect_NEU_DET-DATASET\NEU-DET\IMAGES\crazing\crazing_81.jpg
crazing_82,crazing,train,281,C:\Users\anmol\OneDrive\Desktop\Steel_Surface_Defect_NEU_DET-DATASET\NEU-DET\IMAGES\crazing\crazing_82.jpg
crazing_84,crazing,train,283,C:\Users\anmol\OneDrive\Desktop\Steel_Surface_Defect_NEU_DET-DATASET\NEU-DET\IMAGES\crazing\crazing_84.jpg
crazing_85,crazing,train,284,C:\Users\anmol\OneDrive\Desktop\Steel_Surface_Defect_NEU_DET-DATASET\NEU-DET\IMAGES\crazing\crazing_85.jpg
crazing_86,crazing,train,285,C:\Users\anmol\OneDrive\Desktop\Steel_Surface_Defect_NEU_DET-DATASET\NEU-DET\IMAGES\crazing\crazing_86.jpg
crazing_87,crazing,train,286,C:\Users\anmol\OneDrive\Desktop\Steel_Surface_Defect_NEU_DET-DATASET\NEU-DET\IMAGES\crazing\crazing_87.jpg
crazing_88,crazing,train,287,C:\Users\anmol\OneDrive\Desktop\Steel_Surface_Defect_NEU_DET-DATASET\NEU-DET\IMAGES\crazing\crazing_88.jpg
crazing_89,crazing,train,288,C:\Users\anmol\OneDrive\Desktop\Steel_Surface_Defect_NEU_DET-DATASET\NEU-DET\IMAGES\crazing\crazing_89.jpg
crazing_9,crazing,train,289,C:\Users\anmol\OneDrive\Desktop\Steel_Surface_Defect_NEU_DET-DATASET\NEU-DET\IMAGES\crazing\crazing_9.jpg
crazing_91,crazing,train,291,C:\Users\anmol\OneDrive\Desktop\Steel_Surface_Defect_NEU_DET-DATASET\NEU-DET\IMAGES\crazing\crazing_91.jpg
crazing_94,crazing,train,294,C:\Users\anmol\OneDrive\Desktop\Steel_Surface_Defect_NEU_DET-DATASET\NEU-DET\IMAGES\crazing\crazing_94.jpg
crazing_95,crazing,train,295,C:\Users\anmol\OneDrive\Desktop\Steel_Surface_Defect_NEU_DET-DATASET\NEU-DET\IMAGES\crazing\crazing_95.jpg
crazing_98,crazing,train,298,C:\Users\anmol\OneDrive\Desktop\Steel_Surface_Defect_NEU_DET-DATASET\NEU-DET\IMAGES\crazing\crazing_98.jpg
crazing_99,crazing,train,299,C:\Users\anmol\OneDrive\Desktop\Steel_Surface_Defect_NEU_DET-DATASET\NEU-DET\IMAGES\crazing\crazing_99.jpg
crazing_10,crazing,val,1,C:\Users\anmol\OneDrive\Desktop\Steel_Surface_Defect_NEU_DET-DATASET\NEU-DET\IMAGES\crazing\crazing_10.jpg
crazing_112,crazing,val,15,C:\Users\anmol\OneDrive\Desktop\Steel_Surface_Defect_NEU_DET-DATASET\NEU-DET\IMAGES\crazing\crazing_112.jpg
crazing_114,crazing,val,17,C:\Users\anmol\OneDrive\Desktop\Steel_Surface_Defect_NEU_DET-DATASET\NEU-DET\IMAGES\crazing\crazing_114.jpg
crazing_124,crazing,val,28,C:\Users\anmol\OneDrive\Desktop\Steel_Surface_Defect_NEU_DET-DATASET\NEU-DET\IMAGES\crazing\crazing_124.jpg
crazing_127,crazing,val,31,C:\Users\anmol\OneDrive\Desktop\Steel_Surface_Defect_NEU_DET-DATASET\NEU-DET\IMAGES\crazing\crazing_127.jpg
crazing_137,crazing,val,42,C:\Users\anmol\OneDrive\Desktop\Steel_Surface_Defect_NEU_DET-DATASET\NEU-DET\IMAGES\crazing\crazing_137.jpg
crazing_152,crazing,val,59,C:\Users\anmol\OneDrive\Desktop\Steel_Surface_Defect_NEU_DET-DATASET\NEU-DET\IMAGES\crazing\crazing_152.jpg
crazing_153,crazing,val,60,C:\Users\anmol\OneDrive\Desktop\Steel_Surface_Defect_NEU_DET-DATASET\NEU-DET\IMAGES\crazing\crazing_153.jpg
crazing_166,crazing,val,74,C:\Users\anmol\OneDrive\Desktop\Steel_Surface_Defect_NEU_DET-DATASET\NEU-DET\IMAGES\crazing\crazing_166.jpg
crazing_173,crazing,val,82,C:\Users\anmol\OneDrive\Desktop\Steel_Surface_Defect_NEU_DET-DATASET\NEU-DET\IMAGES\crazing\crazing_173.jpg
crazing_182,crazing,val,92,C:\Users\anmol\OneDrive\Desktop\Steel_Surface_Defect_NEU_DET-DATASET\NEU-DET\IMAGES\crazing\crazing_182.jpg
crazing_191,crazing,val,102,C:\Users\anmol\OneDrive\Desktop\Steel_Surface_Defect_NEU_DET-DATASET\NEU-DET\IMAGES\crazing\crazing_191.jpg
crazing_192,crazing,val,103,C:\Users\anmol\OneDrive\Desktop\Steel_Surface_Defect_NEU_DET-DATASET\NEU-DET\IMAGES\crazing\crazing_192.jpg
crazing_194,crazing,val,105,C:\Users\anmol\OneDrive\Desktop\Steel_Surface_Defect_NEU_DET-DATASET\NEU-DET\IMAGES\crazing\crazing_194.jpg
crazing_205,crazing,val,118,C:\Users\anmol\OneDrive\Desktop\Steel_Surface_Defect_NEU_DET-DATASET\NEU-DET\IMAGES\crazing\crazing_205.jpg
crazing_23,crazing,val,145,C:\Users\anmol\OneDrive\Desktop\Steel_Surface_Defect_NEU_DET-DATASET\NEU-DET\IMAGES\crazing\crazing_23.jpg
crazing_254,crazing,val,172,C:\Users\anmol\OneDrive\Desktop\Steel_Surface_Defect_NEU_DET-DATASET\NEU-DET\IMAGES\crazing\crazing_254.jpg
crazing_271,crazing,val,191,C:\Users\anmol\OneDrive\Desktop\Steel_Surface_Defect_NEU_DET-DATASET\NEU-DET\IMAGES\crazing\crazing_271.jpg
crazing_273,crazing,val,193,C:\Users\anmol\OneDrive\Desktop\Steel_Surface_Defect_NEU_DET-DATASET\NEU-DET\IMAGES\crazing\crazing_273.jpg
crazing_275,crazing,val,195,C:\Users\anmol\OneDrive\Desktop\Steel_Surface_Defect_NEU_DET-DATASET\NEU-DET\IMAGES\crazing\crazing_275.jpg
crazing_277,crazing,val,197,C:\Users\anmol\OneDrive\Desktop\Steel_Surface_Defect_NEU_DET-DATASET\NEU-DET\IMAGES\crazing\crazing_277.jpg
crazing_285,crazing,val,206,C:\Users\anmol\OneDrive\Desktop\Steel_Surface_Defect_NEU_DET-DATASET\NEU-DET\IMAGES\crazing\crazing_285.jpg
crazing_295,crazing,val,217,C:\Users\anmol\OneDrive\Desktop\Steel_Surface_Defect_NEU_DET-DATASET\NEU-DET\IMAGES\crazing\crazing_295.jpg
crazing_44,crazing,val,239,C:\Users\anmol\OneDrive\Desktop\Steel_Surface_Defect_NEU_DET-DATASET\NEU-DET\IMAGES\crazing\crazing_44.jpg
crazing_6,crazing,val,256,C:\Users\anmol\OneDrive\Desktop\Steel_Surface_Defect_NEU_DET-DATASET\NEU-DET\IMAGES\crazing\crazing_6.jpg
crazing_64,crazing,val,261,C:\Users\anmol\OneDrive\Desktop\Steel_Surface_Defect_NEU_DET-DATASET\NEU-DET\IMAGES\crazing\crazing_64.jpg
crazing_68,crazing,val,265,C:\Users\anmol\OneDrive\Desktop\Steel_Surface_Defect_NEU_DET-DATASET\NEU-DET\IMAGES\crazing\crazing_68.jpg
crazing_76,crazing,val,274,C:\Users\anmol\OneDrive\Desktop\Steel_Surface_Defect_NEU_DET-DATASET\NEU-DET\IMAGES\crazing\crazing_76.jpg
crazing_8,crazing,val,278,C:\Users\anmol\OneDrive\Desktop\Steel_Surface_Defect_NEU_DET-DATASET\NEU-DET\IMAGES\crazing\crazing_8.jpg
crazing_97,crazing,val,297,C:\Users\anmol\OneDrive\Desktop\Steel_Surface_Defect_NEU_DET-DATASET\NEU-DET\IMAGES\crazing\crazing_97.jpg
inclusion_103,inclusion,test,305,C:\Users\anmol\OneDrive\Desktop\Steel_Surface_Defect_NEU_DET-DATASET\NEU-DET\IMAGES\inclusion\inclusion_103.jpg
inclusion_104,inclusion,test,306,C:\Users\anmol\OneDrive\Desktop\Steel_Surface_Defect_NEU_DET-DATASET\NEU-DET\IMAGES\inclusion\inclusion_104.jpg
inclusion_109,inclusion,test,311,C:\Users\anmol\OneDrive\Desktop\Steel_Surface_Defect_NEU_DET-DATASET\NEU-DET\IMAGES\inclusion\inclusion_109.jpg
inclusion_114,inclusion,test,317,C:\Users\anmol\OneDrive\Desktop\Steel_Surface_Defect_NEU_DET-DATASET\NEU-DET\IMAGES\inclusion\inclusion_114.jpg
inclusion_116,inclusion,test,319,C:\Users\anmol\OneDrive\Desktop\Steel_Surface_Defect_NEU_DET-DATASET\NEU-DET\IMAGES\inclusion\inclusion_116.jpg
inclusion_119,inclusion,test,322,C:\Users\anmol\OneDrive\Desktop\Steel_Surface_Defect_NEU_DET-DATASET\NEU-DET\IMAGES\inclusion\inclusion_119.jpg
inclusion_123,inclusion,test,327,C:\Users\anmol\OneDrive\Desktop\Steel_Surface_Defect_NEU_DET-DATASET\NEU-DET\IMAGES\inclusion\inclusion_123.jpg
inclusion_128,inclusion,test,332,C:\Users\anmol\OneDrive\Desktop\Steel_Surface_Defect_NEU_DET-DATASET\NEU-DET\IMAGES\inclusion\inclusion_128.jpg
inclusion_130,inclusion,test,335,C:\Users\anmol\OneDrive\Desktop\Steel_Surface_Defect_NEU_DET-DATASET\NEU-DET\IMAGES\inclusion\inclusion_130.jpg
inclusion_133,inclusion,test,338,C:\Users\anmol\OneDrive\Desktop\Steel_Surface_Defect_NEU_DET-DATASET\NEU-DET\IMAGES\inclusion\inclusion_133.jpg
inclusion_139,inclusion,test,344,C:\Users\anmol\OneDrive\Desktop\Steel_Surface_Defect_NEU_DET-DATASET\NEU-DET\IMAGES\inclusion\inclusion_139.jpg
inclusion_145,inclusion,test,351,C:\Users\anmol\OneDrive\Desktop\Steel_Surface_Defect_NEU_DET-DATASET\NEU-DET\IMAGES\inclusion\inclusion_145.jpg
inclusion_147,inclusion,test,353,C:\Users\anmol\OneDrive\Desktop\Steel_Surface_Defect_NEU_DET-DATASET\NEU-DET\IMAGES\inclusion\inclusion_147.jpg
inclusion_148,inclusion,test,354,C:\Users\anmol\OneDrive\Desktop\Steel_Surface_Defect_NEU_DET-DATASET\NEU-DET\IMAGES\inclusion\inclusion_148.jpg
inclusion_152,inclusion,test,359,C:\Users\anmol\OneDrive\Desktop\Steel_Surface_Defect_NEU_DET-DATASET\NEU-DET\IMAGES\inclusion\inclusion_152.jpg
inclusion_154,inclusion,test,361,C:\Users\anmol\OneDrive\Desktop\Steel_Surface_Defect_NEU_DET-DATASET\NEU-DET\IMAGES\inclusion\inclusion_154.jpg
inclusion_156,inclusion,test,363,C:\Users\anmol\OneDrive\Desktop\Steel_Surface_Defect_NEU_DET-DATASET\NEU-DET\IMAGES\inclusion\inclusion_156.jpg
inclusion_157,inclusion,test,364,C:\Users\anmol\OneDrive\Desktop\Steel_Surface_Defect_NEU_DET-DATASET\NEU-DET\IMAGES\inclusion\inclusion_157.jpg
inclusion_16,inclusion,test,367,C:\Users\anmol\OneDrive\Desktop\Steel_Surface_Defect_NEU_DET-DATASET\NEU-DET\IMAGES\inclusion\inclusion_16.jpg
inclusion_161,inclusion,test,369,C:\Users\anmol\OneDrive\Desktop\Steel_Surface_Defect_NEU_DET-DATASET\NEU-DET\IMAGES\inclusion\inclusion_161.jpg
inclusion_169,inclusion,test,377,C:\Users\anmol\OneDrive\Desktop\Steel_Surface_Defect_NEU_DET-DATASET\NEU-DET\IMAGES\inclusion\inclusion_169.jpg
inclusion_17,inclusion,test,378,C:\Users\anmol\OneDrive\Desktop\Steel_Surface_Defect_NEU_DET-DATASET\NEU-DET\IMAGES\inclusion\inclusion_17.jpg
inclusion_186,inclusion,test,396,C:\Users\anmol\OneDrive\Desktop\Steel_Surface_Defect_NEU_DET-DATASET\NEU-DET\IMAGES\inclusion\inclusion_186.jpg
inclusion_197,inclusion,test,408,C:\Users\anmol\OneDrive\Desktop\Steel_Surface_Defect_NEU_DET-DATASET\NEU-DET\IMAGES\inclusion\inclusion_197.jpg
inclusion_2,inclusion,test,411,C:\Users\anmol\OneDrive\Desktop\Steel_Surface_Defect_NEU_DET-DATASET\NEU-DET\IMAGES\inclusion\inclusion_2.jpg
inclusion_200,inclusion,test,413,C:\Users\anmol\OneDrive\Desktop\Steel_Surface_Defect_NEU_DET-DATASET\NEU-DET\IMAGES\inclusion\inclusion_200.jpg
inclusion_201,inclusion,test,414,C:\Users\anmol\OneDrive\Desktop\Steel_Surface_Defect_NEU_DET-DATASET\NEU-DET\IMAGES\inclusion\inclusion_201.jpg
inclusion_204,inclusion,test,417,C:\Users\anmol\OneDrive\Desktop\Steel_Surface_Defect_NEU_DET-DATASET\NEU-DET\IMAGES\inclusion\inclusion_204.jpg
inclusion_213,inclusion,test,427,C:\Users\anmol\OneDrive\Desktop\Steel_Surface_Defect_NEU_DET-DATASET\NEU-DET\IMAGES\inclusion\inclusion_213.jpg
inclusion_214,inclusion,test,428,C:\Users\anmol\OneDrive\Desktop\Steel_Surface_Defect_NEU_DET-DATASET\NEU-DET\IMAGES\inclusion\inclusion_214.jpg
inclusion_219,inclusion,test,433,C:\Users\anmol\OneDrive\Desktop\Steel_Surface_Defect_NEU_DET-DATASET\NEU-DET\IMAGES\inclusion\inclusion_219.jpg
inclusion_220,inclusion,test,435,C:\Users\anmol\OneDrive\Desktop\Steel_Surface_Defect_NEU_DET-DATASET\NEU-DET\IMAGES\inclusion\inclusion_220.jpg
inclusion_236,inclusion,test,452,C:\Users\anmol\OneDrive\Desktop\Steel_Surface_Defect_NEU_DET-DATASET\NEU-DET\IMAGES\inclusion\inclusion_236.jpg
inclusion_237,inclusion,test,453,C:\Users\anmol\OneDrive\Desktop\Steel_Surface_Defect_NEU_DET-DATASET\NEU-DET\IMAGES\inclusion\inclusion_237.jpg
inclusion_24,inclusion,test,456,C:\Users\anmol\OneDrive\Desktop\Steel_Surface_Defect_NEU_DET-DATASET\NEU-DET\IMAGES\inclusion\inclusion_24.jpg
inclusion_242,inclusion,test,459,C:\Users\anmol\OneDrive\Desktop\Steel_Surface_Defect_NEU_DET-DATASET\NEU-DET\IMAGES\inclusion\inclusion_242.jpg
inclusion_265,inclusion,test,484,C:\Users\anmol\OneDrive\Desktop\Steel_Surface_Defect_NEU_DET-DATASET\NEU-DET\IMAGES\inclusion\inclusion_265.jpg
inclusion_27,inclusion,test,489,C:\Users\anmol\OneDrive\Desktop\Steel_Surface_Defect_NEU_DET-DATASET\NEU-DET\IMAGES\inclusion\inclusion_27.jpg
inclusion_270,inclusion,test,490,C:\Users\anmol\OneDrive\Desktop\Steel_Surface_Defect_NEU_DET-DATASET\NEU-DET\IMAGES\inclusion\inclusion_270.jpg
inclusion_271,inclusion,test,491,C:\Users\anmol\OneDrive\Desktop\Steel_Surface_Defect_NEU_DET-DATASET\NEU-DET\IMAGES\inclusion\inclusion_271.jpg
inclusion_275,inclusion,test,495,C:\Users\anmol\OneDrive\Desktop\Steel_Surface_Defect_NEU_DET-DATASET\NEU-DET\IMAGES\inclusion\inclusion_275.jpg
inclusion_282,inclusion,test,503,C:\Users\anmol\OneDrive\Desktop\Steel_Surface_Defect_NEU_DET-DATASET\NEU-DET\IMAGES\inclusion\inclusion_282.jpg
inclusion_283,inclusion,test,504,C:\Users\anmol\OneDrive\Desktop\Steel_Surface_Defect_NEU_DET-DATASET\NEU-DET\IMAGES\inclusion\inclusion_283.jpg
inclusion_291,inclusion,test,513,C:\Users\anmol\OneDrive\Desktop\Steel_Surface_Defect_NEU_DET-DATASET\NEU-DET\IMAGES\inclusion\inclusion_291.jpg
inclusion_3,inclusion,test,522,C:\Users\anmol\OneDrive\Desktop\Steel_Surface_Defect_NEU_DET-DATASET\NEU-DET\IMAGES\inclusion\inclusion_3.jpg
inclusion_33,inclusion,test,527,C:\Users\anmol\OneDrive\Desktop\Steel_Surface_Defect_NEU_DET-DATASET\NEU-DET\IMAGES\inclusion\inclusion_33.jpg
inclusion_34,inclusion,test,528,C:\Users\anmol\OneDrive\Desktop\Steel_Surface_Defect_NEU_DET-DATASET\NEU-DET\IMAGES\inclusion\inclusion_34.jpg
inclusion_37,inclusion,test,531,C:\Users\anmol\OneDrive\Desktop\Steel_Surface_Defect_NEU_DET-DATASET\NEU-DET\IMAGES\inclusion\inclusion_37.jpg
inclusion_41,inclusion,test,536,C:\Users\anmol\OneDrive\Desktop\Steel_Surface_Defect_NEU_DET-DATASET\NEU-DET\IMAGES\inclusion\inclusion_41.jpg
inclusion_45,inclusion,test,540,C:\Users\anmol\OneDrive\Desktop\Steel_Surface_Defect_NEU_DET-DATASET\NEU-DET\IMAGES\inclusion\inclusion_45.jpg
inclusion_5,inclusion,test,545,C:\Users\anmol\OneDrive\Desktop\Steel_Surface_Defect_NEU_DET-DATASET\NEU-DET\IMAGES\inclusion\inclusion_5.jpg
inclusion_58,inclusion,test,554,C:\Users\anmol\OneDrive\Desktop\Steel_Surface_Defect_NEU_DET-DATASET\NEU-DET\IMAGES\inclusion\inclusion_58.jpg
inclusion_76,inclusion,test,574,C:\Users\anmol\OneDrive\Desktop\Steel_Surface_Defect_NEU_DET-DATASET\NEU-DET\IMAGES\inclusion\inclusion_76.jpg
inclusion_77,inclusion,test,575,C:\Users\anmol\OneDrive\Desktop\Steel_Surface_Defect_NEU_DET-DATASET\NEU-DET\IMAGES\inclusion\inclusion_77.jpg
inclusion_80,inclusion,test,579,C:\Users\anmol\OneDrive\Desktop\Steel_Surface_Defect_NEU_DET-DATASET\NEU-DET\IMAGES\inclusion\inclusion_80.jpg
inclusion_84,inclusion,test,583,C:\Users\anmol\OneDrive\Desktop\Steel_Surface_Defect_NEU_DET-DATASET\NEU-DET\IMAGES\inclusion\inclusion_84.jpg
inclusion_87,inclusion,test,586,C:\Users\anmol\OneDrive\Desktop\Steel_Surface_Defect_NEU_DET-DATASET\NEU-DET\IMAGES\inclusion\inclusion_87.jpg
inclusion_88,inclusion,test,587,C:\Users\anmol\OneDrive\Desktop\Steel_Surface_Defect_NEU_DET-DATASET\NEU-DET\IMAGES\inclusion\inclusion_88.jpg
inclusion_9,inclusion,test,589,C:\Users\anmol\OneDrive\Desktop\Steel_Surface_Defect_NEU_DET-DATASET\NEU-DET\IMAGES\inclusion\inclusion_9.jpg
inclusion_96,inclusion,test,596,C:\Users\anmol\OneDrive\Desktop\Steel_Surface_Defect_NEU_DET-DATASET\NEU-DET\IMAGES\inclusion\inclusion_96.jpg
inclusion_1,inclusion,train,300,C:\Users\anmol\OneDrive\Desktop\Steel_Surface_Defect_NEU_DET-DATASET\NEU-DET\IMAGES\inclusion\inclusion_1.jpg
inclusion_10,inclusion,train,301,C:\Users\anmol\OneDrive\Desktop\Steel_Surface_Defect_NEU_DET-DATASET\NEU-DET\IMAGES\inclusion\inclusion_10.jpg
inclusion_100,inclusion,train,302,C:\Users\anmol\OneDrive\Desktop\Steel_Surface_Defect_NEU_DET-DATASET\NEU-DET\IMAGES\inclusion\inclusion_100.jpg
inclusion_101,inclusion,train,303,C:\Users\anmol\OneDrive\Desktop\Steel_Surface_Defect_NEU_DET-DATASET\NEU-DET\IMAGES\inclusion\inclusion_101.jpg
inclusion_102,inclusion,train,304,C:\Users\anmol\OneDrive\Desktop\Steel_Surface_Defect_NEU_DET-DATASET\NEU-DET\IMAGES\inclusion\inclusion_102.jpg
inclusion_105,inclusion,train,307,C:\Users\anmol\OneDrive\Desktop\Steel_Surface_Defect_NEU_DET-DATASET\NEU-DET\IMAGES\inclusion\inclusion_105.jpg
inclusion_106,inclusion,train,308,C:\Users\anmol\OneDrive\Desktop\Steel_Surface_Defect_NEU_DET-DATASET\NEU-DET\IMAGES\inclusion\inclusion_106.jpg
inclusion_107,inclusion,train,309,C:\Users\anmol\OneDrive\Desktop\Steel_Surface_Defect_NEU_DET-DATASET\NEU-DET\IMAGES\inclusion\inclusion_107.jpg
inclusion_108,inclusion,train,310,C:\Users\anmol\OneDrive\Desktop\Steel_Surface_Defect_NEU_DET-DATASET\NEU-DET\IMAGES\inclusion\inclusion_108.jpg
inclusion_11,inclusion,train,312,C:\Users\anmol\OneDrive\Desktop\Steel_Surface_Defect_NEU_DET-DATASET\NEU-DET\IMAGES\inclusion\inclusion_11.jpg
inclusion_110,inclusion,train,313,C:\Users\anmol\OneDrive\Desktop\Steel_Surface_Defect_NEU_DET-DATASET\NEU-DET\IMAGES\inclusion\inclusion_110.jpg
inclusion_111,inclusion,train,314,C:\Users\anmol\OneDrive\Desktop\Steel_Surface_Defect_NEU_DET-DATASET\NEU-DET\IMAGES\inclusion\inclusion_111.jpg
inclusion_112,inclusion,train,315,C:\Users\anmol\OneDrive\Desktop\Steel_Surface_Defect_NEU_DET-DATASET\NEU-DET\IMAGES\inclusion\inclusion_112.jpg
inclusion_113,inclusion,train,316,C:\Users\anmol\OneDrive\Desktop\Steel_Surface_Defect_NEU_DET-DATASET\NEU-DET\IMAGES\inclusion\inclusion_113.jpg
inclusion_115,inclusion,train,318,C:\Users\anmol\OneDrive\Desktop\Steel_Surface_Defect_NEU_DET-DATASET\NEU-DET\IMAGES\inclusion\inclusion_115.jpg
inclusion_117,inclusion,train,320,C:\Users\anmol\OneDrive\Desktop\Steel_Surface_Defect_NEU_DET-DATASET\NEU-DET\IMAGES\inclusion\inclusion_117.jpg
inclusion_118,inclusion,train,321,C:\Users\anmol\OneDrive\Desktop\Steel_Surface_Defect_NEU_DET-DATASET\NEU-DET\IMAGES\inclusion\inclusion_118.jpg
inclusion_121,inclusion,train,325,C:\Users\anmol\OneDrive\Desktop\Steel_Surface_Defect_NEU_DET-DATASET\NEU-DET\IMAGES\inclusion\inclusion_121.jpg
inclusion_122,inclusion,train,326,C:\Users\anmol\OneDrive\Desktop\Steel_Surface_Defect_NEU_DET-DATASET\NEU-DET\IMAGES\inclusion\inclusion_122.jpg
inclusion_124,inclusion,train,328,C:\Users\anmol\OneDrive\Desktop\Steel_Surface_Defect_NEU_DET-DATASET\NEU-DET\IMAGES\inclusion\inclusion_124.jpg
inclusion_125,inclusion,train,329,C:\Users\anmol\OneDrive\Desktop\Steel_Surface_Defect_NEU_DET-DATASET\NEU-DET\IMAGES\inclusion\inclusion_125.jpg
inclusion_126,inclusion,train,330,C:\Users\anmol\OneDrive\Desktop\Steel_Surface_Defect_NEU_DET-DATASET\NEU-DET\IMAGES\inclusion\inclusion_126.jpg
inclusion_127,inclusion,train,331,C:\Users\anmol\OneDrive\Desktop\Steel_Surface_Defect_NEU_DET-DATASET\NEU-DET\IMAGES\inclusion\inclusion_127.jpg
inclusion_129,inclusion,train,333,C:\Users\anmol\OneDrive\Desktop\Steel_Surface_Defect_NEU_DET-DATASET\NEU-DET\IMAGES\inclusion\inclusion_129.jpg
inclusion_13,inclusion,train,334,C:\Users\anmol\OneDrive\Desktop\Steel_Surface_Defect_NEU_DET-DATASET\NEU-DET\IMAGES\inclusion\inclusion_13.jpg
inclusion_131,inclusion,train,336,C:\Users\anmol\OneDrive\Desktop\Steel_Surface_Defect_NEU_DET-DATASET\NEU-DET\IMAGES\inclusion\inclusion_131.jpg
inclusion_132,inclusion,train,337,C:\Users\anmol\OneDrive\Desktop\Steel_Surface_Defect_NEU_DET-DATASET\NEU-DET\IMAGES\inclusion\inclusion_132.jpg
inclusion_134,inclusion,train,339,C:\Users\anmol\OneDrive\Desktop\Steel_Surface_Defect_NEU_DET-DATASET\NEU-DET\IMAGES\inclusion\inclusion_134.jpg
inclusion_135,inclusion,train,340,C:\Users\anmol\OneDrive\Desktop\Steel_Surface_Defect_NEU_DET-DATASET\NEU-DET\IMAGES\inclusion\inclusion_135.jpg
inclusion_136,inclusion,train,341,C:\Users\anmol\OneDrive\Desktop\Steel_Surface_Defect_NEU_DET-DATASET\NEU-DET\IMAGES\inclusion\inclusion_136.jpg
inclusion_137,inclusion,train,342,C:\Users\anmol\OneDrive\Desktop\Steel_Surface_Defect_NEU_DET-DATASET\NEU-DET\IMAGES\inclusion\inclusion_137.jpg
inclusion_14,inclusion,train,345,C:\Users\anmol\OneDrive\Desktop\Steel_Surface_Defect_NEU_DET-DATASET\NEU-DET\IMAGES\inclusion\inclusion_14.jpg
inclusion_140,inclusion,train,346,C:\Users\anmol\OneDrive\Desktop\Steel_Surface_Defect_NEU_DET-DATASET\NEU-DET\IMAGES\inclusion\inclusion_140.jpg
inclusion_141,inclusion,train,347,C:\Users\anmol\OneDrive\Desktop\Steel_Surface_Defect_NEU_DET-DATASET\NEU-DET\IMAGES\inclusion\inclusion_141.jpg
inclusion_142,inclusion,train,348,C:\Users\anmol\OneDrive\Desktop\Steel_Surface_Defect_NEU_DET-DATASET\NEU-DET\IMAGES\inclusion\inclusion_142.jpg
inclusion_143,inclusion,train,349,C:\Users\anmol\OneDrive\Desktop\Steel_Surface_Defect_NEU_DET-DATASET\NEU-DET\IMAGES\inclusion\inclusion_143.jpg
inclusion_144,inclusion,train,350,C:\Users\anmol\OneDrive\Desktop\Steel_Surface_Defect_NEU_DET-DATASET\NEU-DET\IMAGES\inclusion\inclusion_144.jpg
inclusion_149,inclusion,train,355,C:\Users\anmol\OneDrive\Desktop\Steel_Surface_Defect_NEU_DET-DATASET\NEU-DET\IMAGES\inclusion\inclusion_149.jpg
inclusion_15,inclusion,train,356,C:\Users\anmol\OneDrive\Desktop\Steel_Surface_Defect_NEU_DET-DATASET\NEU-DET\IMAGES\inclusion\inclusion_15.jpg
inclusion_150,inclusion,train,357,C:\Users\anmol\OneDrive\Desktop\Steel_Surface_Defect_NEU_DET-DATASET\NEU-DET\IMAGES\inclusion\inclusion_150.jpg
inclusion_153,inclusion,train,360,C:\Users\anmol\OneDrive\Desktop\Steel_Surface_Defect_NEU_DET-DATASET\NEU-DET\IMAGES\inclusion\inclusion_153.jpg
inclusion_155,inclusion,train,362,C:\Users\anmol\OneDrive\Desktop\Steel_Surface_Defect_NEU_DET-DATASET\NEU-DET\IMAGES\inclusion\inclusion_155.jpg
inclusion_158,inclusion,train,365,C:\Users\anmol\OneDrive\Desktop\Steel_Surface_Defect_NEU_DET-DATASET\NEU-DET\IMAGES\inclusion\inclusion_158.jpg
inclusion_159,inclusion,train,366,C:\Users\anmol\OneDrive\Desktop\Steel_Surface_Defect_NEU_DET-DATASET\NEU-DET\IMAGES\inclusion\inclusion_159.jpg
inclusion_160,inclusion,train,368,C:\Users\anmol\OneDrive\Desktop\Steel_Surface_Defect_NEU_DET-DATASET\NEU-DET\IMAGES\inclusion\inclusion_160.jpg
inclusion_162,inclusion,train,370,C:\Users\anmol\OneDrive\Desktop\Steel_Surface_Defect_NEU_DET-DATASET\NEU-DET\IMAGES\inclusion\inclusion_162.jpg
inclusion_163,inclusion,train,371,C:\Users\anmol\OneDrive\Desktop\Steel_Surface_Defect_NEU_DET-DATASET\NEU-DET\IMAGES\inclusion\inclusion_163.jpg
inclusion_164,inclusion,train,372,C:\Users\anmol\OneDrive\Desktop\Steel_Surface_Defect_NEU_DET-DATASET\NEU-DET\IMAGES\inclusion\inclusion_164.jpg
inclusion_165,inclusion,train,373,C:\Users\anmol\OneDrive\Desktop\Steel_Surface_Defect_NEU_DET-DATASET\NEU-DET\IMAGES\inclusion\inclusion_165.jpg
inclusion_166,inclusion,train,374,C:\Users\anmol\OneDrive\Desktop\Steel_Surface_Defect_NEU_DET-DATASET\NEU-DET\IMAGES\inclusion\inclusion_166.jpg
inclusion_167,inclusion,train,375,C:\Users\anmol\OneDrive\Desktop\Steel_Surface_Defect_NEU_DET-DATASET\NEU-DET\IMAGES\inclusion\inclusion_167.jpg
inclusion_168,inclusion,train,376,C:\Users\anmol\OneDrive\Desktop\Steel_Surface_Defect_NEU_DET-DATASET\NEU-DET\IMAGES\inclusion\inclusion_168.jpg
inclusion_170,inclusion,train,379,C:\Users\anmol\OneDrive\Desktop\Steel_Surface_Defect_NEU_DET-DATASET\NEU-DET\IMAGES\inclusion\inclusion_170.jpg
inclusion_171,inclusion,train,380,C:\Users\anmol\OneDrive\Desktop\Steel_Surface_Defect_NEU_DET-DATASET\NEU-DET\IMAGES\inclusion\inclusion_171.jpg
inclusion_172,inclusion,train,381,C:\Users\anmol\OneDrive\Desktop\Steel_Surface_Defect_NEU_DET-DATASET\NEU-DET\IMAGES\inclusion\inclusion_172.jpg
inclusion_173,inclusion,train,382,C:\Users\anmol\OneDrive\Desktop\Steel_Surface_Defect_NEU_DET-DATASET\NEU-DET\IMAGES\inclusion\inclusion_173.jpg
inclusion_174,inclusion,train,383,C:\Users\anmol\OneDrive\Desktop\Steel_Surface_Defect_NEU_DET-DATASET\NEU-DET\IMAGES\inclusion\inclusion_174.jpg
inclusion_175,inclusion,train,384,C:\Users\anmol\OneDrive\Desktop\Steel_Surface_Defect_NEU_DET-DATASET\NEU-DET\IMAGES\inclusion\inclusion_175.jpg
inclusion_177,inclusion,train,386,C:\Users\anmol\OneDrive\Desktop\Steel_Surface_Defect_NEU_DET-DATASET\NEU-DET\IMAGES\inclusion\inclusion_177.jpg
inclusion_178,inclusion,train,387,C:\Users\anmol\OneDrive\Desktop\Steel_Surface_Defect_NEU_DET-DATASET\NEU-DET\IMAGES\inclusion\inclusion_178.jpg
inclusion_18,inclusion,train,389,C:\Users\anmol\OneDrive\Desktop\Steel_Surface_Defect_NEU_DET-DATASET\NEU-DET\IMAGES\inclusion\inclusion_18.jpg
inclusion_180,inclusion,train,390,C:\Users\anmol\OneDrive\Desktop\Steel_Surface_Defect_NEU_DET-DATASET\NEU-DET\IMAGES\inclusion\inclusion_180.jpg
inclusion_182,inclusion,train,392,C:\Users\anmol\OneDrive\Desktop\Steel_Surface_Defect_NEU_DET-DATASET\NEU-DET\IMAGES\inclusion\inclusion_182.jpg
inclusion_183,inclusion,train,393,C:\Users\anmol\OneDrive\Desktop\Steel_Surface_Defect_NEU_DET-DATASET\NEU-DET\IMAGES\inclusion\inclusion_183.jpg
inclusion_184,inclusion,train,394,C:\Users\anmol\OneDrive\Desktop\Steel_Surface_Defect_NEU_DET-DATASET\NEU-DET\IMAGES\inclusion\inclusion_184.jpg
inclusion_185,inclusion,train,395,C:\Users\anmol\OneDrive\Desktop\Steel_Surface_Defect_NEU_DET-DATASET\NEU-DET\IMAGES\inclusion\inclusion_185.jpg
inclusion_187,inclusion,train,397,C:\Users\anmol\OneDrive\Desktop\Steel_Surface_Defect_NEU_DET-DATASET\NEU-DET\IMAGES\inclusion\inclusion_187.jpg
inclusion_188,inclusion,train,398,C:\Users\anmol\OneDrive\Desktop\Steel_Surface_Defect_NEU_DET-DATASET\NEU-DET\IMAGES\inclusion\inclusion_188.jpg
inclusion_189,inclusion,train,399,C:\Users\anmol\OneDrive\Desktop\Steel_Surface_Defect_NEU_DET-DATASET\NEU-DET\IMAGES\inclusion\inclusion_189.jpg
inclusion_19,inclusion,train,400,C:\Users\anmol\OneDrive\Desktop\Steel_Surface_Defect_NEU_DET-DATASET\NEU-DET\IMAGES\inclusion\inclusion_19.jpg
inclusion_190,inclusion,train,401,C:\Users\anmol\OneDrive\Desktop\Steel_Surface_Defect_NEU_DET-DATASET\NEU-DET\IMAGES\inclusion\inclusion_190.jpg
inclusion_191,inclusion,train,402,C:\Users\anmol\OneDrive\Desktop\Steel_Surface_Defect_NEU_DET-DATASET\NEU-DET\IMAGES\inclusion\inclusion_191.jpg
inclusion_192,inclusion,train,403,C:\Users\anmol\OneDrive\Desktop\Steel_Surface_Defect_NEU_DET-DATASET\NEU-DET\IMAGES\inclusion\inclusion_192.jpg
inclusion_193,inclusion,train,404,C:\Users\anmol\OneDrive\Desktop\Steel_Surface_Defect_NEU_DET-DATASET\NEU-DET\IMAGES\inclusion\inclusion_193.jpg
inclusion_194,inclusion,train,405,C:\Users\anmol\OneDrive\Desktop\Steel_Surface_Defect_NEU_DET-DATASET\NEU-DET\IMAGES\inclusion\inclusion_194.jpg
inclusion_195,inclusion,train,406,C:\Users\anmol\OneDrive\Desktop\Steel_Surface_Defect_NEU_DET-DATASET\NEU-DET\IMAGES\inclusion\inclusion_195.jpg
inclusion_196,inclusion,train,407,C:\Users\anmol\OneDrive\Desktop\Steel_Surface_Defect_NEU_DET-DATASET\NEU-DET\IMAGES\inclusion\inclusion_196.jpg
inclusion_198,inclusion,train,409,C:\Users\anmol\OneDrive\Desktop\Steel_Surface_Defect_NEU_DET-DATASET\NEU-DET\IMAGES\inclusion\inclusion_198.jpg
inclusion_199,inclusion,train,410,C:\Users\anmol\OneDrive\Desktop\Steel_Surface_Defect_NEU_DET-DATASET\NEU-DET\IMAGES\inclusion\inclusion_199.jpg
inclusion_20,inclusion,train,412,C:\Users\anmol\OneDrive\Desktop\Steel_Surface_Defect_NEU_DET-DATASET\NEU-DET\IMAGES\inclusion\inclusion_20.jpg
inclusion_202,inclusion,train,415,C:\Users\anmol\OneDrive\Desktop\Steel_Surface_Defect_NEU_DET-DATASET\NEU-DET\IMAGES\inclusion\inclusion_202.jpg
inclusion_203,inclusion,train,416,C:\Users\anmol\OneDrive\Desktop\Steel_Surface_Defect_NEU_DET-DATASET\NEU-DET\IMAGES\inclusion\inclusion_203.jpg
inclusion_207,inclusion,train,420,C:\Users\anmol\OneDrive\Desktop\Steel_Surface_Defect_NEU_DET-DATASET\NEU-DET\IMAGES\inclusion\inclusion_207.jpg
inclusion_208,inclusion,train,421,C:\Users\anmol\OneDrive\Desktop\Steel_Surface_Defect_NEU_DET-DATASET\NEU-DET\IMAGES\inclusion\inclusion_208.jpg
inclusion_209,inclusion,train,422,C:\Users\anmol\OneDrive\Desktop\Steel_Surface_Defect_NEU_DET-DATASET\NEU-DET\IMAGES\inclusion\inclusion_209.jpg
inclusion_21,inclusion,train,423,C:\Users\anmol\OneDrive\Desktop\Steel_Surface_Defect_NEU_DET-DATASET\NEU-DET\IMAGES\inclusion\inclusion_21.jpg
inclusion_210,inclusion,train,424,C:\Users\anmol\OneDrive\Desktop\Steel_Surface_Defect_NEU_DET-DATASET\NEU-DET\IMAGES\inclusion\inclusion_210.jpg
inclusion_211,inclusion,train,425,C:\Users\anmol\OneDrive\Desktop\Steel_Surface_Defect_NEU_DET-DATASET\NEU-DET\IMAGES\inclusion\inclusion_211.jpg
inclusion_212,inclusion,train,426,C:\Users\anmol\OneDrive\Desktop\Steel_Surface_Defect_NEU_DET-DATASET\NEU-DET\IMAGES\inclusion\inclusion_212.jpg
inclusion_215,inclusion,train,429,C:\Users\anmol\OneDrive\Desktop\Steel_Surface_Defect_NEU_DET-DATASET\NEU-DET\IMAGES\inclusion\inclusion_215.jpg
inclusion_216,inclusion,train,430,C:\Users\anmol\OneDrive\Desktop\Steel_Surface_Defect_NEU_DET-DATASET\NEU-DET\IMAGES\inclusion\inclusion_216.jpg
inclusion_218,inclusion,train,432,C:\Users\anmol\OneDrive\Desktop\Steel_Surface_Defect_NEU_DET-DATASET\NEU-DET\IMAGES\inclusion\inclusion_218.jpg
inclusion_22,inclusion,train,434,C:\Users\anmol\OneDrive\Desktop\Steel_Surface_Defect_NEU_DET-DATASET\NEU-DET\IMAGES\inclusion\inclusion_22.jpg
inclusion_221,inclusion,train,436,C:\Users\anmol\OneDrive\Desktop\Steel_Surface_Defect_NEU_DET-DATASET\NEU-DET\IMAGES\inclusion\inclusion_221.jpg
inclusion_222,inclusion,train,437,C:\Users\anmol\OneDrive\Desktop\Steel_Surface_Defect_NEU_DET-DATASET\NEU-DET\IMAGES\inclusion\inclusion_222.jpg
inclusion_224,inclusion,train,439,C:\Users\anmol\OneDrive\Desktop\Steel_Surface_Defect_NEU_DET-DATASET\NEU-DET\IMAGES\inclusion\inclusion_224.jpg
inclusion_225,inclusion,train,440,C:\Users\anmol\OneDrive\Desktop\Steel_Surface_Defect_NEU_DET-DATASET\NEU-DET\IMAGES\inclusion\inclusion_225.jpg
inclusion_227,inclusion,train,442,C:\Users\anmol\OneDrive\Desktop\Steel_Surface_Defect_NEU_DET-DATASET\NEU-DET\IMAGES\inclusion\inclusion_227.jpg
inclusion_228,inclusion,train,443,C:\Users\anmol\OneDrive\Desktop\Steel_Surface_Defect_NEU_DET-DATASET\NEU-DET\IMAGES\inclusion\inclusion_228.jpg
inclusion_229,inclusion,train,444,C:\Users\anmol\OneDrive\Desktop\Steel_Surface_Defect_NEU_DET-DATASET\NEU-DET\IMAGES\inclusion\inclusion_229.jpg
inclusion_23,inclusion,train,445,C:\Users\anmol\OneDrive\Desktop\Steel_Surface_Defect_NEU_DET-DATASET\NEU-DET\IMAGES\inclusion\inclusion_23.jpg
inclusion_230,inclusion,train,446,C:\Users\anmol\OneDrive\Desktop\Steel_Surface_Defect_NEU_DET-DATASET\NEU-DET\IMAGES\inclusion\inclusion_230.jpg
inclusion_231,inclusion,train,447,C:\Users\anmol\OneDrive\Desktop\Steel_Surface_Defect_NEU_DET-DATASET\NEU-DET\IMAGES\inclusion\inclusion_231.jpg
inclusion_232,inclusion,train,448,C:\Users\anmol\OneDrive\Desktop\Steel_Surface_Defect_NEU_DET-DATASET\NEU-DET\IMAGES\inclusion\inclusion_232.jpg
inclusion_233,inclusion,train,449,C:\Users\anmol\OneDrive\Desktop\Steel_Surface_Defect_NEU_DET-DATASET\NEU-DET\IMAGES\inclusion\inclusion_233.jpg
inclusion_234,inclusion,train,450,C:\Users\anmol\OneDrive\Desktop\Steel_Surface_Defect_NEU_DET-DATASET\NEU-DET\IMAGES\inclusion\inclusion_234.jpg
inclusion_235,inclusion,train,451,C:\Users\anmol\OneDrive\Desktop\Steel_Surface_Defect_NEU_DET-DATASET\NEU-DET\IMAGES\inclusion\inclusion_235.jpg
inclusion_238,inclusion,train,454,C:\Users\anmol\OneDrive\Desktop\Steel_Surface_Defect_NEU_DET-DATASET\NEU-DET\IMAGES\inclusion\inclusion_238.jpg
inclusion_239,inclusion,train,455,C:\Users\anmol\OneDrive\Desktop\Steel_Surface_Defect_NEU_DET-DATASET\NEU-DET\IMAGES\inclusion\inclusion_239.jpg
inclusion_240,inclusion,train,457,C:\Users\anmol\OneDrive\Desktop\Steel_Surface_Defect_NEU_DET-DATASET\NEU-DET\IMAGES\inclusion\inclusion_240.jpg
inclusion_241,inclusion,train,458,C:\Users\anmol\OneDrive\Desktop\Steel_Surface_Defect_NEU_DET-DATASET\NEU-DET\IMAGES\inclusion\inclusion_241.jpg
inclusion_243,inclusion,train,460,C:\Users\anmol\OneDrive\Desktop\Steel_Surface_Defect_NEU_DET-DATASET\NEU-DET\IMAGES\inclusion\inclusion_243.jpg
inclusion_244,inclusion,train,461,C:\Users\anmol\OneDrive\Desktop\Steel_Surface_Defect_NEU_DET-DATASET\NEU-DET\IMAGES\inclusion\inclusion_244.jpg
inclusion_245,inclusion,train,462,C:\Users\anmol\OneDrive\Desktop\Steel_Surface_Defect_NEU_DET-DATASET\NEU-DET\IMAGES\inclusion\inclusion_245.jpg
inclusion_247,inclusion,train,464,C:\Users\anmol\OneDrive\Desktop\Steel_Surface_Defect_NEU_DET-DATASET\NEU-DET\IMAGES\inclusion\inclusion_247.jpg
inclusion_248,inclusion,train,465,C:\Users\anmol\OneDrive\Desktop\Steel_Surface_Defect_NEU_DET-DATASET\NEU-DET\IMAGES\inclusion\inclusion_248.jpg
inclusion_249,inclusion,train,466,C:\Users\anmol\OneDrive\Desktop\Steel_Surface_Defect_NEU_DET-DATASET\NEU-DET\IMAGES\inclusion\inclusion_249.jpg
inclusion_25,inclusion,train,467,C:\Users\anmol\OneDrive\Desktop\Steel_Surface_Defect_NEU_DET-DATASET\NEU-DET\IMAGES\inclusion\inclusion_25.jpg
inclusion_250,inclusion,train,468,C:\Users\anmol\OneDrive\Desktop\Steel_Surface_Defect_NEU_DET-DATASET\NEU-DET\IMAGES\inclusion\inclusion_250.jpg
inclusion_251,inclusion,train,469,C:\Users\anmol\OneDrive\Desktop\Steel_Surface_Defect_NEU_DET-DATASET\NEU-DET\IMAGES\inclusion\inclusion_251.jpg
inclusion_252,inclusion,train,470,C:\Users\anmol\OneDrive\Desktop\Steel_Surface_Defect_NEU_DET-DATASET\NEU-DET\IMAGES\inclusion\inclusion_252.jpg
inclusion_254,inclusion,train,472,C:\Users\anmol\OneDrive\Desktop\Steel_Surface_Defect_NEU_DET-DATASET\NEU-DET\IMAGES\inclusion\inclusion_254.jpg
inclusion_256,inclusion,train,474,C:\Users\anmol\OneDrive\Desktop\Steel_Surface_Defect_NEU_DET-DATASET\NEU-DET\IMAGES\inclusion\inclusion_256.jpg
inclusion_257,inclusion,train,475,C:\Users\anmol\OneDrive\Desktop\Steel_Surface_Defect_NEU_DET-DATASET\NEU-DET\IMAGES\inclusion\inclusion_257.jpg
inclusion_258,inclusion,train,476,C:\Users\anmol\OneDrive\Desktop\Steel_Surface_Defect_NEU_DET-DATASET\NEU-DET\IMAGES\inclusion\inclusion_258.jpg
inclusion_259,inclusion,train,477,C:\Users\anmol\OneDrive\Desktop\Steel_Surface_Defect_NEU_DET-DATASET\NEU-DET\IMAGES\inclusion\inclusion_259.jpg
inclusion_260,inclusion,train,479,C:\Users\anmol\OneDrive\Desktop\Steel_Surface_Defect_NEU_DET-DATASET\NEU-DET\IMAGES\inclusion\inclusion_260.jpg
inclusion_261,inclusion,train,480,C:\Users\anmol\OneDrive\Desktop\Steel_Surface_Defect_NEU_DET-DATASET\NEU-DET\IMAGES\inclusion\inclusion_261.jpg
inclusion_262,inclusion,train,481,C:\Users\anmol\OneDrive\Desktop\Steel_Surface_Defect_NEU_DET-DATASET\NEU-DET\IMAGES\inclusion\inclusion_262.jpg
inclusion_263,inclusion,train,482,C:\Users\anmol\OneDrive\Desktop\Steel_Surface_Defect_NEU_DET-DATASET\NEU-DET\IMAGES\inclusion\inclusion_263.jpg
inclusion_264,inclusion,train,483,C:\Users\anmol\OneDrive\Desktop\Steel_Surface_Defect_NEU_DET-DATASET\NEU-DET\IMAGES\inclusion\inclusion_264.jpg
inclusion_267,inclusion,train,486,C:\Users\anmol\OneDrive\Desktop\Steel_Surface_Defect_NEU_DET-DATASET\NEU-DET\IMAGES\inclusion\inclusion_267.jpg
inclusion_268,inclusion,train,487,C:\Users\anmol\OneDrive\Desktop\Steel_Surface_Defect_NEU_DET-DATASET\NEU-DET\IMAGES\inclusion\inclusion_268.jpg
inclusion_269,inclusion,train,488,C:\Users\anmol\OneDrive\Desktop\Steel_Surface_Defect_NEU_DET-DATASET\NEU-DET\IMAGES\inclusion\inclusion_269.jpg
inclusion_272,inclusion,train,492,C:\Users\anmol\OneDrive\Desktop\Steel_Surface_Defect_NEU_DET-DATASET\NEU-DET\IMAGES\inclusion\inclusion_272.jpg
inclusion_273,inclusion,train,493,C:\Users\anmol\OneDrive\Desktop\Steel_Surface_Defect_NEU_DET-DATASET\NEU-DET\IMAGES\inclusion\inclusion_273.jpg
inclusion_274,inclusion,train,494,C:\Users\anmol\OneDrive\Desktop\Steel_Surface_Defect_NEU_DET-DATASET\NEU-DET\IMAGES\inclusion\inclusion_274.jpg
inclusion_276,inclusion,train,496,C:\Users\anmol\OneDrive\Desktop\Steel_Surface_Defect_NEU_DET-DATASET\NEU-DET\IMAGES\inclusion\inclusion_276.jpg
inclusion_277,inclusion,train,497,C:\Users\anmol\OneDrive\Desktop\Steel_Surface_Defect_NEU_DET-DATASET\NEU-DET\IMAGES\inclusion\inclusion_277.jpg
inclusion_278,inclusion,train,498,C:\Users\anmol\OneDrive\Desktop\Steel_Surface_Defect_NEU_DET-DATASET\NEU-DET\IMAGES\inclusion\inclusion_278.jpg
inclusion_279,inclusion,train,499,C:\Users\anmol\OneDrive\Desktop\Steel_Surface_Defect_NEU_DET-DATASET\NEU-DET\IMAGES\inclusion\inclusion_279.jpg
inclusion_28,inclusion,train,500,C:\Users\anmol\OneDrive\Desktop\Steel_Surface_Defect_NEU_DET-DATASET\NEU-DET\IMAGES\inclusion\inclusion_28.jpg
inclusion_280,inclusion,train,501,C:\Users\anmol\OneDrive\Desktop\Steel_Surface_Defect_NEU_DET-DATASET\NEU-DET\IMAGES\inclusion\inclusion_280.jpg
inclusion_281,inclusion,train,502,C:\Users\anmol\OneDrive\Desktop\Steel_Surface_Defect_NEU_DET-DATASET\NEU-DET\IMAGES\inclusion\inclusion_281.jpg
inclusion_284,inclusion,train,505,C:\Users\anmol\OneDrive\Desktop\Steel_Surface_Defect_NEU_DET-DATASET\NEU-DET\IMAGES\inclusion\inclusion_284.jpg
inclusion_285,inclusion,train,506,C:\Users\anmol\OneDrive\Desktop\Steel_Surface_Defect_NEU_DET-DATASET\NEU-DET\IMAGES\inclusion\inclusion_285.jpg
inclusion_286,inclusion,train,507,C:\Users\anmol\OneDrive\Desktop\Steel_Surface_Defect_NEU_DET-DATASET\NEU-DET\IMAGES\inclusion\inclusion_286.jpg
inclusion_288,inclusion,train,509,C:\Users\anmol\OneDrive\Desktop\Steel_Surface_Defect_NEU_DET-DATASET\NEU-DET\IMAGES\inclusion\inclusion_288.jpg
inclusion_289,inclusion,train,510,C:\Users\anmol\OneDrive\Desktop\Steel_Surface_Defect_NEU_DET-DATASET\NEU-DET\IMAGES\inclusion\inclusion_289.jpg
inclusion_29,inclusion,train,511,C:\Users\anmol\OneDrive\Desktop\Steel_Surface_Defect_NEU_DET-DATASET\NEU-DET\IMAGES\inclusion\inclusion_29.jpg
inclusion_290,inclusion,train,512,C:\Users\anmol\OneDrive\Desktop\Steel_Surface_Defect_NEU_DET-DATASET\NEU-DET\IMAGES\inclusion\inclusion_290.jpg
inclusion_292,inclusion,train,514,C:\Users\anmol\OneDrive\Desktop\Steel_Surface_Defect_NEU_DET-DATASET\NEU-DET\IMAGES\inclusion\inclusion_292.jpg
inclusion_293,inclusion,train,515,C:\Users\anmol\OneDrive\Desktop\Steel_Surface_Defect_NEU_DET-DATASET\NEU-DET\IMAGES\inclusion\inclusion_293.jpg
inclusion_294,inclusion,train,516,C:\Users\anmol\OneDrive\Desktop\Steel_Surface_Defect_NEU_DET-DATASET\NEU-DET\IMAGES\inclusion\inclusion_294.jpg
inclusion_295,inclusion,train,517,C:\Users\anmol\OneDrive\Desktop\Steel_Surface_Defect_NEU_DET-DATASET\NEU-DET\IMAGES\inclusion\inclusion_295.jpg
inclusion_296,inclusion,train,518,C:\Users\anmol\OneDrive\Desktop\Steel_Surface_Defect_NEU_DET-DATASET\NEU-DET\IMAGES\inclusion\inclusion_296.jpg
inclusion_297,inclusion,train,519,C:\Users\anmol\OneDrive\Desktop\Steel_Surface_Defect_NEU_DET-DATASET\NEU-DET\IMAGES\inclusion\inclusion_297.jpg
inclusion_298,inclusion,train,520,C:\Users\anmol\OneDrive\Desktop\Steel_Surface_Defect_NEU_DET-DATASET\NEU-DET\IMAGES\inclusion\inclusion_298.jpg
inclusion_30,inclusion,train,523,C:\Users\anmol\OneDrive\Desktop\Steel_Surface_Defect_NEU_DET-DATASET\NEU-DET\IMAGES\inclusion\inclusion_30.jpg
inclusion_300,inclusion,train,524,C:\Users\anmol\OneDrive\Desktop\Steel_Surface_Defect_NEU_DET-DATASET\NEU-DET\IMAGES\inclusion\inclusion_300.jpg
inclusion_31,inclusion,train,525,C:\Users\anmol\OneDrive\Desktop\Steel_Surface_Defect_NEU_DET-DATASET\NEU-DET\IMAGES\inclusion\inclusion_31.jpg
inclusion_32,inclusion,train,526,C:\Users\anmol\OneDrive\Desktop\Steel_Surface_Defect_NEU_DET-DATASET\NEU-DET\IMAGES\inclusion\inclusion_32.jpg
inclusion_35,inclusion,train,529,C:\Users\anmol\OneDrive\Desktop\Steel_Surface_Defect_NEU_DET-DATASET\NEU-DET\IMAGES\inclusion\inclusion_35.jpg
inclusion_36,inclusion,train,530,C:\Users\anmol\OneDrive\Desktop\Steel_Surface_Defect_NEU_DET-DATASET\NEU-DET\IMAGES\inclusion\inclusion_36.jpg
inclusion_38,inclusion,train,532,C:\Users\anmol\OneDrive\Desktop\Steel_Surface_Defect_NEU_DET-DATASET\NEU-DET\IMAGES\inclusion\inclusion_38.jpg
inclusion_4,inclusion,train,534,C:\Users\anmol\OneDrive\Desktop\Steel_Surface_Defect_NEU_DET-DATASET\NEU-DET\IMAGES\inclusion\inclusion_4.jpg
inclusion_40,inclusion,train,535,C:\Users\anmol\OneDrive\Desktop\Steel_Surface_Defect_NEU_DET-DATASET\NEU-DET\IMAGES\inclusion\inclusion_40.jpg
inclusion_42,inclusion,train,537,C:\Users\anmol\OneDrive\Desktop\Steel_Surface_Defect_NEU_DET-DATASET\NEU-DET\IMAGES\inclusion\inclusion_42.jpg
inclusion_43,inclusion,train,538,C:\Users\anmol\OneDrive\Desktop\Steel_Surface_Defect_NEU_DET-DATASET\NEU-DET\IMAGES\inclusion\inclusion_43.jpg
inclusion_44,inclusion,train,539,C:\Users\anmol\OneDrive\Desktop\Steel_Surface_Defect_NEU_DET-DATASET\NEU-DET\IMAGES\inclusion\inclusion_44.jpg
inclusion_46,inclusion,train,541,C:\Users\anmol\OneDrive\Desktop\Steel_Surface_Defect_NEU_DET-DATASET\NEU-DET\IMAGES\inclusion\inclusion_46.jpg
inclusion_48,inclusion,train,543,C:\Users\anmol\OneDrive\Desktop\Steel_Surface_Defect_NEU_DET-DATASET\NEU-DET\IMAGES\inclusion\inclusion_48.jpg
inclusion_49,inclusion,train,544,C:\Users\anmol\OneDrive\Desktop\Steel_Surface_Defect_NEU_DET-DATASET\NEU-DET\IMAGES\inclusion\inclusion_49.jpg
inclusion_50,inclusion,train,546,C:\Users\anmol\OneDrive\Desktop\Steel_Surface_Defect_NEU_DET-DATASET\NEU-DET\IMAGES\inclusion\inclusion_50.jpg
inclusion_51,inclusion,train,547,C:\Users\anmol\OneDrive\Desktop\Steel_Surface_Defect_NEU_DET-DATASET\NEU-DET\IMAGES\inclusion\inclusion_51.jpg
inclusion_52,inclusion,train,548,C:\Users\anmol\OneDrive\Desktop\Steel_Surface_Defect_NEU_DET-DATASET\NEU-DET\IMAGES\inclusion\inclusion_52.jpg
inclusion_53,inclusion,train,549,C:\Users\anmol\OneDrive\Desktop\Steel_Surface_Defect_NEU_DET-DATASET\NEU-DET\IMAGES\inclusion\inclusion_53.jpg
inclusion_54,inclusion,train,550,C:\Users\anmol\OneDrive\Desktop\Steel_Surface_Defect_NEU_DET-DATASET\NEU-DET\IMAGES\inclusion\inclusion_54.jpg
inclusion_55,inclusion,train,551,C:\Users\anmol\OneDrive\Desktop\Steel_Surface_Defect_NEU_DET-DATASET\NEU-DET\IMAGES\inclusion\inclusion_55.jpg
inclusion_56,inclusion,train,552,C:\Users\anmol\OneDrive\Desktop\Steel_Surface_Defect_NEU_DET-DATASET\NEU-DET\IMAGES\inclusion\inclusion_56.jpg
inclusion_57,inclusion,train,553,C:\Users\anmol\OneDrive\Desktop\Steel_Surface_Defect_NEU_DET-DATASET\NEU-DET\IMAGES\inclusion\inclusion_57.jpg
inclusion_59,inclusion,train,555,C:\Users\anmol\OneDrive\Desktop\Steel_Surface_Defect_NEU_DET-DATASET\NEU-DET\IMAGES\inclusion\inclusion_59.jpg
inclusion_6,inclusion,train,556,C:\Users\anmol\OneDrive\Desktop\Steel_Surface_Defect_NEU_DET-DATASET\NEU-DET\IMAGES\inclusion\inclusion_6.jpg
inclusion_60,inclusion,train,557,C:\Users\anmol\OneDrive\Desktop\Steel_Surface_Defect_NEU_DET-DATASET\NEU-DET\IMAGES\inclusion\inclusion_60.jpg
inclusion_61,inclusion,train,558,C:\Users\anmol\OneDrive\Desktop\Steel_Surface_Defect_NEU_DET-DATASET\NEU-DET\IMAGES\inclusion\inclusion_61.jpg
inclusion_62,inclusion,train,559,C:\Users\anmol\OneDrive\Desktop\Steel_Surface_Defect_NEU_DET-DATASET\NEU-DET\IMAGES\inclusion\inclusion_62.jpg
inclusion_63,inclusion,train,560,C:\Users\anmol\OneDrive\Desktop\Steel_Surface_Defect_NEU_DET-DATASET\NEU-DET\IMAGES\inclusion\inclusion_63.jpg
inclusion_64,inclusion,train,561,C:\Users\anmol\OneDrive\Desktop\Steel_Surface_Defect_NEU_DET-DATASET\NEU-DET\IMAGES\inclusion\inclusion_64.jpg
inclusion_65,inclusion,train,562,C:\Users\anmol\OneDrive\Desktop\Steel_Surface_Defect_NEU_DET-DATASET\NEU-DET\IMAGES\inclusion\inclusion_65.jpg
inclusion_68,inclusion,train,565,C:\Users\anmol\OneDrive\Desktop\Steel_Surface_Defect_NEU_DET-DATASET\NEU-DET\IMAGES\inclusion\inclusion_68.jpg
inclusion_69,inclusion,train,566,C:\Users\anmol\OneDrive\Desktop\Steel_Surface_Defect_NEU_DET-DATASET\NEU-DET\IMAGES\inclusion\inclusion_69.jpg
inclusion_7,inclusion,train,567,C:\Users\anmol\OneDrive\Desktop\Steel_Surface_Defect_NEU_DET-DATASET\NEU-DET\IMAGES\inclusion\inclusion_7.jpg
inclusion_70,inclusion,train,568,C:\Users\anmol\OneDrive\Desktop\Steel_Surface_Defect_NEU_DET-DATASET\NEU-DET\IMAGES\inclusion\inclusion_70.jpg
inclusion_71,inclusion,train,569,C:\Users\anmol\OneDrive\Desktop\Steel_Surface_Defect_NEU_DET-DATASET\NEU-DET\IMAGES\inclusion\inclusion_71.jpg
inclusion_73,inclusion,train,571,C:\Users\anmol\OneDrive\Desktop\Steel_Surface_Defect_NEU_DET-DATASET\NEU-DET\IMAGES\inclusion\inclusion_73.jpg
inclusion_74,inclusion,train,572,C:\Users\anmol\OneDrive\Desktop\Steel_Surface_Defect_NEU_DET-DATASET\NEU-DET\IMAGES\inclusion\inclusion_74.jpg
inclusion_78,inclusion,train,576,C:\Users\anmol\OneDrive\Desktop\Steel_Surface_Defect_NEU_DET-DATASET\NEU-DET\IMAGES\inclusion\inclusion_78.jpg
inclusion_79,inclusion,train,577,C:\Users\anmol\OneDrive\Desktop\Steel_Surface_Defect_NEU_DET-DATASET\NEU-DET\IMAGES\inclusion\inclusion_79.jpg
inclusion_81,inclusion,train,580,C:\Users\anmol\OneDrive\Desktop\Steel_Surface_Defect_NEU_DET-DATASET\NEU-DET\IMAGES\inclusion\inclusion_81.jpg
inclusion_82,inclusion,train,581,C:\Users\anmol\OneDrive\Desktop\Steel_Surface_Defect_NEU_DET-DATASET\NEU-DET\IMAGES\inclusion\inclusion_82.jpg
inclusion_83,inclusion,train,582,C:\Users\anmol\OneDrive\Desktop\Steel_Surface_Defect_NEU_DET-DATASET\NEU-DET\IMAGES\inclusion\inclusion_83.jpg
inclusion_89,inclusion,train,588,C:\Users\anmol\OneDrive\Desktop\Steel_Surface_Defect_NEU_DET-DATASET\NEU-DET\IMAGES\inclusion\inclusion_89.jpg
inclusion_90,inclusion,train,590,C:\Users\anmol\OneDrive\Desktop\Steel_Surface_Defect_NEU_DET-DATASET\NEU-DET\IMAGES\inclusion\inclusion_90.jpg
inclusion_91,inclusion,train,591,C:\Users\anmol\OneDrive\Desktop\Steel_Surface_Defect_NEU_DET-DATASET\NEU-DET\IMAGES\inclusion\inclusion_91.jpg
inclusion_92,inclusion,train,592,C:\Users\anmol\OneDrive\Desktop\Steel_Surface_Defect_NEU_DET-DATASET\NEU-DET\IMAGES\inclusion\inclusion_92.jpg
inclusion_93,inclusion,train,593,C:\Users\anmol\OneDrive\Desktop\Steel_Surface_Defect_NEU_DET-DATASET\NEU-DET\IMAGES\inclusion\inclusion_93.jpg
inclusion_94,inclusion,train,594,C:\Users\anmol\OneDrive\Desktop\Steel_Surface_Defect_NEU_DET-DATASET\NEU-DET\IMAGES\inclusion\inclusion_94.jpg
inclusion_97,inclusion,train,597,C:\Users\anmol\OneDrive\Desktop\Steel_Surface_Defect_NEU_DET-DATASET\NEU-DET\IMAGES\inclusion\inclusion_97.jpg
inclusion_98,inclusion,train,598,C:\Users\anmol\OneDrive\Desktop\Steel_Surface_Defect_NEU_DET-DATASET\NEU-DET\IMAGES\inclusion\inclusion_98.jpg
inclusion_99,inclusion,train,599,C:\Users\anmol\OneDrive\Desktop\Steel_Surface_Defect_NEU_DET-DATASET\NEU-DET\IMAGES\inclusion\inclusion_99.jpg
inclusion_12,inclusion,val,323,C:\Users\anmol\OneDrive\Desktop\Steel_Surface_Defect_NEU_DET-DATASET\NEU-DET\IMAGES\inclusion\inclusion_12.jpg
inclusion_120,inclusion,val,324,C:\Users\anmol\OneDrive\Desktop\Steel_Surface_Defect_NEU_DET-DATASET\NEU-DET\IMAGES\inclusion\inclusion_120.jpg
inclusion_138,inclusion,val,343,C:\Users\anmol\OneDrive\Desktop\Steel_Surface_Defect_NEU_DET-DATASET\NEU-DET\IMAGES\inclusion\inclusion_138.jpg
inclusion_146,inclusion,val,352,C:\Users\anmol\OneDrive\Desktop\Steel_Surface_Defect_NEU_DET-DATASET\NEU-DET\IMAGES\inclusion\inclusion_146.jpg
inclusion_151,inclusion,val,358,C:\Users\anmol\OneDrive\Desktop\Steel_Surface_Defect_NEU_DET-DATASET\NEU-DET\IMAGES\inclusion\inclusion_151.jpg
inclusion_176,inclusion,val,385,C:\Users\anmol\OneDrive\Desktop\Steel_Surface_Defect_NEU_DET-DATASET\NEU-DET\IMAGES\inclusion\inclusion_176.jpg
inclusion_179,inclusion,val,388,C:\Users\anmol\OneDrive\Desktop\Steel_Surface_Defect_NEU_DET-DATASET\NEU-DET\IMAGES\inclusion\inclusion_179.jpg
inclusion_181,inclusion,val,391,C:\Users\anmol\OneDrive\Desktop\Steel_Surface_Defect_NEU_DET-DATASET\NEU-DET\IMAGES\inclusion\inclusion_181.jpg
inclusion_205,inclusion,val,418,C:\Users\anmol\OneDrive\Desktop\Steel_Surface_Defect_NEU_DET-DATASET\NEU-DET\IMAGES\inclusion\inclusion_205.jpg
inclusion_206,inclusion,val,419,C:\Users\anmol\OneDrive\Desktop\Steel_Surface_Defect_NEU_DET-DATASET\NEU-DET\IMAGES\inclusion\inclusion_206.jpg
inclusion_217,inclusion,val,431,C:\Users\anmol\OneDrive\Desktop\Steel_Surface_Defect_NEU_DET-DATASET\NEU-DET\IMAGES\inclusion\inclusion_217.jpg
inclusion_223,inclusion,val,438,C:\Users\anmol\OneDrive\Desktop\Steel_Surface_Defect_NEU_DET-DATASET\NEU-DET\IMAGES\inclusion\inclusion_223.jpg
inclusion_226,inclusion,val,441,C:\Users\anmol\OneDrive\Desktop\Steel_Surface_Defect_NEU_DET-DATASET\NEU-DET\IMAGES\inclusion\inclusion_226.jpg
inclusion_246,inclusion,val,463,C:\Users\anmol\OneDrive\Desktop\Steel_Surface_Defect_NEU_DET-DATASET\NEU-DET\IMAGES\inclusion\inclusion_246.jpg
inclusion_253,inclusion,val,471,C:\Users\anmol\OneDrive\Desktop\Steel_Surface_Defect_NEU_DET-DATASET\NEU-DET\IMAGES\inclusion\inclusion_253.jpg
inclusion_255,inclusion,val,473,C:\Users\anmol\OneDrive\Desktop\Steel_Surface_Defect_NEU_DET-DATASET\NEU-DET\IMAGES\inclusion\inclusion_255.jpg
inclusion_26,inclusion,val,478,C:\Users\anmol\OneDrive\Desktop\Steel_Surface_Defect_NEU_DET-DATASET\NEU-DET\IMAGES\inclusion\inclusion_26.jpg
inclusion_266,inclusion,val,485,C:\Users\anmol\OneDrive\Desktop\Steel_Surface_Defect_NEU_DET-DATASET\NEU-DET\IMAGES\inclusion\inclusion_266.jpg
inclusion_287,inclusion,val,508,C:\Users\anmol\OneDrive\Desktop\Steel_Surface_Defect_NEU_DET-DATASET\NEU-DET\IMAGES\inclusion\inclusion_287.jpg
inclusion_299,inclusion,val,521,C:\Users\anmol\OneDrive\Desktop\Steel_Surface_Defect_NEU_DET-DATASET\NEU-DET\IMAGES\inclusion\inclusion_299.jpg
inclusion_39,inclusion,val,533,C:\Users\anmol\OneDrive\Desktop\Steel_Surface_Defect_NEU_DET-DATASET\NEU-DET\IMAGES\inclusion\inclusion_39.jpg
inclusion_47,inclusion,val,542,C:\Users\anmol\OneDrive\Desktop\Steel_Surface_Defect_NEU_DET-DATASET\NEU-DET\IMAGES\inclusion\inclusion_47.jpg
inclusion_66,inclusion,val,563,C:\Users\anmol\OneDrive\Desktop\Steel_Surface_Defect_NEU_DET-DATASET\NEU-DET\IMAGES\inclusion\inclusion_66.jpg
inclusion_67,inclusion,val,564,C:\Users\anmol\OneDrive\Desktop\Steel_Surface_Defect_NEU_DET-DATASET\NEU-DET\IMAGES\inclusion\inclusion_67.jpg
inclusion_72,inclusion,val,570,C:\Users\anmol\OneDrive\Desktop\Steel_Surface_Defect_NEU_DET-DATASET\NEU-DET\IMAGES\inclusion\inclusion_72.jpg
inclusion_75,inclusion,val,573,C:\Users\anmol\OneDrive\Desktop\Steel_Surface_Defect_NEU_DET-DATASET\NEU-DET\IMAGES\inclusion\inclusion_75.jpg
inclusion_8,inclusion,val,578,C:\Users\anmol\OneDrive\Desktop\Steel_Surface_Defect_NEU_DET-DATASET\NEU-DET\IMAGES\inclusion\inclusion_8.jpg
inclusion_85,inclusion,val,584,C:\Users\anmol\OneDrive\Desktop\Steel_Surface_Defect_NEU_DET-DATASET\NEU-DET\IMAGES\inclusion\inclusion_85.jpg
inclusion_86,inclusion,val,585,C:\Users\anmol\OneDrive\Desktop\Steel_Surface_Defect_NEU_DET-DATASET\NEU-DET\IMAGES\inclusion\inclusion_86.jpg
inclusion_95,inclusion,val,595,C:\Users\anmol\OneDrive\Desktop\Steel_Surface_Defect_NEU_DET-DATASET\NEU-DET\IMAGES\inclusion\inclusion_95.jpg
patches_101,patches,test,603,C:\Users\anmol\OneDrive\Desktop\Steel_Surface_Defect_NEU_DET-DATASET\NEU-DET\IMAGES\patches\patches_101.jpg
patches_105,patches,test,603,C:\Users\anmol\OneDrive\Desktop\Steel_Surface_Defect_NEU_DET-DATASET\NEU-DET\IMAGES\patches\patches_105.jpg
patches_107,patches,test,608,C:\Users\anmol\OneDrive\Desktop\Steel_Surface_Defect_NEU_DET-DATASET\NEU-DET\IMAGES\patches\patches_107.jpg
patches_119,patches,test,621,C:\Users\anmol\OneDrive\Desktop\Steel_Surface_Defect_NEU_DET-DATASET\NEU-DET\IMAGES\patches\patches_119.jpg
patches_120,patches,test,623,C:\Users\anmol\OneDrive\Desktop\Steel_Surface_Defect_NEU_DET-DATASET\NEU-DET\IMAGES\patches\patches_120.jpg
patches_124,patches,test,627,C:\Users\anmol\OneDrive\Desktop\Steel_Surface_Defect_NEU_DET-DATASET\NEU-DET\IMAGES\patches\patches_124.jpg
patches_138,patches,test,642,C:\Users\anmol\OneDrive\Desktop\Steel_Surface_Defect_NEU_DET-DATASET\NEU-DET\IMAGES\patches\patches_138.jpg
patches_142,patches,test,647,C:\Users\anmol\OneDrive\Desktop\Steel_Surface_Defect_NEU_DET-DATASET\NEU-DET\IMAGES\patches\patches_142.jpg
patches_143,patches,test,648,C:\Users\anmol\OneDrive\Desktop\Steel_Surface_Defect_NEU_DET-DATASET\NEU-DET\IMAGES\patches\patches_143.jpg
patches_154,patches,test,660,C:\Users\anmol\OneDrive\Desktop\Steel_Surface_Defect_NEU_DET-DATASET\NEU-DET\IMAGES\patches\patches_154.jpg
patches_163,patches,test,670,C:\Users\anmol\OneDrive\Desktop\Steel_Surface_Defect_NEU_DET-DATASET\NEU-DET\IMAGES\patches\patches_163.jpg
patches_17,patches,test,677,C:\Users\anmol\OneDrive\Desktop\Steel_Surface_Defect_NEU_DET-DATASET\NEU-DET\IMAGES\patches\patches_17.jpg
patches_18,patches,test,688,C:\Users\anmol\OneDrive\Desktop\Steel_Surface_Defect_NEU_DET-DATASET\NEU-DET\IMAGES\patches\patches_18.jpg
patches_186,patches,test,695,C:\Users\anmol\OneDrive\Desktop\Steel_Surface_Defect_NEU_DET-DATASET\NEU-DET\IMAGES\patches\patches_186.jpg
patches_207,patches,test,719,C:\Users\anmol\OneDrive\Desktop\Steel_Surface_Defect_NEU_DET-DATASET\NEU-DET\IMAGES\patches\patches_207.jpg
patches_210,patches,test,723,C:\Users\anmol\OneDrive\Desktop\Steel_Surface_Defect_NEU_DET-DATASET\NEU-DET\IMAGES\patches\patches_210.jpg
patches_213,patches,test,726,C:\Users\anmol\OneDrive\Desktop\Steel_Surface_Defect_NEU_DET-DATASET\NEU-DET\IMAGES\patches\patches_213.jpg
patches_218,patches,test,731,C:\Users\anmol\OneDrive\Desktop\Steel_Surface_Defect_NEU_DET-DATASET\NEU-DET\IMAGES\patches\patches_218.jpg
patches_220,patches,test,734,C:\Users\anmol\OneDrive\Desktop\Steel_Surface_Defect_NEU_DET-DATASET\NEU-DET\IMAGES\patches\patches_220.jpg
patches_227,patches,test,741,C:\Users\anmol\OneDrive\Desktop\Steel_Surface_Defect_NEU_DET-DATASET\NEU-DET\IMAGES\patches\patches_227.jpg
patches_23,patches,test,744,C:\Users\anmol\OneDrive\Desktop\Steel_Surface_Defect_NEU_DET-DATASET\NEU-DET\IMAGES\patches\patches_23.jpg
patches_235,patches,test,750,C:\Users\anmol\OneDrive\Desktop\Steel_Surface_Defect_NEU_DET-DATASET\NEU-DET\IMAGES\patches\patches_235.jpg
patches_236,patches,test,751,C:\Users\anmol\OneDrive\Desktop\Steel_Surface_Defect_NEU_DET-DATASET\NEU-DET\IMAGES\patches\patches_236.jpg
patches_238,patches,test,753,C:\Users\anmol\OneDrive\Desktop\Steel_Surface_Defect_NEU_DET-DATASET\NEU-DET\IMAGES\patches\patches_238.jpg
patches_242,patches,test,758,C:\Users\anmol\OneDrive\Desktop\Steel_Surface_Defect_NEU_DET-DATASET\NEU-DET\IMAGES\patches\patches_242.jpg
patches_243,patches,test,759,C:\Users\anmol\OneDrive\Desktop\Steel_Surface_Defect_NEU_DET-DATASET\NEU-DET\IMAGES\patches\patches_243.jpg
patches_245,patches,test,761,C:\Users\anmol\OneDrive\Desktop\Steel_Surface_Defect_NEU_DET-DATASET\NEU-DET\IMAGES\patches\patches_245.jpg
patches_247,patches,test,763,C:\Users\anmol\OneDrive\Desktop\Steel_Surface_Defect_NEU_DET-DATASET\NEU-DET\IMAGES\patches\patches_247.jpg
patches_248,patches,test,764,C:\Users\anmol\OneDrive\Desktop\Steel_Surface_Defect_NEU_DET-DATASET\NEU-DET\IMAGES\patches\patches_248.jpg
patches_254,patches,test,771,C:\Users\anmol\OneDrive\Desktop\Steel_Surface_Defect_NEU_DET-DATASET\NEU-DET\IMAGES\patches\patches_254.jpg
patches_259,patches,test,776,C:\Users\anmol\OneDrive\Desktop\Steel_Surface_Defect_NEU_DET-DATASET\NEU-DET\IMAGES\patches\patches_259.jpg
patches_26,patches,test,777,C:\Users\anmol\OneDrive\Desktop\Steel_Surface_Defect_NEU_DET-DATASET\NEU-DET\IMAGES\patches\patches_26.jpg
patches_261,patches,test,779,C:\Users\anmol\OneDrive\Desktop\Steel_Surface_Defect_NEU_DET-DATASET\NEU-DET\IMAGES\patches\patches_261.jpg
patches_264,patches,test,782,C:\Users\anmol\OneDrive\Desktop\Steel_Surface_Defect_NEU_DET-DATASET\NEU-DET\IMAGES\patches\patches_264.jpg
patches_267,patches,test,785,C:\Users\anmol\OneDrive\Desktop\Steel_Surface_Defect_NEU_DET-DATASET\NEU-DET\IMAGES\patches\patches_267.jpg
patches_269,patches,test,787,C:\Users\anmol\OneDrive\Desktop\Steel_Surface_Defect_NEU_DET-DATASET\NEU-DET\IMAGES\patches\patches_269.jpg
patches_278,patches,test,797,C:\Users\anmol\OneDrive\Desktop\Steel_Surface_Defect_NEU_DET-DATASET\NEU-DET\IMAGES\patches\patches_278.jpg
patches_28,patches,test,799,C:\Users\anmol\OneDrive\Desktop\Steel_Surface_Defect_NEU_DET-DATASET\NEU-DET\IMAGES\patches\patches_28.jpg
patches_281,patches,test,801,C:\Users\anmol\OneDrive\Desktop\Steel_Surface_Defect_NEU_DET-DATASET\NEU-DET\IMAGES\patches\patches_281.jpg
patches_288,patches,test,808,C:\Users\anmol\OneDrive\Desktop\Steel_Surface_Defect_NEU_DET-DATASET\NEU-DET\IMAGES\patches\patches_288.jpg
patches_291,patches,test,812,C:\Users\anmol\OneDrive\Desktop\Steel_Surface_Defect_NEU_DET-DATASET\NEU-DET\IMAGES\patches\patches_291.jpg
patches_293,patches,test,814,C:\Users\anmol\OneDrive\Desktop\Steel_Surface_Defect_NEU_DET-DATASET\NEU-DET\IMAGES\patches\patches_293.jpg
patches_297,patches,test,818,C:\Users\anmol\OneDrive\Desktop\Steel_Surface_Defect_NEU_DET-DATASET\NEU-DET\IMAGES\patches\patches_297.jpg
patches_36,patches,test,829,C:\Users\anmol\OneDrive\Desktop\Steel_Surface_Defect_NEU_DET-DATASET\NEU-DET\IMAGES\patches\patches_36.jpg
patches_37,patches,test,830,C:\Users\anmol\OneDrive\Desktop\Steel_Surface_Defect_NEU_DET-DATASET\NEU-DET\IMAGES\patches\patches_37.jpg
patches_38,patches,test,831,C:\Users\anmol\OneDrive\Desktop\Steel_Surface_Defect_NEU_DET-DATASET\NEU-DET\IMAGES\patches\patches_38.jpg
patches_41,patches,test,835,C:\Users\anmol\OneDrive\Desktop\Steel_Surface_Defect_NEU_DET-DATASET\NEU-DET\IMAGES\patches\patches_41.jpg
patches_45,patches,test,839,C:\Users\anmol\OneDrive\Desktop\Steel_Surface_Defect_NEU_DET-DATASET\NEU-DET\IMAGES\patches\patches_45.jpg
patches_46,patches,test,840,C:\Users\anmol\OneDrive\Desktop\Steel_Surface_Defect_NEU_DET-DATASET\NEU-DET\IMAGES\patches\patches_46.jpg
patches_53,patches,test,848,C:\Users\anmol\OneDrive\Desktop\Steel_Surface_Defect_NEU_DET-DATASET\NEU-DET\IMAGES\patches\patches_53.jpg
patches_54,patches,test,849,C:\Users\anmol\OneDrive\Desktop\Steel_Surface_Defect_NEU_DET-DATASET\NEU-DET\IMAGES\patches\patches_54.jpg
patches_57,patches,test,852,C:\Users\anmol\OneDrive\Desktop\Steel_Surface_Defect_NEU_DET-DATASET\NEU-DET\IMAGES\patches\patches_57.jpg
patches_60,patches,test,856,C:\Users\anmol\OneDrive\Desktop\Steel_Surface_Defect_NEU_DET-DATASET\NEU-DET\IMAGES\patches\patches_60.jpg
patches_64,patches,test,860,C:\Users\anmol\OneDrive\Desktop\Steel_Surface_Defect_NEU_DET-DATASET\NEU-DET\IMAGES\patches\patches_64.jpg
patches_76,patches,test,873,C:\Users\anmol\OneDrive\Desktop\Steel_Surface_Defect_NEU_DET-DATASET\NEU-DET\IMAGES\patches\patches_76.jpg
patches_78,patches,test,875,C:\Users\anmol\OneDrive\Desktop\Steel_Surface_Defect_NEU_DET-DATASET\NEU-DET\IMAGES\patches\patches_78.jpg
patches_84,patches,test,882,C:\Users\anmol\OneDrive\Desktop\Steel_Surface_Defect_NEU_DET-DATASET\NEU-DET\IMAGES\patches\patches_84.jpg
patches_85,patches,test,883,C:\Users\anmol\OneDrive\Desktop\Steel_Surface_Defect_NEU_DET-DATASET\NEU-DET\IMAGES\patches\patches_85.jpg
patches_88,patches,test,886,C:\Users\anmol\OneDrive\Desktop\Steel_Surface_Defect_NEU_DET-DATASET\NEU-DET\IMAGES\patches\patches_88.jpg
patches_91,patches,test,890,C:\Users\anmol\OneDrive\Desktop\Steel_Surface_Defect_NEU_DET-DATASET\NEU-DET\IMAGES\patches\patches_91.jpg
patches_10,patches,train,601,C:\Users\anmol\OneDrive\Desktop\Steel_Surface_Defect_NEU_DET-DATASET\NEU-DET\IMAGES\patches\patches_10.jpg
patches_100,patches,train,602,C:\Users\anmol\OneDrive\Desktop\Steel_Surface_Defect_NEU_DET-DATASET\NEU-DET\IMAGES\patches\patches_100.jpg
patches_102,patches,train,604,C:\Users\anmol\OneDrive\Desktop\Steel_Surface_Defect_NEU_DET-DATASET\NEU-DET\IMAGES\patches\patches_102.jpg
patches_103,patches,train,605,C:\Users\anmol\OneDrive\Desktop\Steel_Surface_Defect_NEU_DET-DATASET\NEU-DET\IMAGES\patches\patches_103.jpg
patches_104,patches,train,606,C:\Users\anmol\OneDrive\Desktop\Steel_Surface_Defect_NEU_DET-DATASET\NEU-DET\IMAGES\patches\patches_104.jpg
patches_106,patches,train,607,C:\Users\anmol\OneDrive\Desktop\Steel_Surface_Defect_NEU_DET-DATASET\NEU-DET\IMAGES\patches\patches_106.jpg
patches_108,patches,train,609,C:\Users\anmol\OneDrive\Desktop\Steel_Surface_Defect_NEU_DET-DATASET\NEU-DET\IMAGES\patches\patches_108.jpg
patches_109,patches,train,610,C:\Users\anmol\OneDrive\Desktop\Steel_Surface_Defect_NEU_DET-DATASET\NEU-DET\IMAGES\patches\patches_109.jpg
patches_110,patches,train,612,C:\Users\anmol\OneDrive\Desktop\Steel_Surface_Defect_NEU_DET-DATASET\NEU-DET\IMAGES\patches\patches_110.jpg
patches_111,patches,train,613,C:\Users\anmol\OneDrive\Desktop\Steel_Surface_Defect_NEU_DET-DATASET\NEU-DET\IMAGES\patches\patches_111.jpg
patches_112,patches,train,614,C:\Users\anmol\OneDrive\Desktop\Steel_Surface_Defect_NEU_DET-DATASET\NEU-DET\IMAGES\patches\patches_112.jpg
patches_113,patches,train,615,C:\Users\anmol\OneDrive\Desktop\Steel_Surface_Defect_NEU_DET-DATASET\NEU-DET\IMAGES\patches\patches_113.jpg
patches_114,patches,train,616,C:\Users\anmol\OneDrive\Desktop\Steel_Surface_Defect_NEU_DET-DATASET\NEU-DET\IMAGES\patches\patches_114.jpg
patches_115,patches,train,617,C:\Users\anmol\OneDrive\Desktop\Steel_Surface_Defect_NEU_DET-DATASET\NEU-DET\IMAGES\patches\patches_115.jpg
patches_116,patches,train,618,C:\Users\anmol\OneDrive\Desktop\Steel_Surface_Defect_NEU_DET-DATASET\NEU-DET\IMAGES\patches\patches_116.jpg
patches_117,patches,train,619,C:\Users\anmol\OneDrive\Desktop\Steel_Surface_Defect_NEU_DET-DATASET\NEU-DET\IMAGES\patches\patches_117.jpg
patches_118,patches,train,620,C:\Users\anmol\OneDrive\Desktop\Steel_Surface_Defect_NEU_DET-DATASET\NEU-DET\IMAGES\patches\patches_118.jpg
patches_12,patches,train,622,C:\Users\anmol\OneDrive\Desktop\Steel_Surface_Defect_NEU_DET-DATASET\NEU-DET\IMAGES\patches\patches_12.jpg
patches_121,patches,train,624,C:\Users\anmol\OneDrive\Desktop\Steel_Surface_Defect_NEU_DET-DATASET\NEU-DET\IMAGES\patches\patches_121.jpg
patches_122,patches,train,625,C:\Users\anmol\OneDrive\Desktop\Steel_Surface_Defect_NEU_DET-DATASET\NEU-DET\IMAGES\patches\patches_122.jpg
patches_123,patches,train,626,C:\Users\anmol\OneDrive\Desktop\Steel_Surface_Defect_NEU_DET-DATASET\NEU-DET\IMAGES\patches\patches_123.jpg
patches_126,patches,train,629,C:\Users\anmol\OneDrive\Desktop\Steel_Surface_Defect_NEU_DET-DATASET\NEU-DET\IMAGES\patches\patches_126.jpg
patches_127,patches,train,630,C:\Users\anmol\OneDrive\Desktop\Steel_Surface_Defect_NEU_DET-DATASET\NEU-DET\IMAGES\patches\patches_127.jpg
patches_129,patches,train,632,C:\Users\anmol\OneDrive\Desktop\Steel_Surface_Defect_NEU_DET-DATASET\NEU-DET\IMAGES\patches\patches_129.jpg
patches_13,patches,train,633,C:\Users\anmol\OneDrive\Desktop\Steel_Surface_Defect_NEU_DET-DATASET\NEU-DET\IMAGES\patches\patches_13.jpg
patches_130,patches,train,634,C:\Users\anmol\OneDrive\Desktop\Steel_Surface_Defect_NEU_DET-DATASET\NEU-DET\IMAGES\patches\patches_130.jpg
patches_131,patches,train,635,C:\Users\anmol\OneDrive\Desktop\Steel_Surface_Defect_NEU_DET-DATASET\NEU-DET\IMAGES\patches\patches_131.jpg
patches_133,patches,train,637,C:\Users\anmol\OneDrive\Desktop\Steel_Surface_Defect_NEU_DET-DATASET\NEU-DET\IMAGES\patches\patches_133.jpg
patches_134,patches,train,638,C:\Users\anmol\OneDrive\Desktop\Steel_Surface_Defect_NEU_DET-DATASET\NEU-DET\IMAGES\patches\patches_134.jpg
patches_135,patches,train,639,C:\Users\anmol\OneDrive\Desktop\Steel_Surface_Defect_NEU_DET-DATASET\NEU-DET\IMAGES\patches\patches_135.jpg
patches_136,patches,train,640,C:\Users\anmol\OneDrive\Desktop\Steel_Surface_Defect_NEU_DET-DATASET\NEU-DET\IMAGES\patches\patches_136.jpg
patches_137,patches,train,641,C:\Users\anmol\OneDrive\Desktop\Steel_Surface_Defect_NEU_DET-DATASET\NEU-DET\IMAGES\patches\patches_137.jpg
patches_139,patches,train,643,C:\Users\anmol\OneDrive\Desktop\Steel_Surface_Defect_NEU_DET-DATASET\NEU-DET\IMAGES\patches\patches_139.jpg
patches_14,patches,train,644,C:\Users\anmol\OneDrive\Desktop\Steel_Surface_Defect_NEU_DET-DATASET\NEU-DET\IMAGES\patches\patches_14.jpg
patches_140,patches,train,645,C:\Users\anmol\OneDrive\Desktop\Steel_Surface_Defect_NEU_DET-DATASET\NEU-DET\IMAGES\patches\patches_140.jpg
patches_141,patches,train,646,C:\Users\anmol\OneDrive\Desktop\Steel_Surface_Defect_NEU_DET-DATASET\NEU-DET\IMAGES\patches\patches_141.jpg
patches_145,patches,train,650,C:\Users\anmol\OneDrive\Desktop\Steel_Surface_Defect_NEU_DET-DATASET\NEU-DET\IMAGES\patches\patches_145.jpg
patches_146,patches,train,651,C:\Users\anmol\OneDrive\Desktop\Steel_Surface_Defect_NEU_DET-DATASET\NEU-DET\IMAGES\patches\patches_146.jpg
patches_147,patches,train,652,C:\Users\anmol\OneDrive\Desktop\Steel_Surface_Defect_NEU_DET-DATASET\NEU-DET\IMAGES\patches\patches_147.jpg
patches_148,patches,train,653,C:\Users\anmol\OneDrive\Desktop\Steel_Surface_Defect_NEU_DET-DATASET\NEU-DET\IMAGES\patches\patches_148.jpg
patches_149,patches,train,654,C:\Users\anmol\OneDrive\Desktop\Steel_Surface_Defect_NEU_DET-DATASET\NEU-DET\IMAGES\patches\patches_149.jpg
patches_15,patches,train,655,C:\Users\anmol\OneDrive\Desktop\Steel_Surface_Defect_NEU_DET-DATASET\NEU-DET\IMAGES\patches\patches_15.jpg
patches_150,patches,train,656,C:\Users\anmol\OneDrive\Desktop\Steel_Surface_Defect_NEU_DET-DATASET\NEU-DET\IMAGES\patches\patches_150.jpg
patches_152,patches,train,658,C:\Users\anmol\OneDrive\Desktop\Steel_Surface_Defect_NEU_DET-DATASET\NEU-DET\IMAGES\patches\patches_152.jpg
patches_153,patches,train,659,C:\Users\anmol\OneDrive\Desktop\Steel_Surface_Defect_NEU_DET-DATASET\NEU-DET\IMAGES\patches\patches_153.jpg
patches_156,patches,train,662,C:\Users\anmol\OneDrive\Desktop\Steel_Surface_Defect_NEU_DET-DATASET\NEU-DET\IMAGES\patches\patches_156.jpg
patches_158,patches,train,664,C:\Users\anmol\OneDrive\Desktop\Steel_Surface_Defect_NEU_DET-DATASET\NEU-DET\IMAGES\patches\patches_158.jpg
patches_159,patches,train,665,C:\Users\anmol\OneDrive\Desktop\Steel_Surface_Defect_NEU_DET-DATASET\NEU-DET\IMAGES\patches\patches_159.jpg
patches_16,patches,train,666,C:\Users\anmol\OneDrive\Desktop\Steel_Surface_Defect_NEU_DET-DATASET\NEU-DET\IMAGES\patches\patches_16.jpg
patches_160,patches,train,667,C:\Users\anmol\OneDrive\Desktop\Steel_Surface_Defect_NEU_DET-DATASET\NEU-DET\IMAGES\patches\patches_160.jpg
patches_161,patches,train,668,C:\Users\anmol\OneDrive\Desktop\Steel_Surface_Defect_NEU_DET-DATASET\NEU-DET\IMAGES\patches\patches_161.jpg
patches_162,patches,train,669,C:\Users\anmol\OneDrive\Desktop\Steel_Surface_Defect_NEU_DET-DATASET\NEU-DET\IMAGES\patches\patches_162.jpg
patches_164,patches,train,671,C:\Users\anmol\OneDrive\Desktop\Steel_Surface_Defect_NEU_DET-DATASET\NEU-DET\IMAGES\patches\patches_164.jpg
patches_165,patches,train,672,C:\Users\anmol\OneDrive\Desktop\Steel_Surface_Defect_NEU_DET-DATASET\NEU-DET\IMAGES\patches\patches_165.jpg
patches_166,patches,train,673,C:\Users\anmol\OneDrive\Desktop\Steel_Surface_Defect_NEU_DET-DATASET\NEU-DET\IMAGES\patches\patches_166.jpg
patches_167,patches,train,674,C:\Users\anmol\OneDrive\Desktop\Steel_Surface_Defect_NEU_DET-DATASET\NEU-DET\IMAGES\patches\patches_167.jpg
patches_168,patches,train,675,C:\Users\anmol\OneDrive\Desktop\Steel_Surface_Defect_NEU_DET-DATASET\NEU-DET\IMAGES\patches\patches_168.jpg
patches_170,patches,train,678,C:\Users\anmol\OneDrive\Desktop\Steel_Surface_Defect_NEU_DET-DATASET\NEU-DET\IMAGES\patches\patches_170.jpg
patches_171,patches,train,679,C:\Users\anmol\OneDrive\Desktop\Steel_Surface_Defect_NEU_DET-DATASET\NEU-DET\IMAGES\patches\patches_171.jpg
patches_172,patches,train,680,C:\Users\anmol\OneDrive\Desktop\Steel_Surface_Defect_NEU_DET-DATASET\NEU-DET\IMAGES\patches\patches_172.jpg
patches_174,patches,train,682,C:\Users\anmol\OneDrive\Desktop\Steel_Surface_Defect_NEU_DET-DATASET\NEU-DET\IMAGES\patches\patches_174.jpg
patches_175,patches,train,683,C:\Users\anmol\OneDrive\Desktop\Steel_Surface_Defect_NEU_DET-DATASET\NEU-DET\IMAGES\patches\patches_175.jpg
patches_177,patches,train,685,C:\Users\anmol\OneDrive\Desktop\Steel_Surface_Defect_NEU_DET-DATASET\NEU-DET\IMAGES\patches\patches_177.jpg
patches_178,patches,train,686,C:\Users\anmol\OneDrive\Desktop\Steel_Surface_Defect_NEU_DET-DATASET\NEU-DET\IMAGES\patches\patches_178.jpg
patches_179,patches,train,687,C:\Users\anmol\OneDrive\Desktop\Steel_Surface_Defect_NEU_DET-DATASET\NEU-DET\IMAGES\patches\patches_179.jpg
patches_180,patches,train,689,C:\Users\anmol\OneDrive\Desktop\Steel_Surface_Defect_NEU_DET-DATASET\NEU-DET\IMAGES\patches\patches_180.jpg
patches_181,patches,train,690,C:\Users\anmol\OneDrive\Desktop\Steel_Surface_Defect_NEU_DET-DATASET\NEU-DET\IMAGES\patches\patches_181.jpg
patches_182,patches,train,691,C:\Users\anmol\OneDrive\Desktop\Steel_Surface_Defect_NEU_DET-DATASET\NEU-DET\IMAGES\patches\patches_182.jpg
patches_183,patches,train,692,C:\Users\anmol\OneDrive\Desktop\Steel_Surface_Defect_NEU_DET-DATASET\NEU-DET\IMAGES\patches\patches_183.jpg
patches_184,patches,train,693,C:\Users\anmol\OneDrive\Desktop\Steel_Surface_Defect_NEU_DET-DATASET\NEU-DET\IMAGES\patches\patches_184.jpg
patches_185,patches,train,694,C:\Users\anmol\OneDrive\Desktop\Steel_Surface_Defect_NEU_DET-DATASET\NEU-DET\IMAGES\patches\patches_185.jpg
patches_187,patches,train,696,C:\Users\anmol\OneDrive\Desktop\Steel_Surface_Defect_NEU_DET-DATASET\NEU-DET\IMAGES\patches\patches_187.jpg
patches_188,patches,train,697,C:\Users\anmol\OneDrive\Desktop\Steel_Surface_Defect_NEU_DET-DATASET\NEU-DET\IMAGES\patches\patches_188.jpg
patches_19,patches,train,699,C:\Users\anmol\OneDrive\Desktop\Steel_Surface_Defect_NEU_DET-DATASET\NEU-DET\IMAGES\patches\patches_19.jpg
patches_190,patches,train,700,C:\Users\anmol\OneDrive\Desktop\Steel_Surface_Defect_NEU_DET-DATASET\NEU-DET\IMAGES\patches\patches_190.jpg
patches_191,patches,train,701,C:\Users\anmol\OneDrive\Desktop\Steel_Surface_Defect_NEU_DET-DATASET\NEU-DET\IMAGES\patches\patches_191.jpg
patches_192,patches,train,702,C:\Users\anmol\OneDrive\Desktop\Steel_Surface_Defect_NEU_DET-DATASET\NEU-DET\IMAGES\patches\patches_192.jpg
patches_193,patches,train,703,C:\Users\anmol\OneDrive\Desktop\Steel_Surface_Defect_NEU_DET-DATASET\NEU-DET\IMAGES\patches\patches_193.jpg
patches_194,patches,train,704,C:\Users\anmol\OneDrive\Desktop\Steel_Surface_Defect_NEU_DET-DATASET\NEU-DET\IMAGES\patches\patches_194.jpg
patches_195,patches,train,705,C:\Users\anmol\OneDrive\Desktop\Steel_Surface_Defect_NEU_DET-DATASET\NEU-DET\IMAGES\patches\patches_195.jpg
patches_196,patches,train,706,C:\Users\anmol\OneDrive\Desktop\Steel_Surface_Defect_NEU_DET-DATASET\NEU-DET\IMAGES\patches\patches_196.jpg
patches_197,patches,train,707,C:\Users\anmol\OneDrive\Desktop\Steel_Surface_Defect_NEU_DET-DATASET\NEU-DET\IMAGES\patches\patches_197.jpg
patches_198,patches,train,708,C:\Users\anmol\OneDrive\Desktop\Steel_Surface_Defect_NEU_DET-DATASET\NEU-DET\IMAGES\patches\patches_198.jpg
patches_199,patches,train,709,C:\Users\anmol\OneDrive\Desktop\Steel_Surface_Defect_NEU_DET-DATASET\NEU-DET\IMAGES\patches\patches_199.jpg
patches_2,patches,train,710,C:\Users\anmol\OneDrive\Desktop\Steel_Surface_Defect_NEU_DET-DATASET\NEU-DET\IMAGES\patches\patches_2.jpg
patches_20,patches,train,711,C:\Users\anmol\OneDrive\Desktop\Steel_Surface_Defect_NEU_DET-DATASET\NEU-DET\IMAGES\patches\patches_20.jpg
patches_200,patches,train,712,C:\Users\anmol\OneDrive\Desktop\Steel_Surface_Defect_NEU_DET-DATASET\NEU-DET\IMAGES\patches\patches_200.jpg
patches_201,patches,train,713,C:\Users\anmol\OneDrive\Desktop\Steel_Surface_Defect_NEU_DET-DATASET\NEU-DET\IMAGES\patches\patches_201.jpg
patches_202,patches,train,714,C:\Users\anmol\OneDrive\Desktop\Steel_Surface_Defect_NEU_DET-DATASET\NEU-DET\IMAGES\patches\patches_202.jpg
patches_203,patches,train,715,C:\Users\anmol\OneDrive\Desktop\Steel_Surface_Defect_NEU_DET-DATASET\NEU-DET\IMAGES\patches\patches_203.jpg
patches_205,patches,train,717,C:\Users\anmol\OneDrive\Desktop\Steel_Surface_Defect_NEU_DET-DATASET\NEU-DET\IMAGES\patches\patches_205.jpg
patches_206,patches,train,718,C:\Users\anmol\OneDrive\Desktop\Steel_Surface_Defect_NEU_DET-DATASET\NEU-DET\IMAGES\patches\patches_206.jpg
patches_208,patches,train,720,C:\Users\anmol\OneDrive\Desktop\Steel_Surface_Defect_NEU_DET-DATASET\NEU-DET\IMAGES\patches\patches_208.jpg
patches_209,patches,train,721,C:\Users\anmol\OneDrive\Desktop\Steel_Surface_Defect_NEU_DET-DATASET\NEU-DET\IMAGES\patches\patches_209.jpg
patches_211,patches,train,724,C:\Users\anmol\OneDrive\Desktop\Steel_Surface_Defect_NEU_DET-DATASET\NEU-DET\IMAGES\patches\patches_211.jpg
patches_212,patches,train,725,C:\Users\anmol\OneDrive\Desktop\Steel_Surface_Defect_NEU_DET-DATASET\NEU-DET\IMAGES\patches\patches_212.jpg
patches_214,patches,train,727,C:\Users\anmol\OneDrive\Desktop\Steel_Surface_Defect_NEU_DET-DATASET\NEU-DET\IMAGES\patches\patches_214.jpg
patches_215,patches,train,728,C:\Users\anmol\OneDrive\Desktop\Steel_Surface_Defect_NEU_DET-DATASET\NEU-DET\IMAGES\patches\patches_215.jpg
patches_216,patches,train,729,C:\Users\anmol\OneDrive\Desktop\Steel_Surface_Defect_NEU_DET-DATASET\NEU-DET\IMAGES\patches\patches_216.jpg
patches_217,patches,train,730,C:\Users\anmol\OneDrive\Desktop\Steel_Surface_Defect_NEU_DET-DATASET\NEU-DET\IMAGES\patches\patches_217.jpg
patches_219,patches,train,732,C:\Users\anmol\OneDrive\Desktop\Steel_Surface_Defect_NEU_DET-DATASET\NEU-DET\IMAGES\patches\patches_219.jpg
patches_22,patches,train,733,C:\Users\anmol\OneDrive\Desktop\Steel_Surface_Defect_NEU_DET-DATASET\NEU-DET\IMAGES\patches\patches_22.jpg
patches_221,patches,train,735,C:\Users\anmol\OneDrive\Desktop\Steel_Surface_Defect_NEU_DET-DATASET\NEU-DET\IMAGES\patches\patches_221.jpg
patches_222,patches,train,736,C:\Users\anmol\OneDrive\Desktop\Steel_Surface_Defect_NEU_DET-DATASET\NEU-DET\IMAGES\patches\patches_222.jpg
patches_223,patches,train,737,C:\Users\anmol\OneDrive\Desktop\Steel_Surface_Defect_NEU_DET-DATASET\NEU-DET\IMAGES\patches\patches_223.jpg
patches_225,patches,train,739,C:\Users\anmol\OneDrive\Desktop\Steel_Surface_Defect_NEU_DET-DATASET\NEU-DET\IMAGES\patches\patches_225.jpg
patches_226,patches,train,740,C:\Users\anmol\OneDrive\Desktop\Steel_Surface_Defect_NEU_DET-DATASET\NEU-DET\IMAGES\patches\patches_226.jpg
patches_228,patches,train,742,C:\Users\anmol\OneDrive\Desktop\Steel_Surface_Defect_NEU_DET-DATASET\NEU-DET\IMAGES\patches\patches_228.jpg
patches_230,patches,train,745,C:\Users\anmol\OneDrive\Desktop\Steel_Surface_Defect_NEU_DET-DATASET\NEU-DET\IMAGES\patches\patches_230.jpg
patches_231,patches,train,746,C:\Users\anmol\OneDrive\Desktop\Steel_Surface_Defect_NEU_DET-DATASET\NEU-DET\IMAGES\patches\patches_231.jpg
patches_232,patches,train,747,C:\Users\anmol\OneDrive\Desktop\Steel_Surface_Defect_NEU_DET-DATASET\NEU-DET\IMAGES\patches\patches_232.jpg
patches_233,patches,train,748,C:\Users\anmol\OneDrive\Desktop\Steel_Surface_Defect_NEU_DET-DATASET\NEU-DET\IMAGES\patches\patches_233.jpg
patches_234,patches,train,749,C:\Users\anmol\OneDrive\Desktop\Steel_Surface_Defect_NEU_DET-DATASET\NEU-DET\IMAGES\patches\patches_234.jpg
patches_24,patches,train,755,C:\Users\anmol\OneDrive\Desktop\Steel_Surface_Defect_NEU_DET-DATASET\NEU-DET\IMAGES\patches\patches_24.jpg
patches_240,patches,train,756,C:\Users\anmol\OneDrive\Desktop\Steel_Surface_Defect_NEU_DET-DATASET\NEU-DET\IMAGES\patches\patches_240.jpg
patches_241,patches,train,757,C:\Users\anmol\OneDrive\Desktop\Steel_Surface_Defect_NEU_DET-DATASET\NEU-DET\IMAGES\patches\patches_241.jpg
patches_244,patches,train,760,C:\Users\anmol\OneDrive\Desktop\Steel_Surface_Defect_NEU_DET-DATASET\NEU-DET\IMAGES\patches\patches_244.jpg
patches_246,patches,train,762,C:\Users\anmol\OneDrive\Desktop\Steel_Surface_Defect_NEU_DET-DATASET\NEU-DET\IMAGES\patches\patches_246.jpg
patches_249,patches,train,765,C:\Users\anmol\OneDrive\Desktop\Steel_Surface_Defect_NEU_DET-DATASET\NEU-DET\IMAGES\patches\patches_249.jpg
patches_25,patches,train,766,C:\Users\anmol\OneDrive\Desktop\Steel_Surface_Defect_NEU_DET-DATASET\NEU-DET\IMAGES\patches\patches_25.jpg
patches_250,patches,train,767,C:\Users\anmol\OneDrive\Desktop\Steel_Surface_Defect_NEU_DET-DATASET\NEU-DET\IMAGES\patches\patches_250.jpg
patches_251,patches,train,768,C:\Users\anmol\OneDrive\Desktop\Steel_Surface_Defect_NEU_DET-DATASET\NEU-DET\IMAGES\patches\patches_251.jpg
patches_252,patches,train,769,C:\Users\anmol\OneDrive\Desktop\Steel_Surface_Defect_NEU_DET-DATASET\NEU-DET\IMAGES\patches\patches_252.jpg
patches_253,patches,train,770,C:\Users\anmol\OneDrive\Desktop\Steel_Surface_Defect_NEU_DET-DATASET\NEU-DET\IMAGES\patches\patches_253.jpg
patches_255,patches,train,772,C:\Users\anmol\OneDrive\Desktop\Steel_Surface_Defect_NEU_DET-DATASET\NEU-DET\IMAGES\patches\patches_255.jpg
patches_257,patches,train,774,C:\Users\anmol\OneDrive\Desktop\Steel_Surface_Defect_NEU_DET-DATASET\NEU-DET\IMAGES\patches\patches_257.jpg
patches_258,patches,train,775,C:\Users\anmol\OneDrive\Desktop\Steel_Surface_Defect_NEU_DET-DATASET\NEU-DET\IMAGES\patches\patches_258.jpg
patches_260,patches,train,778,C:\Users\anmol\OneDrive\Desktop\Steel_Surface_Defect_NEU_DET-DATASET\NEU-DET\IMAGES\patches\patches_260.jpg
patches_262,patches,train,780,C:\Users\anmol\OneDrive\Desktop\Steel_Surface_Defect_NEU_DET-DATASET\NEU-DET\IMAGES\patches\patches_262.jpg
patches_263,patches,train,781,C:\Users\anmol\OneDrive\Desktop\Steel_Surface_Defect_NEU_DET-DATASET\NEU-DET\IMAGES\patches\patches_263.jpg
patches_265,patches,train,783,C:\Users\anmol\OneDrive\Desktop\Steel_Surface_Defect_NEU_DET-DATASET\NEU-DET\IMAGES\patches\patches_265.jpg
patches_266,patches,train,784,C:\Users\anmol\OneDrive\Desktop\Steel_Surface_Defect_NEU_DET-DATASET\NEU-DET\IMAGES\patches\patches_266.jpg
patches_268,patches,train,786,C:\Users\anmol\OneDrive\Desktop\Steel_Surface_Defect_NEU_DET-DATASET\NEU-DET\IMAGES\patches\patches_268.jpg
patches_27,patches,train,788,C:\Users\anmol\OneDrive\Desktop\Steel_Surface_Defect_NEU_DET-DATASET\NEU-DET\IMAGES\patches\patches_27.jpg
patches_270,patches,train,789,C:\Users\anmol\OneDrive\Desktop\Steel_Surface_Defect_NEU_DET-DATASET\NEU-DET\IMAGES\patches\patches_270.jpg
patches_271,patches,train,790,C:\Users\anmol\OneDrive\Desktop\Steel_Surface_Defect_NEU_DET-DATASET\NEU-DET\IMAGES\patches\patches_271.jpg
patches_272,patches,train,791,C:\Users\anmol\OneDrive\Desktop\Steel_Surface_Defect_NEU_DET-DATASET\NEU-DET\IMAGES\patches\patches_272.jpg
patches_273,patches,train,792,C:\Users\anmol\OneDrive\Desktop\Steel_Surface_Defect_NEU_DET-DATASET\NEU-DET\IMAGES\patches\patches_273.jpg
patches_274,patches,train,793,C:\Users\anmol\OneDrive\Desktop\Steel_Surface_Defect_NEU_DET-DATASET\NEU-DET\IMAGES\patches\patches_274.jpg
patches_275,patches,train,794,C:\Users\anmol\OneDrive\Desktop\Steel_Surface_Defect_NEU_DET-DATASET\NEU-DET\IMAGES\patches\patches_275.jpg
patches_276,patches,train,795,C:\Users\anmol\OneDrive\Desktop\Steel_Surface_Defect_NEU_DET-DATASET\NEU-DET\IMAGES\patches\patches_276.jpg
patches_277,patches,train,796,C:\Users\anmol\OneDrive\Desktop\Steel_Surface_Defect_NEU_DET-DATASET\NEU-DET\IMAGES\patches\patches_277.jpg
patches_279,patches,train,798,C:\Users\anmol\OneDrive\Desktop\Steel_Surface_Defect_NEU_DET-DATASET\NEU-DET\IMAGES\patches\patches_279.jpg
patches_282,patches,train,802,C:\Users\anmol\OneDrive\Desktop\Steel_Surface_Defect_NEU_DET-DATASET\NEU-DET\IMAGES\patches\patches_282.jpg
patches_284,patches,train,804,C:\Users\anmol\OneDrive\Desktop\Steel_Surface_Defect_NEU_DET-DATASET\NEU-DET\IMAGES\patches\patches_284.jpg
patches_285,patches,train,805,C:\Users\anmol\OneDrive\Desktop\Steel_Surface_Defect_NEU_DET-DATASET\NEU-DET\IMAGES\patches\patches_285.jpg
patches_286,patches,train,806,C:\Users\anmol\OneDrive\Desktop\Steel_Surface_Defect_NEU_DET-DATASET\NEU-DET\IMAGES\patches\patches_286.jpg
patches_287,patches,train,807,C:\Users\anmol\OneDrive\Desktop\Steel_Surface_Defect_NEU_DET-DATASET\NEU-DET\IMAGES\patches\patches_287.jpg
patches_29,patches,train,810,C:\Users\anmol\OneDrive\Desktop\Steel_Surface_Defect_NEU_DET-DATASET\NEU-DET\IMAGES\patches\patches_29.jpg
patches_290,patches,train,811,C:\Users\anmol\OneDrive\Desktop\Steel_Surface_Defect_NEU_DET-DATASET\NEU-DET\IMAGES\patches\patches_290.jpg
patches_292,patches,train,813,C:\Users\anmol\OneDrive\Desktop\Steel_Surface_Defect_NEU_DET-DATASET\NEU-DET\IMAGES\patches\patches_292.jpg
patches_294,patches,train,815,C:\Users\anmol\OneDrive\Desktop\Steel_Surface_Defect_NEU_DET-DATASET\NEU-DET\IMAGES\patches\patches_294.jpg
patches_296,patches,train,817,C:\Users\anmol\OneDrive\Desktop\Steel_Surface_Defect_NEU_DET-DATASET\NEU-DET\IMAGES\patches\patches_296.jpg
patches_298,patches,train,819,C:\Users\anmol\OneDrive\Desktop\Steel_Surface_Defect_NEU_DET-DATASET\NEU-DET\IMAGES\patches\patches_298.jpg
patches_299,patches,train,820,C:\Users\anmol\OneDrive\Desktop\Steel_Surface_Defect_NEU_DET-DATASET\NEU-DET\IMAGES\patches\patches_299.jpg
patches_3,patches,train,821,C:\Users\anmol\OneDrive\Desktop\Steel_Surface_Defect_NEU_DET-DATASET\NEU-DET\IMAGES\patches\patches_3.jpg
patches_30,patches,train,822,C:\Users\anmol\OneDrive\Desktop\Steel_Surface_Defect_NEU_DET-DATASET\NEU-DET\IMAGES\patches\patches_30.jpg
patches_300,patches,train,823,C:\Users\anmol\OneDrive\Desktop\Steel_Surface_Defect_NEU_DET-DATASET\NEU-DET\IMAGES\patches\patches_300.jpg
patches_31,patches,train,824,C:\Users\anmol\OneDrive\Desktop\Steel_Surface_Defect_NEU_DET-DATASET\NEU-DET\IMAGES\patches\patches_31.jpg
patches_32,patches,train,825,C:\Users\anmol\OneDrive\Desktop\Steel_Surface_Defect_NEU_DET-DATASET\NEU-DET\IMAGES\patches\patches_32.jpg
patches_34,patches,train,827,C:\Users\anmol\OneDrive\Desktop\Steel_Surface_Defect_NEU_DET-DATASET\NEU-DET\IMAGES\patches\patches_34.jpg
patches_35,patches,train,828,C:\Users\anmol\OneDrive\Desktop\Steel_Surface_Defect_NEU_DET-DATASET\NEU-DET\IMAGES\patches\patches_35.jpg
patches_39,patches,train,832,C:\Users\anmol\OneDrive\Desktop\Steel_Surface_Defect_NEU_DET-DATASET\NEU-DET\IMAGES\patches\patches_39.jpg
patches_4,patches,train,833,C:\Users\anmol\OneDrive\Desktop\Steel_Surface_Defect_NEU_DET-DATASET\NEU-DET\IMAGES\patches\patches_4.jpg
patches_40,patches,train,834,C:\Users\anmol\OneDrive\Desktop\Steel_Surface_Defect_NEU_DET-DATASET\NEU-DET\IMAGES\patches\patches_40.jpg
patches_42,patches,train,836,C:\Users\anmol\OneDrive\Desktop\Steel_Surface_Defect_NEU_DET-DATASET\NEU-DET\IMAGES\patches\patches_42.jpg
patches_43,patches,train,837,C:\Users\anmol\OneDrive\Desktop\Steel_Surface_Defect_NEU_DET-DATASET\NEU-DET\IMAGES\patches\patches_43.jpg
patches_44,patches,train,838,C:\Users\anmol\OneDrive\Desktop\Steel_Surface_Defect_NEU_DET-DATASET\NEU-DET\IMAGES\patches\patches_44.jpg
patches_48,patches,train,842,C:\Users\anmol\OneDrive\Desktop\Steel_Surface_Defect_NEU_DET-DATASET\NEU-DET\IMAGES\patches\patches_48.jpg
patches_49,patches,train,843,C:\Users\anmol\OneDrive\Desktop\Steel_Surface_Defect_NEU_DET-DATASET\NEU-DET\IMAGES\patches\patches_49.jpg
patches_5,patches,train,844,C:\Users\anmol\OneDrive\Desktop\Steel_Surface_Defect_NEU_DET-DATASET\NEU-DET\IMAGES\patches\patches_5.jpg
patches_50,patches,train,845,C:\Users\anmol\OneDrive\Desktop\Steel_Surface_Defect_NEU_DET-DATASET\NEU-DET\IMAGES\patches\patches_50.jpg
patches_52,patches,train,847,C:\Users\anmol\OneDrive\Desktop\Steel_Surface_Defect_NEU_DET-DATASET\NEU-DET\IMAGES\patches\patches_52.jpg
patches_55,patches,train,850,C:\Users\anmol\OneDrive\Desktop\Steel_Surface_Defect_NEU_DET-DATASET\NEU-DET\IMAGES\patches\patches_55.jpg
patches_56,patches,train,851,C:\Users\anmol\OneDrive\Desktop\Steel_Surface_Defect_NEU_DET-DATASET\NEU-DET\IMAGES\patches\patches_56.jpg
patches_58,patches,train,853,C:\Users\anmol\OneDrive\Desktop\Steel_Surface_Defect_NEU_DET-DATASET\NEU-DET\IMAGES\patches\patches_58.jpg
patches_59,patches,train,854,C:\Users\anmol\OneDrive\Desktop\Steel_Surface_Defect_NEU_DET-DATASET\NEU-DET\IMAGES\patches\patches_59.jpg
patches_6,patches,train,855,C:\Users\anmol\OneDrive\Desktop\Steel_Surface_Defect_NEU_DET-DATASET\NEU-DET\IMAGES\patches\patches_6.jpg
patches_61,patches,train,857,C:\Users\anmol\OneDrive\Desktop\Steel_Surface_Defect_NEU_DET-DATASET\NEU-DET\IMAGES\patches\patches_61.jpg
patches_62,patches,train,858,C:\Users\anmol\OneDrive\Desktop\Steel_Surface_Defect_NEU_DET-DATASET\NEU-DET\IMAGES\patches\patches_62.jpg
patches_63,patches,train,859,C:\Users\anmol\OneDrive\Desktop\Steel_Surface_Defect_NEU_DET-DATASET\NEU-DET\IMAGES\patches\patches_63.jpg
patches_65,patches,train,861,C:\Users\anmol\OneDrive\Desktop\Steel_Surface_Defect_NEU_DET-DATASET\NEU-DET\IMAGES\patches\patches_65.jpg
patches_66,patches,train,862,C:\Users\anmol\OneDrive\Desktop\Steel_Surface_Defect_NEU_DET-DATASET\NEU-DET\IMAGES\patches\patches_66.jpg
patches_67,patches,train,863,C:\Users\anmol\OneDrive\Desktop\Steel_Surface_Defect_NEU_DET-DATASET\NEU-DET\IMAGES\patches\patches_67.jpg
patches_68,patches,train,864,C:\Users\anmol\OneDrive\Desktop\Steel_Surface_Defect_NEU_DET-DATASET\NEU-DET\IMAGES\patches\patches_68.jpg
patches_69,patches,train,865,C:\Users\anmol\OneDrive\Desktop\Steel_Surface_Defect_NEU_DET-DATASET\NEU-DET\IMAGES\patches\patches_69.jpg
patches_7,patches,train,866,C:\Users\anmol\OneDrive\Desktop\Steel_Surface_Defect_NEU_DET-DATASET\NEU-DET\IMAGES\patches\patches_7.jpg
patches_70,patches,train,867,C:\Users\anmol\OneDrive\Desktop\Steel_Surface_Defect_NEU_DET-DATASET\NEU-DET\IMAGES\patches\patches_70.jpg
patches_71,patches,train,868,C:\Users\anmol\OneDrive\Desktop\Steel_Surface_Defect_NEU_DET-DATASET\NEU-DET\IMAGES\patches\patches_71.jpg
patches_72,patches,train,869,C:\Users\anmol\OneDrive\Desktop\Steel_Surface_Defect_NEU_DET-DATASET\NEU-DET\IMAGES\patches\patches_72.jpg
patches_73,patches,train,870,C:\Users\anmol\OneDrive\Desktop\Steel_Surface_Defect_NEU_DET-DATASET\NEU-DET\IMAGES\patches\patches_73.jpg
patches_74,patches,train,871,C:\Users\anmol\OneDrive\Desktop\Steel_Surface_Defect_NEU_DET-DATASET\NEU-DET\IMAGES\patches\patches_74.jpg
patches_75,patches,train,872,C:\Users\anmol\OneDrive\Desktop\Steel_Surface_Defect_NEU_DET-DATASET\NEU-DET\IMAGES\patches\patches_75.jpg
patches_77,patches,train,874,C:\Users\anmol\OneDrive\Desktop\Steel_Surface_Defect_NEU_DET-DATASET\NEU-DET\IMAGES\patches\patches_77.jpg
patches_79,patches,train,876,C:\Users\anmol\OneDrive\Desktop\Steel_Surface_Defect_NEU_DET-DATASET\NEU-DET\IMAGES\patches\patches_79.jpg
patches_8,patches,train,877,C:\Users\anmol\OneDrive\Desktop\Steel_Surface_Defect_NEU_DET-DATASET\NEU-DET\IMAGES\patches\patches_8.jpg
patches_80,patches,train,878,C:\Users\anmol\OneDrive\Desktop\Steel_Surface_Defect_NEU_DET-DATASET\NEU-DET\IMAGES\patches\patches_80.jpg
patches_81,patches,train,879,C:\Users\anmol\OneDrive\Desktop\Steel_Surface_Defect_NEU_DET-DATASET\NEU-DET\IMAGES\patches\patches_81.jpg
patches_83,patches,train,881,C:\Users\anmol\OneDrive\Desktop\Steel_Surface_Defect_NEU_DET-DATASET\NEU-DET\IMAGES\patches\patches_83.jpg
patches_87,patches,train,885,C:\Users\anmol\OneDrive\Desktop\Steel_Surface_Defect_NEU_DET-DATASET\NEU-DET\IMAGES\patches\patches_87.jpg
patches_89,patches,train,887,C:\Users\anmol\OneDrive\Desktop\Steel_Surface_Defect_NEU_DET-DATASET\NEU-DET\IMAGES\patches\patches_89.jpg
patches_9,patches,train,888,C:\Users\anmol\OneDrive\Desktop\Steel_Surface_Defect_NEU_DET-DATASET\NEU-DET\IMAGES\patches\patches_9.jpg
patches_90,patches,train,889,C:\Users\anmol\OneDrive\Desktop\Steel_Surface_Defect_NEU_DET-DATASET\NEU-DET\IMAGES\patches\patches_90.jpg
patches_92,patches,train,891,C:\Users\anmol\OneDrive\Desktop\Steel_Surface_Defect_NEU_DET-DATASET\NEU-DET\IMAGES\patches\patches_92.jpg
patches_93,patches,train,892,C:\Users\anmol\OneDrive\Desktop\Steel_Surface_Defect_NEU_DET-DATASET\NEU-DET\IMAGES\patches\patches_93.jpg
patches_94,patches,train,893,C:\Users\anmol\OneDrive\Desktop\Steel_Surface_Defect_NEU_DET-DATASET\NEU-DET\IMAGES\patches\patches_94.jpg
patches_95,patches,train,894,C:\Users\anmol\OneDrive\Desktop\Steel_Surface_Defect_NEU_DET-DATASET\NEU-DET\IMAGES\patches\patches_95.jpg
patches_96,patches,train,895,C:\Users\anmol\OneDrive\Desktop\Steel_Surface_Defect_NEU_DET-DATASET\NEU-DET\IMAGES\patches\patches_96.jpg
patches_97,patches,train,896,C:\Users\anmol\OneDrive\Desktop\Steel_Surface_Defect_NEU_DET-DATASET\NEU-DET\IMAGES\patches\patches_97.jpg
patches_98,patches,train,897,C:\Users\anmol\OneDrive\Desktop\Steel_Surface_Defect_NEU_DET-DATASET\NEU-DET\IMAGES\patches\patches_98.jpg
patches_1,patches,val,600,C:\Users\anmol\OneDrive\Desktop\Steel_Surface_Defect_NEU_DET-DATASET\NEU-DET\IMAGES\patches\patches_1.jpg
patches_11,patches,val,611,C:\Users\anmol\OneDrive\Desktop\Steel_Surface_Defect_NEU_DET-DATASET\NEU-DET\IMAGES\patches\patches_11.jpg
patches_125,patches,val,628,C:\Users\anmol\OneDrive\Desktop\Steel_Surface_Defect_NEU_DET-DATASET\NEU-DET\IMAGES\patches\patches_125.jpg
patches_128,patches,val,631,C:\Users\anmol\OneDrive\Desktop\Steel_Surface_Defect_NEU_DET-DATASET\NEU-DET\IMAGES\patches\patches_128.jpg
patches_132,patches,val,636,C:\Users\anmol\OneDrive\Desktop\Steel_Surface_Defect_NEU_DET-DATASET\NEU-DET\IMAGES\patches\patches_132.jpg
patches_144,patches,val,649,C:\Users\anmol\OneDrive\Desktop\Steel_Surface_Defect_NEU_DET-DATASET\NEU-DET\IMAGES\patches\patches_144.jpg
patches_151,patches,val,657,C:\Users\anmol\OneDrive\Desktop\Steel_Surface_Defect_NEU_DET-DATASET\NEU-DET\IMAGES\patches\patches_151.jpg
patches_155,patches,val,661,C:\Users\anmol\OneDrive\Desktop\Steel_Surface_Defect_NEU_DET-DATASET\NEU-DET\IMAGES\patches\patches_155.jpg
patches_157,patches,val,663,C:\Users\anmol\OneDrive\Desktop\Steel_Surface_Defect_NEU_DET-DATASET\NEU-DET\IMAGES\patches\patches_157.jpg
patches_169,patches,val,676,C:\Users\anmol\OneDrive\Desktop\Steel_Surface_Defect_NEU_DET-DATASET\NEU-DET\IMAGES\patches\patches_169.jpg
patches_173,patches,val,681,C:\Users\anmol\OneDrive\Desktop\Steel_Surface_Defect_NEU_DET-DATASET\NEU-DET\IMAGES\patches\patches_173.jpg
patches_176,patches,val,684,C:\Users\anmol\OneDrive\Desktop\Steel_Surface_Defect_NEU_DET-DATASET\NEU-DET\IMAGES\patches\patches_176.jpg
patches_189,patches,val,698,C:\Users\anmol\OneDrive\Desktop\Steel_Surface_Defect_NEU_DET-DATASET\NEU-DET\IMAGES\patches\patches_189.jpg
patches_204,patches,val,716,C:\Users\anmol\OneDrive\Desktop\Steel_Surface_Defect_NEU_DET-DATASET\NEU-DET\IMAGES\patches\patches_204.jpg
patches_21,patches,val,722,C:\Users\anmol\OneDrive\Desktop\Steel_Surface_Defect_NEU_DET-DATASET\NEU-DET\IMAGES\patches\patches_21.jpg
patches_224,patches,val,738,C:\Users\anmol\OneDrive\Desktop\Steel_Surface_Defect_NEU_DET-DATASET\NEU-DET\IMAGES\patches\patches_224.jpg
patches_229,patches,val,743,C:\Users\anmol\OneDrive\Desktop\Steel_Surface_Defect_NEU_DET-DATASET\NEU-DET\IMAGES\patches\patches_229.jpg
patches_237,patches,val,752,C:\Users\anmol\OneDrive\Desktop\Steel_Surface_Defect_NEU_DET-DATASET\NEU-DET\IMAGES\patches\patches_237.jpg
patches_239,patches,val,754,C:\Users\anmol\OneDrive\Desktop\Steel_Surface_Defect_NEU_DET-DATASET\NEU-DET\IMAGES\patches\patches_239.jpg
patches_256,patches,val,773,C:\Users\anmol\OneDrive\Desktop\Steel_Surface_Defect_NEU_DET-DATASET\NEU-DET\IMAGES\patches\patches_256.jpg
patches_280,patches,val,800,C:\Users\anmol\OneDrive\Desktop\Steel_Surface_Defect_NEU_DET-DATASET\NEU-DET\IMAGES\patches\patches_280.jpg
patches_283,patches,val,803,C:\Users\anmol\OneDrive\Desktop\Steel_Surface_Defect_NEU_DET-DATASET\NEU-DET\IMAGES\patches\patches_283.jpg
patches_289,patches,val,809,C:\Users\anmol\OneDrive\Desktop\Steel_Surface_Defect_NEU_DET-DATASET\NEU-DET\IMAGES\patches\patches_289.jpg
patches_295,patches,val,816,C:\Users\anmol\OneDrive\Desktop\Steel_Surface_Defect_NEU_DET-DATASET\NEU-DET\IMAGES\patches\patches_295.jpg
patches_33,patches,val,826,C:\Users\anmol\OneDrive\Desktop\Steel_Surface_Defect_NEU_DET-DATASET\NEU-DET\IMAGES\patches\patches_33.jpg
patches_47,patches,val,841,C:\Users\anmol\OneDrive\Desktop\Steel_Surface_Defect_NEU_DET-DATASET\NEU-DET\IMAGES\patches\patches_47.jpg
patches_51,patches,val,846,C:\Users\anmol\OneDrive\Desktop\Steel_Surface_Defect_NEU_DET-DATASET\NEU-DET\IMAGES\patches\patches_51.jpg
patches_82,patches,val,880,C:\Users\anmol\OneDrive\Desktop\Steel_Surface_Defect_NEU_DET-DATASET\NEU-DET\IMAGES\patches\patches_82.jpg
patches_86,patches,val,884,C:\Users\anmol\OneDrive\Desktop\Steel_Surface_Defect_NEU_DET-DATASET\NEU-DET\IMAGES\patches\patches_86.jpg
patches_99,patches,val,898,C:\Users\anmol\OneDrive\Desktop\Steel_Surface_Defect_NEU_DET-DATASET\NEU-DET\IMAGES\patches\patches_99.jpg
pitted_surface_10,pitted_surface,test,900,C:\Users\anmol\OneDrive\Desktop\Steel_Surface_Defect_NEU_DET-DATASET\NEU-DET\IMAGES\pitted_surface\pitted_surface_10.jpg
pitted_surface_111,pitted_surface,test,913,C:\Users\anmol\OneDrive\Desktop\Steel_Surface_Defect_NEU_DET-DATASET\NEU-DET\IMAGES\pitted_surface\pitted_surface_111.jpg
pitted_surface_117,pitted_surface,test,919,C:\Users\anmol\OneDrive\Desktop\Steel_Surface_Defect_NEU_DET-DATASET\NEU-DET\IMAGES\pitted_surface\pitted_surface_117.jpg
pitted_surface_123,pitted_surface,test,926,C:\Users\anmol\OneDrive\Desktop\Steel_Surface_Defect_NEU_DET-DATASET\NEU-DET\IMAGES\pitted_surface\pitted_surface_123.jpg
pitted_surface_125,pitted_surface,test,928,C:\Users\anmol\OneDrive\Desktop\Steel_Surface_Defect_NEU_DET-DATASET\NEU-DET\IMAGES\pitted_surface\pitted_surface_125.jpg
pitted_surface_129,pitted_surface,test,932,C:\Users\anmol\OneDrive\Desktop\Steel_Surface_Defect_NEU_DET-DATASET\NEU-DET\IMAGES\pitted_surface\pitted_surface_129.jpg
pitted_surface_140,pitted_surface,test,945,C:\Users\anmol\OneDrive\Desktop\Steel_Surface_Defect_NEU_DET-DATASET\NEU-DET\IMAGES\pitted_surface\pitted_surface_140.jpg
pitted_surface_149,pitted_surface,test,954,C:\Users\anmol\OneDrive\Desktop\Steel_Surface_Defect_NEU_DET-DATASET\NEU-DET\IMAGES\pitted_surface\pitted_surface_149.jpg
pitted_surface_15,pitted_surface,test,955,C:\Users\anmol\OneDrive\Desktop\Steel_Surface_Defect_NEU_DET-DATASET\NEU-DET\IMAGES\pitted_surface\pitted_surface_15.jpg
pitted_surface_16,pitted_surface,test,966,C:\Users\anmol\OneDrive\Desktop\Steel_Surface_Defect_NEU_DET-DATASET\NEU-DET\IMAGES\pitted_surface\pitted_surface_16.jpg
pitted_surface_160,pitted_surface,test,967,C:\Users\anmol\OneDrive\Desktop\Steel_Surface_Defect_NEU_DET-DATASET\NEU-DET\IMAGES\pitted_surface\pitted_surface_160.jpg
pitted_surface_163,pitted_surface,test,970,C:\Users\anmol\OneDrive\Desktop\Steel_Surface_Defect_NEU_DET-DATASET\NEU-DET\IMAGES\pitted_surface\pitted_surface_163.jpg
pitted_surface_167,pitted_surface,test,974,C:\Users\anmol\OneDrive\Desktop\Steel_Surface_Defect_NEU_DET-DATASET\NEU-DET\IMAGES\pitted_surface\pitted_surface_167.jpg
pitted_surface_171,pitted_surface,test,979,C:\Users\anmol\OneDrive\Desktop\Steel_Surface_Defect_NEU_DET-DATASET\NEU-DET\IMAGES\pitted_surface\pitted_surface_171.jpg
pitted_surface_172,pitted_surface,test,980,C:\Users\anmol\OneDrive\Desktop\Steel_Surface_Defect_NEU_DET-DATASET\NEU-DET\IMAGES\pitted_surface\pitted_surface_172.jpg
pitted_surface_173,pitted_surface,test,981,C:\Users\anmol\OneDrive\Desktop\Steel_Surface_Defect_NEU_DET-DATASET\NEU-DET\IMAGES\pitted_surface\pitted_surface_173.jpg
pitted_surface_175,pitted_surface,test,983,C:\Users\anmol\OneDrive\Desktop\Steel_Surface_Defect_NEU_DET-DATASET\NEU-DET\IMAGES\pitted_surface\pitted_surface_175.jpg
pitted_surface_18,pitted_surface,test,988,C:\Users\anmol\OneDrive\Desktop\Steel_Surface_Defect_NEU_DET-DATASET\NEU-DET\IMAGES\pitted_surface\pitted_surface_18.jpg
pitted_surface_180,pitted_surface,test,989,C:\Users\anmol\OneDrive\Desktop\Steel_Surface_Defect_NEU_DET-DATASET\NEU-DET\IMAGES\pitted_surface\pitted_surface_180.jpg
pitted_surface_181,pitted_surface,test,990,C:\Users\anmol\OneDrive\Desktop\Steel_Surface_Defect_NEU_DET-DATASET\NEU-DET\IMAGES\pitted_surface\pitted_surface_181.jpg
pitted_surface_189,pitted_surface,test,998,C:\Users\anmol\OneDrive\Desktop\Steel_Surface_Defect_NEU_DET-DATASET\NEU-DET\IMAGES\pitted_surface\pitted_surface_189.jpg
pitted_surface_202,pitted_surface,test,1013,C:\Users\anmol\OneDrive\Desktop\Steel_Surface_Defect_NEU_DET-DATASET\NEU-DET\IMAGES\pitted_surface\pitted_surface_202.jpg
pitted_surface_211,pitted_surface,test,1023,C:\Users\anmol\OneDrive\Desktop\Steel_Surface_Defect_NEU_DET-DATASET\NEU-DET\IMAGES\pitted_surface\pitted_surface_211.jpg
pitted_surface_216,pitted_surface,test,1028,C:\Users\anmol\OneDrive\Desktop\Steel_Surface_Defect_NEU_DET-DATASET\NEU-DET\IMAGES\pitted_surface\pitted_surface_216.jpg
pitted_surface_222,pitted_surface,test,1035,C:\Users\anmol\OneDrive\Desktop\Steel_Surface_Defect_NEU_DET-DATASET\NEU-DET\IMAGES\pitted_surface\pitted_surface_222.jpg
pitted_surface_230,pitted_surface,test,1044,C:\Users\anmol\OneDrive\Desktop\Steel_Surface_Defect_NEU_DET-DATASET\NEU-DET\IMAGES\pitted_surface\pitted_surface_230.jpg
pitted_surface_232,pitted_surface,test,1046,C:\Users\anmol\OneDrive\Desktop\Steel_Surface_Defect_NEU_DET-DATASET\NEU-DET\IMAGES\pitted_surface\pitted_surface_232.jpg
pitted_surface_236,pitted_surface,test,1050,C:\Users\anmol\OneDrive\Desktop\Steel_Surface_Defect_NEU_DET-DATASET\NEU-DET\IMAGES\pitted_surface\pitted_surface_236.jpg
pitted_surface_24,pitted_surface,test,1054,C:\Users\anmol\OneDrive\Desktop\Steel_Surface_Defect_NEU_DET-DATASET\NEU-DET\IMAGES\pitted_surface\pitted_surface_24.jpg
pitted_surface_244,pitted_surface,test,1059,C:\Users\anmol\OneDrive\Desktop\Steel_Surface_Defect_NEU_DET-DATASET\NEU-DET\IMAGES\pitted_surface\pitted_surface_244.jpg
pitted_surface_245,pitted_surface,test,1060,C:\Users\anmol\OneDrive\Desktop\Steel_Surface_Defect_NEU_DET-DATASET\NEU-DET\IMAGES\pitted_surface\pitted_surface_245.jpg
pitted_surface_247,pitted_surface,test,1062,C:\Users\anmol\OneDrive\Desktop\Steel_Surface_Defect_NEU_DET-DATASET\NEU-DET\IMAGES\pitted_surface\pitted_surface_247.jpg
pitted_surface_25,pitted_surface,test,1065,C:\Users\anmol\OneDrive\Desktop\Steel_Surface_Defect_NEU_DET-DATASET\NEU-DET\IMAGES\pitted_surface\pitted_surface_25.jpg
pitted_surface_251,pitted_surface,test,1067,C:\Users\anmol\OneDrive\Desktop\Steel_Surface_Defect_NEU_DET-DATASET\NEU-DET\IMAGES\pitted_surface\pitted_surface_251.jpg
pitted_surface_252,pitted_surface,test,1068,C:\Users\anmol\OneDrive\Desktop\Steel_Surface_Defect_NEU_DET-DATASET\NEU-DET\IMAGES\pitted_surface\pitted_surface_252.jpg
pitted_surface_26,pitted_surface,test,1076,C:\Users\anmol\OneDrive\Desktop\Steel_Surface_Defect_NEU_DET-DATASET\NEU-DET\IMAGES\pitted_surface\pitted_surface_26.jpg
pitted_surface_262,pitted_surface,test,1079,C:\Users\anmol\OneDrive\Desktop\Steel_Surface_Defect_NEU_DET-DATASET\NEU-DET\IMAGES\pitted_surface\pitted_surface_262.jpg
pitted_surface_263,pitted_surface,test,1080,C:\Users\anmol\OneDrive\Desktop\Steel_Surface_Defect_NEU_DET-DATASET\NEU-DET\IMAGES\pitted_surface\pitted_surface_263.jpg
pitted_surface_265,pitted_surface,test,1082,C:\Users\anmol\OneDrive\Desktop\Steel_Surface_Defect_NEU_DET-DATASET\NEU-DET\IMAGES\pitted_surface\pitted_surface_265.jpg
pitted_surface_272,pitted_surface,test,1090,C:\Users\anmol\OneDrive\Desktop\Steel_Surface_Defect_NEU_DET-DATASET\NEU-DET\IMAGES\pitted_surface\pitted_surface_272.jpg
pitted_surface_281,pitted_surface,test,1100,C:\Users\anmol\OneDrive\Desktop\Steel_Surface_Defect_NEU_DET-DATASET\NEU-DET\IMAGES\pitted_surface\pitted_surface_281.jpg
pitted_surface_286,pitted_surface,test,1104,C:\Users\anmol\OneDrive\Desktop\Steel_Surface_Defect_NEU_DET-DATASET\NEU-DET\IMAGES\pitted_surface\pitted_surface_286.jpg
pitted_surface_29,pitted_surface,test,1108,C:\Users\anmol\OneDrive\Desktop\Steel_Surface_Defect_NEU_DET-DATASET\NEU-DET\IMAGES\pitted_surface\pitted_surface_29.jpg
pitted_surface_290,pitted_surface,test,1109,C:\Users\anmol\OneDrive\Desktop\Steel_Surface_Defect_NEU_DET-DATASET\NEU-DET\IMAGES\pitted_surface\pitted_surface_290.jpg
pitted_surface_291,pitted_surface,test,1110,C:\Users\anmol\OneDrive\Desktop\Steel_Surface_Defect_NEU_DET-DATASET\NEU-DET\IMAGES\pitted_surface\pitted_surface_291.jpg
pitted_surface_3,pitted_surface,test,1118,C:\Users\anmol\OneDrive\Desktop\Steel_Surface_Defect_NEU_DET-DATASET\NEU-DET\IMAGES\pitted_surface\pitted_surface_3.jpg
pitted_surface_33,pitted_surface,test,1123,C:\Users\anmol\OneDrive\Desktop\Steel_Surface_Defect_NEU_DET-DATASET\NEU-DET\IMAGES\pitted_surface\pitted_surface_33.jpg
pitted_surface_35,pitted_surface,test,1125,C:\Users\anmol\OneDrive\Desktop\Steel_Surface_Defect_NEU_DET-DATASET\NEU-DET\IMAGES\pitted_surface\pitted_surface_35.jpg
pitted_surface_36,pitted_surface,test,1126,C:\Users\anmol\OneDrive\Desktop\Steel_Surface_Defect_NEU_DET-DATASET\NEU-DET\IMAGES\pitted_surface\pitted_surface_36.jpg
pitted_surface_37,pitted_surface,test,1127,C:\Users\anmol\OneDrive\Desktop\Steel_Surface_Defect_NEU_DET-DATASET\NEU-DET\IMAGES\pitted_surface\pitted_surface_37.jpg
pitted_surface_41,pitted_surface,test,1132,C:\Users\anmol\OneDrive\Desktop\Steel_Surface_Defect_NEU_DET-DATASET\NEU-DET\IMAGES\pitted_surface\pitted_surface_41.jpg
pitted_surface_42,pitted_surface,test,1133,C:\Users\anmol\OneDrive\Desktop\Steel_Surface_Defect_NEU_DET-DATASET\NEU-DET\IMAGES\pitted_surface\pitted_surface_42.jpg
pitted_surface_56,pitted_surface,test,1148,C:\Users\anmol\OneDrive\Desktop\Steel_Surface_Defect_NEU_DET-DATASET\NEU-DET\IMAGES\pitted_surface\pitted_surface_56.jpg
pitted_surface_59,pitted_surface,test,1151,C:\Users\anmol\OneDrive\Desktop\Steel_Surface_Defect_NEU_DET-DATASET\NEU-DET\IMAGES\pitted_surface\pitted_surface_59.jpg
pitted_surface_63,pitted_surface,test,1156,C:\Users\anmol\OneDrive\Desktop\Steel_Surface_Defect_NEU_DET-DATASET\NEU-DET\IMAGES\pitted_surface\pitted_surface_63.jpg
pitted_surface_64,pitted_surface,test,1157,C:\Users\anmol\OneDrive\Desktop\Steel_Surface_Defect_NEU_DET-DATASET\NEU-DET\IMAGES\pitted_surface\pitted_surface_64.jpg
pitted_surface_73,pitted_surface,test,1167,C:\Users\anmol\OneDrive\Desktop\Steel_Surface_Defect_NEU_DET-DATASET\NEU-DET\IMAGES\pitted_surface\pitted_surface_73.jpg
pitted_surface_8,pitted_surface,test,1174,C:\Users\anmol\OneDrive\Desktop\Steel_Surface_Defect_NEU_DET-DATASET\NEU-DET\IMAGES\pitted_surface\pitted_surface_8.jpg
pitted_surface_92,pitted_surface,test,1188,C:\Users\anmol\OneDrive\Desktop\Steel_Surface_Defect_NEU_DET-DATASET\NEU-DET\IMAGES\pitted_surface\pitted_surface_92.jpg
pitted_surface_98,pitted_surface,test,1194,C:\Users\anmol\OneDrive\Desktop\Steel_Surface_Defect_NEU_DET-DATASET\NEU-DET\IMAGES\pitted_surface\pitted_surface_98.jpg
pitted_surface_1,pitted_surface,train,899,C:\Users\anmol\OneDrive\Desktop\Steel_Surface_Defect_NEU_DET-DATASET\NEU-DET\IMAGES\pitted_surface\pitted_surface_1.jpg
pitted_surface_100,pitted_surface,train,901,C:\Users\anmol\OneDrive\Desktop\Steel_Surface_Defect_NEU_DET-DATASET\NEU-DET\IMAGES\pitted_surface\pitted_surface_100.jpg
pitted_surface_101,pitted_surface,train,902,C:\Users\anmol\OneDrive\Desktop\Steel_Surface_Defect_NEU_DET-DATASET\NEU-DET\IMAGES\pitted_surface\pitted_surface_101.jpg
pitted_surface_102,pitted_surface,train,903,C:\Users\anmol\OneDrive\Desktop\Steel_Surface_Defect_NEU_DET-DATASET\NEU-DET\IMAGES\pitted_surface\pitted_surface_102.jpg
pitted_surface_103,pitted_surface,train,904,C:\Users\anmol\OneDrive\Desktop\Steel_Surface_Defect_NEU_DET-DATASET\NEU-DET\IMAGES\pitted_surface\pitted_surface_103.jpg
pitted_surface_104,pitted_surface,train,905,C:\Users\anmol\OneDrive\Desktop\Steel_Surface_Defect_NEU_DET-DATASET\NEU-DET\IMAGES\pitted_surface\pitted_surface_104.jpg
pitted_surface_105,pitted_surface,train,906,C:\Users\anmol\OneDrive\Desktop\Steel_Surface_Defect_NEU_DET-DATASET\NEU-DET\IMAGES\pitted_surface\pitted_surface_105.jpg
pitted_surface_107,pitted_surface,train,908,C:\Users\anmol\OneDrive\Desktop\Steel_Surface_Defect_NEU_DET-DATASET\NEU-DET\IMAGES\pitted_surface\pitted_surface_107.jpg
pitted_surface_108,pitted_surface,train,909,C:\Users\anmol\OneDrive\Desktop\Steel_Surface_Defect_NEU_DET-DATASET\NEU-DET\IMAGES\pitted_surface\pitted_surface_108.jpg
pitted_surface_109,pitted_surface,train,910,C:\Users\anmol\OneDrive\Desktop\Steel_Surface_Defect_NEU_DET-DATASET\NEU-DET\IMAGES\pitted_surface\pitted_surface_109.jpg
pitted_surface_11,pitted_surface,train,911,C:\Users\anmol\OneDrive\Desktop\Steel_Surface_Defect_NEU_DET-DATASET\NEU-DET\IMAGES\pitted_surface\pitted_surface_11.jpg
pitted_surface_110,pitted_surface,train,912,C:\Users\anmol\OneDrive\Desktop\Steel_Surface_Defect_NEU_DET-DATASET\NEU-DET\IMAGES\pitted_surface\pitted_surface_110.jpg
pitted_surface_112,pitted_surface,train,914,C:\Users\anmol\OneDrive\Desktop\Steel_Surface_Defect_NEU_DET-DATASET\NEU-DET\IMAGES\pitted_surface\pitted_surface_112.jpg
pitted_surface_113,pitted_surface,train,915,C:\Users\anmol\OneDrive\Desktop\Steel_Surface_Defect_NEU_DET-DATASET\NEU-DET\IMAGES\pitted_surface\pitted_surface_113.jpg
pitted_surface_114,pitted_surface,train,916,C:\Users\anmol\OneDrive\Desktop\Steel_Surface_Defect_NEU_DET-DATASET\NEU-DET\IMAGES\pitted_surface\pitted_surface_114.jpg
pitted_surface_115,pitted_surface,train,917,C:\Users\anmol\OneDrive\Desktop\Steel_Surface_Defect_NEU_DET-DATASET\NEU-DET\IMAGES\pitted_surface\pitted_surface_115.jpg
pitted_surface_116,pitted_surface,train,918,C:\Users\anmol\OneDrive\Desktop\Steel_Surface_Defect_NEU_DET-DATASET\NEU-DET\IMAGES\pitted_surface\pitted_surface_116.jpg
pitted_surface_118,pitted_surface,train,920,C:\Users\anmol\OneDrive\Desktop\Steel_Surface_Defect_NEU_DET-DATASET\NEU-DET\IMAGES\pitted_surface\pitted_surface_118.jpg
pitted_surface_119,pitted_surface,train,921,C:\Users\anmol\OneDrive\Desktop\Steel_Surface_Defect_NEU_DET-DATASET\NEU-DET\IMAGES\pitted_surface\pitted_surface_119.jpg
pitted_surface_120,pitted_surface,train,923,C:\Users\anmol\OneDrive\Desktop\Steel_Surface_Defect_NEU_DET-DATASET\NEU-DET\IMAGES\pitted_surface\pitted_surface_120.jpg
pitted_surface_121,pitted_surface,train,924,C:\Users\anmol\OneDrive\Desktop\Steel_Surface_Defect_NEU_DET-DATASET\NEU-DET\IMAGES\pitted_surface\pitted_surface_121.jpg
pitted_surface_122,pitted_surface,train,925,C:\Users\anmol\OneDrive\Desktop\Steel_Surface_Defect_NEU_DET-DATASET\NEU-DET\IMAGES\pitted_surface\pitted_surface_122.jpg
pitted_surface_124,pitted_surface,train,927,C:\Users\anmol\OneDrive\Desktop\Steel_Surface_Defect_NEU_DET-DATASET\NEU-DET\IMAGES\pitted_surface\pitted_surface_124.jpg
pitted_surface_127,pitted_surface,train,930,C:\Users\anmol\OneDrive\Desktop\Steel_Surface_Defect_NEU_DET-DATASET\NEU-DET\IMAGES\pitted_surface\pitted_surface_127.jpg
pitted_surface_128,pitted_surface,train,931,C:\Users\anmol\OneDrive\Desktop\Steel_Surface_Defect_NEU_DET-DATASET\NEU-DET\IMAGES\pitted_surface\pitted_surface_128.jpg
pitted_surface_13,pitted_surface,train,933,C:\Users\anmol\OneDrive\Desktop\Steel_Surface_Defect_NEU_DET-DATASET\NEU-DET\IMAGES\pitted_surface\pitted_surface_13.jpg
pitted_surface_131,pitted_surface,train,935,C:\Users\anmol\OneDrive\Desktop\Steel_Surface_Defect_NEU_DET-DATASET\NEU-DET\IMAGES\pitted_surface\pitted_surface_131.jpg
pitted_surface_132,pitted_surface,train,936,C:\Users\anmol\OneDrive\Desktop\Steel_Surface_Defect_NEU_DET-DATASET\NEU-DET\IMAGES\pitted_surface\pitted_surface_132.jpg
pitted_surface_133,pitted_surface,train,937,C:\Users\anmol\OneDrive\Desktop\Steel_Surface_Defect_NEU_DET-DATASET\NEU-DET\IMAGES\pitted_surface\pitted_surface_133.jpg
pitted_surface_134,pitted_surface,train,938,C:\Users\anmol\OneDrive\Desktop\Steel_Surface_Defect_NEU_DET-DATASET\NEU-DET\IMAGES\pitted_surface\pitted_surface_134.jpg
pitted_surface_135,pitted_surface,train,939,C:\Users\anmol\OneDrive\Desktop\Steel_Surface_Defect_NEU_DET-DATASET\NEU-DET\IMAGES\pitted_surface\pitted_surface_135.jpg
pitted_surface_136,pitted_surface,train,940,C:\Users\anmol\OneDrive\Desktop\Steel_Surface_Defect_NEU_DET-DATASET\NEU-DET\IMAGES\pitted_surface\pitted_surface_136.jpg
pitted_surface_137,pitted_surface,train,941,C:\Users\anmol\OneDrive\Desktop\Steel_Surface_Defect_NEU_DET-DATASET\NEU-DET\IMAGES\pitted_surface\pitted_surface_137.jpg
pitted_surface_138,pitted_surface,train,942,C:\Users\anmol\OneDrive\Desktop\Steel_Surface_Defect_NEU_DET-DATASET\NEU-DET\IMAGES\pitted_surface\pitted_surface_138.jpg
pitted_surface_139,pitted_surface,train,943,C:\Users\anmol\OneDrive\Desktop\Steel_Surface_Defect_NEU_DET-DATASET\NEU-DET\IMAGES\pitted_surface\pitted_surface_139.jpg
pitted_surface_14,pitted_surface,train,944,C:\Users\anmol\OneDrive\Desktop\Steel_Surface_Defect_NEU_DET-DATASET\NEU-DET\IMAGES\pitted_surface\pitted_surface_14.jpg
pitted_surface_141,pitted_surface,train,946,C:\Users\anmol\OneDrive\Desktop\Steel_Surface_Defect_NEU_DET-DATASET\NEU-DET\IMAGES\pitted_surface\pitted_surface_141.jpg
pitted_surface_142,pitted_surface,train,947,C:\Users\anmol\OneDrive\Desktop\Steel_Surface_Defect_NEU_DET-DATASET\NEU-DET\IMAGES\pitted_surface\pitted_surface_142.jpg
pitted_surface_143,pitted_surface,train,948,C:\Users\anmol\OneDrive\Desktop\Steel_Surface_Defect_NEU_DET-DATASET\NEU-DET\IMAGES\pitted_surface\pitted_surface_143.jpg
pitted_surface_144,pitted_surface,train,949,C:\Users\anmol\OneDrive\Desktop\Steel_Surface_Defect_NEU_DET-DATASET\NEU-DET\IMAGES\pitted_surface\pitted_surface_144.jpg
pitted_surface_145,pitted_surface,train,950,C:\Users\anmol\OneDrive\Desktop\Steel_Surface_Defect_NEU_DET-DATASET\NEU-DET\IMAGES\pitted_surface\pitted_surface_145.jpg
pitted_surface_146,pitted_surface,train,951,C:\Users\anmol\OneDrive\Desktop\Steel_Surface_Defect_NEU_DET-DATASET\NEU-DET\IMAGES\pitted_surface\pitted_surface_146.jpg
pitted_surface_147,pitted_surface,train,952,C:\Users\anmol\OneDrive\Desktop\Steel_Surface_Defect_NEU_DET-DATASET\NEU-DET\IMAGES\pitted_surface\pitted_surface_147.jpg
pitted_surface_148,pitted_surface,train,953,C:\Users\anmol\OneDrive\Desktop\Steel_Surface_Defect_NEU_DET-DATASET\NEU-DET\IMAGES\pitted_surface\pitted_surface_148.jpg
pitted_surface_150,pitted_surface,train,956,C:\Users\anmol\OneDrive\Desktop\Steel_Surface_Defect_NEU_DET-DATASET\NEU-DET\IMAGES\pitted_surface\pitted_surface_150.jpg
pitted_surface_151,pitted_surface,train,957,C:\Users\anmol\OneDrive\Desktop\Steel_Surface_Defect_NEU_DET-DATASET\NEU-DET\IMAGES\pitted_surface\pitted_surface_151.jpg
pitted_surface_152,pitted_surface,train,958,C:\Users\anmol\OneDrive\Desktop\Steel_Surface_Defect_NEU_DET-DATASET\NEU-DET\IMAGES\pitted_surface\pitted_surface_152.jpg
pitted_surface_154,pitted_surface,train,960,C:\Users\anmol\OneDrive\Desktop\Steel_Surface_Defect_NEU_DET-DATASET\NEU-DET\IMAGES\pitted_surface\pitted_surface_154.jpg
pitted_surface_155,pitted_surface,train,961,C:\Users\anmol\OneDrive\Desktop\Steel_Surface_Defect_NEU_DET-DATASET\NEU-DET\IMAGES\pitted_surface\pitted_surface_155.jpg
pitted_surface_156,pitted_surface,train,962,C:\Users\anmol\OneDrive\Desktop\Steel_Surface_Defect_NEU_DET-DATASET\NEU-DET\IMAGES\pitted_surface\pitted_surface_156.jpg
pitted_surface_157,pitted_surface,train,963,C:\Users\anmol\OneDrive\Desktop\Steel_Surface_Defect_NEU_DET-DATASET\NEU-DET\IMAGES\pitted_surface\pitted_surface_157.jpg
pitted_surface_161,pitted_surface,train,968,C:\Users\anmol\OneDrive\Desktop\Steel_Surface_Defect_NEU_DET-DATASET\NEU-DET\IMAGES\pitted_surface\pitted_surface_161.jpg
pitted_surface_162,pitted_surface,train,969,C:\Users\anmol\OneDrive\Desktop\Steel_Surface_Defect_NEU_DET-DATASET\NEU-DET\IMAGES\pitted_surface\pitted_surface_162.jpg
pitted_surface_164,pitted_surface,train,971,C:\Users\anmol\OneDrive\Desktop\Steel_Surface_Defect_NEU_DET-DATASET\NEU-DET\IMAGES\pitted_surface\pitted_surface_164.jpg
pitted_surface_165,pitted_surface,train,972,C:\Users\anmol\OneDrive\Desktop\Steel_Surface_Defect_NEU_DET-DATASET\NEU-DET\IMAGES\pitted_surface\pitted_surface_165.jpg
pitted_surface_168,pitted_surface,train,975,C:\Users\anmol\OneDrive\Desktop\Steel_Surface_Defect_NEU_DET-DATASET\NEU-DET\IMAGES\pitted_surface\pitted_surface_168.jpg
pitted_surface_169,pitted_surface,train,976,C:\Users\anmol\OneDrive\Desktop\Steel_Surface_Defect_NEU_DET-DATASET\NEU-DET\IMAGES\pitted_surface\pitted_surface_169.jpg
pitted_surface_17,pitted_surface,train,977,C:\Users\anmol\OneDrive\Desktop\Steel_Surface_Defect_NEU_DET-DATASET\NEU-DET\IMAGES\pitted_surface\pitted_surface_17.jpg
pitted_surface_170,pitted_surface,train,978,C:\Users\anmol\OneDrive\Desktop\Steel_Surface_Defect_NEU_DET-DATASET\NEU-DET\IMAGES\pitted_surface\pitted_surface_170.jpg
pitted_surface_174,pitted_surface,train,982,C:\Users\anmol\OneDrive\Desktop\Steel_Surface_Defect_NEU_DET-DATASET\NEU-DET\IMAGES\pitted_surface\pitted_surface_174.jpg
pitted_surface_176,pitted_surface,train,984,C:\Users\anmol\OneDrive\Desktop\Steel_Surface_Defect_NEU_DET-DATASET\NEU-DET\IMAGES\pitted_surface\pitted_surface_176.jpg
pitted_surface_177,pitted_surface,train,985,C:\Users\anmol\OneDrive\Desktop\Steel_Surface_Defect_NEU_DET-DATASET\NEU-DET\IMAGES\pitted_surface\pitted_surface_177.jpg
pitted_surface_178,pitted_surface,train,986,C:\Users\anmol\OneDrive\Desktop\Steel_Surface_Defect_NEU_DET-DATASET\NEU-DET\IMAGES\pitted_surface\pitted_surface_178.jpg
pitted_surface_179,pitted_surface,train,987,C:\Users\anmol\OneDrive\Desktop\Steel_Surface_Defect_NEU_DET-DATASET\NEU-DET\IMAGES\pitted_surface\pitted_surface_179.jpg
pitted_surface_182,pitted_surface,train,991,C:\Users\anmol\OneDrive\Desktop\Steel_Surface_Defect_NEU_DET-DATASET\NEU-DET\IMAGES\pitted_surface\pitted_surface_182.jpg
pitted_surface_184,pitted_surface,train,993,C:\Users\anmol\OneDrive\Desktop\Steel_Surface_Defect_NEU_DET-DATASET\NEU-DET\IMAGES\pitted_surface\pitted_surface_184.jpg
pitted_surface_185,pitted_surface,train,994,C:\Users\anmol\OneDrive\Desktop\Steel_Surface_Defect_NEU_DET-DATASET\NEU-DET\IMAGES\pitted_surface\pitted_surface_185.jpg
pitted_surface_186,pitted_surface,train,995,C:\Users\anmol\OneDrive\Desktop\Steel_Surface_Defect_NEU_DET-DATASET\NEU-DET\IMAGES\pitted_surface\pitted_surface_186.jpg
pitted_surface_187,pitted_surface,train,996,C:\Users\anmol\OneDrive\Desktop\Steel_Surface_Defect_NEU_DET-DATASET\NEU-DET\IMAGES\pitted_surface\pitted_surface_187.jpg
pitted_surface_188,pitted_surface,train,997,C:\Users\anmol\OneDrive\Desktop\Steel_Surface_Defect_NEU_DET-DATASET\NEU-DET\IMAGES\pitted_surface\pitted_surface_188.jpg
pitted_surface_19,pitted_surface,train,999,C:\Users\anmol\OneDrive\Desktop\Steel_Surface_Defect_NEU_DET-DATASET\NEU-DET\IMAGES\pitted_surface\pitted_surface_19.jpg
pitted_surface_190,pitted_surface,train,1000,C:\Users\anmol\OneDrive\Desktop\Steel_Surface_Defect_NEU_DET-DATASET\NEU-DET\IMAGES\pitted_surface\pitted_surface_190.jpg
pitted_surface_191,pitted_surface,train,1001,C:\Users\anmol\OneDrive\Desktop\Steel_Surface_Defect_NEU_DET-DATASET\NEU-DET\IMAGES\pitted_surface\pitted_surface_191.jpg
pitted_surface_192,pitted_surface,train,1002,C:\Users\anmol\OneDrive\Desktop\Steel_Surface_Defect_NEU_DET-DATASET\NEU-DET\IMAGES\pitted_surface\pitted_surface_192.jpg
pitted_surface_193,pitted_surface,train,1003,C:\Users\anmol\OneDrive\Desktop\Steel_Surface_Defect_NEU_DET-DATASET\NEU-DET\IMAGES\pitted_surface\pitted_surface_193.jpg
pitted_surface_194,pitted_surface,train,908,C:\Users\anmol\OneDrive\Desktop\Steel_Surface_Defect_NEU_DET-DATASET\NEU-DET\IMAGES\pitted_surface\pitted_surface_194.jpg
pitted_surface_195,pitted_surface,train,1004,C:\Users\anmol\OneDrive\Desktop\Steel_Surface_Defect_NEU_DET-DATASET\NEU-DET\IMAGES\pitted_surface\pitted_surface_195.jpg
pitted_surface_196,pitted_surface,train,1005,C:\Users\anmol\OneDrive\Desktop\Steel_Surface_Defect_NEU_DET-DATASET\NEU-DET\IMAGES\pitted_surface\pitted_surface_196.jpg
pitted_surface_197,pitted_surface,train,1006,C:\Users\anmol\OneDrive\Desktop\Steel_Surface_Defect_NEU_DET-DATASET\NEU-DET\IMAGES\pitted_surface\pitted_surface_197.jpg
pitted_surface_198,pitted_surface,train,1007,C:\Users\anmol\OneDrive\Desktop\Steel_Surface_Defect_NEU_DET-DATASET\NEU-DET\IMAGES\pitted_surface\pitted_surface_198.jpg
pitted_surface_199,pitted_surface,train,1008,C:\Users\anmol\OneDrive\Desktop\Steel_Surface_Defect_NEU_DET-DATASET\NEU-DET\IMAGES\pitted_surface\pitted_surface_199.jpg
pitted_surface_20,pitted_surface,train,1010,C:\Users\anmol\OneDrive\Desktop\Steel_Surface_Defect_NEU_DET-DATASET\NEU-DET\IMAGES\pitted_surface\pitted_surface_20.jpg
pitted_surface_200,pitted_surface,train,1011,C:\Users\anmol\OneDrive\Desktop\Steel_Surface_Defect_NEU_DET-DATASET\NEU-DET\IMAGES\pitted_surface\pitted_surface_200.jpg
pitted_surface_201,pitted_surface,train,1012,C:\Users\anmol\OneDrive\Desktop\Steel_Surface_Defect_NEU_DET-DATASET\NEU-DET\IMAGES\pitted_surface\pitted_surface_201.jpg
pitted_surface_203,pitted_surface,train,1014,C:\Users\anmol\OneDrive\Desktop\Steel_Surface_Defect_NEU_DET-DATASET\NEU-DET\IMAGES\pitted_surface\pitted_surface_203.jpg
pitted_surface_204,pitted_surface,train,1015,C:\Users\anmol\OneDrive\Desktop\Steel_Surface_Defect_NEU_DET-DATASET\NEU-DET\IMAGES\pitted_surface\pitted_surface_204.jpg
pitted_surface_205,pitted_surface,train,1016,C:\Users\anmol\OneDrive\Desktop\Steel_Surface_Defect_NEU_DET-DATASET\NEU-DET\IMAGES\pitted_surface\pitted_surface_205.jpg
pitted_surface_206,pitted_surface,train,1017,C:\Users\anmol\OneDrive\Desktop\Steel_Surface_Defect_NEU_DET-DATASET\NEU-DET\IMAGES\pitted_surface\pitted_surface_206.jpg
pitted_surface_207,pitted_surface,train,1018,C:\Users\anmol\OneDrive\Desktop\Steel_Surface_Defect_NEU_DET-DATASET\NEU-DET\IMAGES\pitted_surface\pitted_surface_207.jpg
pitted_surface_208,pitted_surface,train,1019,C:\Users\anmol\OneDrive\Desktop\Steel_Surface_Defect_NEU_DET-DATASET\NEU-DET\IMAGES\pitted_surface\pitted_surface_208.jpg
pitted_surface_209,pitted_surface,train,1020,C:\Users\anmol\OneDrive\Desktop\Steel_Surface_Defect_NEU_DET-DATASET\NEU-DET\IMAGES\pitted_surface\pitted_surface_209.jpg
pitted_surface_21,pitted_surface,train,1021,C:\Users\anmol\OneDrive\Desktop\Steel_Surface_Defect_NEU_DET-DATASET\NEU-DET\IMAGES\pitted_surface\pitted_surface_21.jpg
pitted_surface_210,pitted_surface,train,1022,C:\Users\anmol\OneDrive\Desktop\Steel_Surface_Defect_NEU_DET-DATASET\NEU-DET\IMAGES\pitted_surface\pitted_surface_210.jpg
pitted_surface_213,pitted_surface,train,1025,C:\Users\anmol\OneDrive\Desktop\Steel_Surface_Defect_NEU_DET-DATASET\NEU-DET\IMAGES\pitted_surface\pitted_surface_213.jpg
pitted_surface_215,pitted_surface,train,1027,C:\Users\anmol\OneDrive\Desktop\Steel_Surface_Defect_NEU_DET-DATASET\NEU-DET\IMAGES\pitted_surface\pitted_surface_215.jpg
pitted_surface_217,pitted_surface,train,1029,C:\Users\anmol\OneDrive\Desktop\Steel_Surface_Defect_NEU_DET-DATASET\NEU-DET\IMAGES\pitted_surface\pitted_surface_217.jpg
pitted_surface_218,pitted_surface,train,1030,C:\Users\anmol\OneDrive\Desktop\Steel_Surface_Defect_NEU_DET-DATASET\NEU-DET\IMAGES\pitted_surface\pitted_surface_218.jpg
pitted_surface_219,pitted_surface,train,1031,C:\Users\anmol\OneDrive\Desktop\Steel_Surface_Defect_NEU_DET-DATASET\NEU-DET\IMAGES\pitted_surface\pitted_surface_219.jpg
pitted_surface_22,pitted_surface,train,1032,C:\Users\anmol\OneDrive\Desktop\Steel_Surface_Defect_NEU_DET-DATASET\NEU-DET\IMAGES\pitted_surface\pitted_surface_22.jpg
pitted_surface_220,pitted_surface,train,1033,C:\Users\anmol\OneDrive\Desktop\Steel_Surface_Defect_NEU_DET-DATASET\NEU-DET\IMAGES\pitted_surface\pitted_surface_220.jpg
pitted_surface_223,pitted_surface,train,1036,C:\Users\anmol\OneDrive\Desktop\Steel_Surface_Defect_NEU_DET-DATASET\NEU-DET\IMAGES\pitted_surface\pitted_surface_223.jpg
pitted_surface_224,pitted_surface,train,1037,C:\Users\anmol\OneDrive\Desktop\Steel_Surface_Defect_NEU_DET-DATASET\NEU-DET\IMAGES\pitted_surface\pitted_surface_224.jpg
pitted_surface_225,pitted_surface,train,1038,C:\Users\anmol\OneDrive\Desktop\Steel_Surface_Defect_NEU_DET-DATASET\NEU-DET\IMAGES\pitted_surface\pitted_surface_225.jpg
pitted_surface_226,pitted_surface,train,1039,C:\Users\anmol\OneDrive\Desktop\Steel_Surface_Defect_NEU_DET-DATASET\NEU-DET\IMAGES\pitted_surface\pitted_surface_226.jpg
pitted_surface_227,pitted_surface,train,1040,C:\Users\anmol\OneDrive\Desktop\Steel_Surface_Defect_NEU_DET-DATASET\NEU-DET\IMAGES\pitted_surface\pitted_surface_227.jpg
pitted_surface_228,pitted_surface,train,1041,C:\Users\anmol\OneDrive\Desktop\Steel_Surface_Defect_NEU_DET-DATASET\NEU-DET\IMAGES\pitted_surface\pitted_surface_228.jpg
pitted_surface_229,pitted_surface,train,1042,C:\Users\anmol\OneDrive\Desktop\Steel_Surface_Defect_NEU_DET-DATASET\NEU-DET\IMAGES\pitted_surface\pitted_surface_229.jpg
pitted_surface_23,pitted_surface,train,1043,C:\Users\anmol\OneDrive\Desktop\Steel_Surface_Defect_NEU_DET-DATASET\NEU-DET\IMAGES\pitted_surface\pitted_surface_23.jpg
pitted_surface_231,pitted_surface,train,1045,C:\Users\anmol\OneDrive\Desktop\Steel_Surface_Defect_NEU_DET-DATASET\NEU-DET\IMAGES\pitted_surface\pitted_surface_231.jpg
pitted_surface_235,pitted_surface,train,1049,C:\Users\anmol\OneDrive\Desktop\Steel_Surface_Defect_NEU_DET-DATASET\NEU-DET\IMAGES\pitted_surface\pitted_surface_235.jpg
pitted_surface_237,pitted_surface,train,1051,C:\Users\anmol\OneDrive\Desktop\Steel_Surface_Defect_NEU_DET-DATASET\NEU-DET\IMAGES\pitted_surface\pitted_surface_237.jpg
pitted_surface_238,pitted_surface,train,1052,C:\Users\anmol\OneDrive\Desktop\Steel_Surface_Defect_NEU_DET-DATASET\NEU-DET\IMAGES\pitted_surface\pitted_surface_238.jpg
pitted_surface_239,pitted_surface,train,1053,C:\Users\anmol\OneDrive\Desktop\Steel_Surface_Defect_NEU_DET-DATASET\NEU-DET\IMAGES\pitted_surface\pitted_surface_239.jpg
pitted_surface_240,pitted_surface,train,1055,C:\Users\anmol\OneDrive\Desktop\Steel_Surface_Defect_NEU_DET-DATASET\NEU-DET\IMAGES\pitted_surface\pitted_surface_240.jpg
pitted_surface_241,pitted_surface,train,1056,C:\Users\anmol\OneDrive\Desktop\Steel_Surface_Defect_NEU_DET-DATASET\NEU-DET\IMAGES\pitted_surface\pitted_surface_241.jpg
pitted_surface_242,pitted_surface,train,1057,C:\Users\anmol\OneDrive\Desktop\Steel_Surface_Defect_NEU_DET-DATASET\NEU-DET\IMAGES\pitted_surface\pitted_surface_242.jpg
pitted_surface_243,pitted_surface,train,1058,C:\Users\anmol\OneDrive\Desktop\Steel_Surface_Defect_NEU_DET-DATASET\NEU-DET\IMAGES\pitted_surface\pitted_surface_243.jpg
pitted_surface_246,pitted_surface,train,1061,C:\Users\anmol\OneDrive\Desktop\Steel_Surface_Defect_NEU_DET-DATASET\NEU-DET\IMAGES\pitted_surface\pitted_surface_246.jpg
pitted_surface_248,pitted_surface,train,1063,C:\Users\anmol\OneDrive\Desktop\Steel_Surface_Defect_NEU_DET-DATASET\NEU-DET\IMAGES\pitted_surface\pitted_surface_248.jpg
pitted_surface_249,pitted_surface,train,1064,C:\Users\anmol\OneDrive\Desktop\Steel_Surface_Defect_NEU_DET-DATASET\NEU-DET\IMAGES\pitted_surface\pitted_surface_249.jpg
pitted_surface_250,pitted_surface,train,1066,C:\Users\anmol\OneDrive\Desktop\Steel_Surface_Defect_NEU_DET-DATASET\NEU-DET\IMAGES\pitted_surface\pitted_surface_250.jpg
pitted_surface_253,pitted_surface,train,1069,C:\Users\anmol\OneDrive\Desktop\Steel_Surface_Defect_NEU_DET-DATASET\NEU-DET\IMAGES\pitted_surface\pitted_surface_253.jpg
pitted_surface_254,pitted_surface,train,1070,C:\Users\anmol\OneDrive\Desktop\Steel_Surface_Defect_NEU_DET-DATASET\NEU-DET\IMAGES\pitted_surface\pitted_surface_254.jpg
pitted_surface_255,pitted_surface,train,1071,C:\Users\anmol\OneDrive\Desktop\Steel_Surface_Defect_NEU_DET-DATASET\NEU-DET\IMAGES\pitted_surface\pitted_surface_255.jpg
pitted_surface_257,pitted_surface,train,1073,C:\Users\anmol\OneDrive\Desktop\Steel_Surface_Defect_NEU_DET-DATASET\NEU-DET\IMAGES\pitted_surface\pitted_surface_257.jpg
pitted_surface_258,pitted_surface,train,1074,C:\Users\anmol\OneDrive\Desktop\Steel_Surface_Defect_NEU_DET-DATASET\NEU-DET\IMAGES\pitted_surface\pitted_surface_258.jpg
pitted_surface_259,pitted_surface,train,1075,C:\Users\anmol\OneDrive\Desktop\Steel_Surface_Defect_NEU_DET-DATASET\NEU-DET\IMAGES\pitted_surface\pitted_surface_259.jpg
pitted_surface_260,pitted_surface,train,1077,C:\Users\anmol\OneDrive\Desktop\Steel_Surface_Defect_NEU_DET-DATASET\NEU-DET\IMAGES\pitted_surface\pitted_surface_260.jpg
pitted_surface_261,pitted_surface,train,1078,C:\Users\anmol\OneDrive\Desktop\Steel_Surface_Defect_NEU_DET-DATASET\NEU-DET\IMAGES\pitted_surface\pitted_surface_261.jpg
pitted_surface_264,pitted_surface,train,1081,C:\Users\anmol\OneDrive\Desktop\Steel_Surface_Defect_NEU_DET-DATASET\NEU-DET\IMAGES\pitted_surface\pitted_surface_264.jpg
pitted_surface_266,pitted_surface,train,1083,C:\Users\anmol\OneDrive\Desktop\Steel_Surface_Defect_NEU_DET-DATASET\NEU-DET\IMAGES\pitted_surface\pitted_surface_266.jpg
pitted_surface_27,pitted_surface,train,1087,C:\Users\anmol\OneDrive\Desktop\Steel_Surface_Defect_NEU_DET-DATASET\NEU-DET\IMAGES\pitted_surface\pitted_surface_27.jpg
pitted_surface_270,pitted_surface,train,1088,C:\Users\anmol\OneDrive\Desktop\Steel_Surface_Defect_NEU_DET-DATASET\NEU-DET\IMAGES\pitted_surface\pitted_surface_270.jpg
pitted_surface_271,pitted_surface,train,1089,C:\Users\anmol\OneDrive\Desktop\Steel_Surface_Defect_NEU_DET-DATASET\NEU-DET\IMAGES\pitted_surface\pitted_surface_271.jpg
pitted_surface_273,pitted_surface,train,1091,C:\Users\anmol\OneDrive\Desktop\Steel_Surface_Defect_NEU_DET-DATASET\NEU-DET\IMAGES\pitted_surface\pitted_surface_273.jpg
pitted_surface_275,pitted_surface,train,1093,C:\Users\anmol\OneDrive\Desktop\Steel_Surface_Defect_NEU_DET-DATASET\NEU-DET\IMAGES\pitted_surface\pitted_surface_275.jpg
pitted_surface_277,pitted_surface,train,1095,C:\Users\anmol\OneDrive\Desktop\Steel_Surface_Defect_NEU_DET-DATASET\NEU-DET\IMAGES\pitted_surface\pitted_surface_277.jpg
pitted_surface_278,pitted_surface,train,1096,C:\Users\anmol\OneDrive\Desktop\Steel_Surface_Defect_NEU_DET-DATASET\NEU-DET\IMAGES\pitted_surface\pitted_surface_278.jpg
pitted_surface_279,pitted_surface,train,1097,C:\Users\anmol\OneDrive\Desktop\Steel_Surface_Defect_NEU_DET-DATASET\NEU-DET\IMAGES\pitted_surface\pitted_surface_279.jpg
pitted_surface_28,pitted_surface,train,1098,C:\Users\anmol\OneDrive\Desktop\Steel_Surface_Defect_NEU_DET-DATASET\NEU-DET\IMAGES\pitted_surface\pitted_surface_28.jpg
pitted_surface_280,pitted_surface,train,1099,C:\Users\anmol\OneDrive\Desktop\Steel_Surface_Defect_NEU_DET-DATASET\NEU-DET\IMAGES\pitted_surface\pitted_surface_280.jpg
pitted_surface_283,pitted_surface,train,1102,C:\Users\anmol\OneDrive\Desktop\Steel_Surface_Defect_NEU_DET-DATASET\NEU-DET\IMAGES\pitted_surface\pitted_surface_283.jpg
pitted_surface_284,pitted_surface,train,1103,C:\Users\anmol\OneDrive\Desktop\Steel_Surface_Defect_NEU_DET-DATASET\NEU-DET\IMAGES\pitted_surface\pitted_surface_284.jpg
pitted_surface_285,pitted_surface,train,908,C:\Users\anmol\OneDrive\Desktop\Steel_Surface_Defect_NEU_DET-DATASET\NEU-DET\IMAGES\pitted_surface\pitted_surface_285.jpg
pitted_surface_287,pitted_surface,train,1105,C:\Users\anmol\OneDrive\Desktop\Steel_Surface_Defect_NEU_DET-DATASET\NEU-DET\IMAGES\pitted_surface\pitted_surface_287.jpg
pitted_surface_288,pitted_surface,train,1106,C:\Users\anmol\OneDrive\Desktop\Steel_Surface_Defect_NEU_DET-DATASET\NEU-DET\IMAGES\pitted_surface\pitted_surface_288.jpg
pitted_surface_289,pitted_surface,train,1107,C:\Users\anmol\OneDrive\Desktop\Steel_Surface_Defect_NEU_DET-DATASET\NEU-DET\IMAGES\pitted_surface\pitted_surface_289.jpg
pitted_surface_292,pitted_surface,train,1111,C:\Users\anmol\OneDrive\Desktop\Steel_Surface_Defect_NEU_DET-DATASET\NEU-DET\IMAGES\pitted_surface\pitted_surface_292.jpg
pitted_surface_295,pitted_surface,train,1114,C:\Users\anmol\OneDrive\Desktop\Steel_Surface_Defect_NEU_DET-DATASET\NEU-DET\IMAGES\pitted_surface\pitted_surface_295.jpg
pitted_surface_296,pitted_surface,train,1115,C:\Users\anmol\OneDrive\Desktop\Steel_Surface_Defect_NEU_DET-DATASET\NEU-DET\IMAGES\pitted_surface\pitted_surface_296.jpg
pitted_surface_297,pitted_surface,train,1116,C:\Users\anmol\OneDrive\Desktop\Steel_Surface_Defect_NEU_DET-DATASET\NEU-DET\IMAGES\pitted_surface\pitted_surface_297.jpg
pitted_surface_298,pitted_surface,train,1117,C:\Users\anmol\OneDrive\Desktop\Steel_Surface_Defect_NEU_DET-DATASET\NEU-DET\IMAGES\pitted_surface\pitted_surface_298.jpg
pitted_surface_299,pitted_surface,train,908,C:\Users\anmol\OneDrive\Desktop\Steel_Surface_Defect_NEU_DET-DATASET\NEU-DET\IMAGES\pitted_surface\pitted_surface_299.jpg
pitted_surface_300,pitted_surface,train,1120,C:\Users\anmol\OneDrive\Desktop\Steel_Surface_Defect_NEU_DET-DATASET\NEU-DET\IMAGES\pitted_surface\pitted_surface_300.jpg
pitted_surface_31,pitted_surface,train,1121,C:\Users\anmol\OneDrive\Desktop\Steel_Surface_Defect_NEU_DET-DATASET\NEU-DET\IMAGES\pitted_surface\pitted_surface_31.jpg
pitted_surface_32,pitted_surface,train,1122,C:\Users\anmol\OneDrive\Desktop\Steel_Surface_Defect_NEU_DET-DATASET\NEU-DET\IMAGES\pitted_surface\pitted_surface_32.jpg
pitted_surface_34,pitted_surface,train,1124,C:\Users\anmol\OneDrive\Desktop\Steel_Surface_Defect_NEU_DET-DATASET\NEU-DET\IMAGES\pitted_surface\pitted_surface_34.jpg
pitted_surface_38,pitted_surface,train,1128,C:\Users\anmol\OneDrive\Desktop\Steel_Surface_Defect_NEU_DET-DATASET\NEU-DET\IMAGES\pitted_surface\pitted_surface_38.jpg
pitted_surface_39,pitted_surface,train,1129,C:\Users\anmol\OneDrive\Desktop\Steel_Surface_Defect_NEU_DET-DATASET\NEU-DET\IMAGES\pitted_surface\pitted_surface_39.jpg
pitted_surface_4,pitted_surface,train,1130,C:\Users\anmol\OneDrive\Desktop\Steel_Surface_Defect_NEU_DET-DATASET\NEU-DET\IMAGES\pitted_surface\pitted_surface_4.jpg
pitted_surface_40,pitted_surface,train,1131,C:\Users\anmol\OneDrive\Desktop\Steel_Surface_Defect_NEU_DET-DATASET\NEU-DET\IMAGES\pitted_surface\pitted_surface_40.jpg
pitted_surface_44,pitted_surface,train,1135,C:\Users\anmol\OneDrive\Desktop\Steel_Surface_Defect_NEU_DET-DATASET\NEU-DET\IMAGES\pitted_surface\pitted_surface_44.jpg
pitted_surface_45,pitted_surface,train,1136,C:\Users\anmol\OneDrive\Desktop\Steel_Surface_Defect_NEU_DET-DATASET\NEU-DET\IMAGES\pitted_surface\pitted_surface_45.jpg
pitted_surface_46,pitted_surface,train,1137,C:\Users\anmol\OneDrive\Desktop\Steel_Surface_Defect_NEU_DET-DATASET\NEU-DET\IMAGES\pitted_surface\pitted_surface_46.jpg
pitted_surface_47,pitted_surface,train,1138,C:\Users\anmol\OneDrive\Desktop\Steel_Surface_Defect_NEU_DET-DATASET\NEU-DET\IMAGES\pitted_surface\pitted_surface_47.jpg
pitted_surface_48,pitted_surface,train,1139,C:\Users\anmol\OneDrive\Desktop\Steel_Surface_Defect_NEU_DET-DATASET\NEU-DET\IMAGES\pitted_surface\pitted_surface_48.jpg
pitted_surface_49,pitted_surface,train,1140,C:\Users\anmol\OneDrive\Desktop\Steel_Surface_Defect_NEU_DET-DATASET\NEU-DET\IMAGES\pitted_surface\pitted_surface_49.jpg
pitted_surface_50,pitted_surface,train,1142,C:\Users\anmol\OneDrive\Desktop\Steel_Surface_Defect_NEU_DET-DATASET\NEU-DET\IMAGES\pitted_surface\pitted_surface_50.jpg
pitted_surface_51,pitted_surface,train,1143,C:\Users\anmol\OneDrive\Desktop\Steel_Surface_Defect_NEU_DET-DATASET\NEU-DET\IMAGES\pitted_surface\pitted_surface_51.jpg
pitted_surface_52,pitted_surface,train,1144,C:\Users\anmol\OneDrive\Desktop\Steel_Surface_Defect_NEU_DET-DATASET\NEU-DET\IMAGES\pitted_surface\pitted_surface_52.jpg
pitted_surface_53,pitted_surface,train,1145,C:\Users\anmol\OneDrive\Desktop\Steel_Surface_Defect_NEU_DET-DATASET\NEU-DET\IMAGES\pitted_surface\pitted_surface_53.jpg
pitted_surface_54,pitted_surface,train,1146,C:\Users\anmol\OneDrive\Desktop\Steel_Surface_Defect_NEU_DET-DATASET\NEU-DET\IMAGES\pitted_surface\pitted_surface_54.jpg
pitted_surface_55,pitted_surface,train,1147,C:\Users\anmol\OneDrive\Desktop\Steel_Surface_Defect_NEU_DET-DATASET\NEU-DET\IMAGES\pitted_surface\pitted_surface_55.jpg
pitted_surface_57,pitted_surface,train,1149,C:\Users\anmol\OneDrive\Desktop\Steel_Surface_Defect_NEU_DET-DATASET\NEU-DET\IMAGES\pitted_surface\pitted_surface_57.jpg
pitted_surface_58,pitted_surface,train,1150,C:\Users\anmol\OneDrive\Desktop\Steel_Surface_Defect_NEU_DET-DATASET\NEU-DET\IMAGES\pitted_surface\pitted_surface_58.jpg
pitted_surface_6,pitted_surface,train,1152,C:\Users\anmol\OneDrive\Desktop\Steel_Surface_Defect_NEU_DET-DATASET\NEU-DET\IMAGES\pitted_surface\pitted_surface_6.jpg
pitted_surface_60,pitted_surface,train,1153,C:\Users\anmol\OneDrive\Desktop\Steel_Surface_Defect_NEU_DET-DATASET\NEU-DET\IMAGES\pitted_surface\pitted_surface_60.jpg
pitted_surface_62,pitted_surface,train,1155,C:\Users\anmol\OneDrive\Desktop\Steel_Surface_Defect_NEU_DET-DATASET\NEU-DET\IMAGES\pitted_surface\pitted_surface_62.jpg
pitted_surface_65,pitted_surface,train,1158,C:\Users\anmol\OneDrive\Desktop\Steel_Surface_Defect_NEU_DET-DATASET\NEU-DET\IMAGES\pitted_surface\pitted_surface_65.jpg
pitted_surface_66,pitted_surface,train,1159,C:\Users\anmol\OneDrive\Desktop\Steel_Surface_Defect_NEU_DET-DATASET\NEU-DET\IMAGES\pitted_surface\pitted_surface_66.jpg
pitted_surface_67,pitted_surface,train,1160,C:\Users\anmol\OneDrive\Desktop\Steel_Surface_Defect_NEU_DET-DATASET\NEU-DET\IMAGES\pitted_surface\pitted_surface_67.jpg
pitted_surface_68,pitted_surface,train,1161,C:\Users\anmol\OneDrive\Desktop\Steel_Surface_Defect_NEU_DET-DATASET\NEU-DET\IMAGES\pitted_surface\pitted_surface_68.jpg
pitted_surface_69,pitted_surface,train,1162,C:\Users\anmol\OneDrive\Desktop\Steel_Surface_Defect_NEU_DET-DATASET\NEU-DET\IMAGES\pitted_surface\pitted_surface_69.jpg
pitted_surface_7,pitted_surface,train,1163,C:\Users\anmol\OneDrive\Desktop\Steel_Surface_Defect_NEU_DET-DATASET\NEU-DET\IMAGES\pitted_surface\pitted_surface_7.jpg
pitted_surface_70,pitted_surface,train,1164,C:\Users\anmol\OneDrive\Desktop\Steel_Surface_Defect_NEU_DET-DATASET\NEU-DET\IMAGES\pitted_surface\pitted_surface_70.jpg
pitted_surface_71,pitted_surface,train,1165,C:\Users\anmol\OneDrive\Desktop\Steel_Surface_Defect_NEU_DET-DATASET\NEU-DET\IMAGES\pitted_surface\pitted_surface_71.jpg
pitted_surface_72,pitted_surface,train,1166,C:\Users\anmol\OneDrive\Desktop\Steel_Surface_Defect_NEU_DET-DATASET\NEU-DET\IMAGES\pitted_surface\pitted_surface_72.jpg
pitted_surface_74,pitted_surface,train,1168,C:\Users\anmol\OneDrive\Desktop\Steel_Surface_Defect_NEU_DET-DATASET\NEU-DET\IMAGES\pitted_surface\pitted_surface_74.jpg
pitted_surface_75,pitted_surface,train,1169,C:\Users\anmol\OneDrive\Desktop\Steel_Surface_Defect_NEU_DET-DATASET\NEU-DET\IMAGES\pitted_surface\pitted_surface_75.jpg
pitted_surface_76,pitted_surface,train,1170,C:\Users\anmol\OneDrive\Desktop\Steel_Surface_Defect_NEU_DET-DATASET\NEU-DET\IMAGES\pitted_surface\pitted_surface_76.jpg
pitted_surface_78,pitted_surface,train,1172,C:\Users\anmol\OneDrive\Desktop\Steel_Surface_Defect_NEU_DET-DATASET\NEU-DET\IMAGES\pitted_surface\pitted_surface_78.jpg
pitted_surface_79,pitted_surface,train,1173,C:\Users\anmol\OneDrive\Desktop\Steel_Surface_Defect_NEU_DET-DATASET\NEU-DET\IMAGES\pitted_surface\pitted_surface_79.jpg
pitted_surface_80,pitted_surface,train,1175,C:\Users\anmol\OneDrive\Desktop\Steel_Surface_Defect_NEU_DET-DATASET\NEU-DET\IMAGES\pitted_surface\pitted_surface_80.jpg
pitted_surface_81,pitted_surface,train,1176,C:\Users\anmol\OneDrive\Desktop\Steel_Surface_Defect_NEU_DET-DATASET\NEU-DET\IMAGES\pitted_surface\pitted_surface_81.jpg
pitted_surface_82,pitted_surface,train,1177,C:\Users\anmol\OneDrive\Desktop\Steel_Surface_Defect_NEU_DET-DATASET\NEU-DET\IMAGES\pitted_surface\pitted_surface_82.jpg
pitted_surface_83,pitted_surface,train,1178,C:\Users\anmol\OneDrive\Desktop\Steel_Surface_Defect_NEU_DET-DATASET\NEU-DET\IMAGES\pitted_surface\pitted_surface_83.jpg
pitted_surface_84,pitted_surface,train,1179,C:\Users\anmol\OneDrive\Desktop\Steel_Surface_Defect_NEU_DET-DATASET\NEU-DET\IMAGES\pitted_surface\pitted_surface_84.jpg
pitted_surface_85,pitted_surface,train,1180,C:\Users\anmol\OneDrive\Desktop\Steel_Surface_Defect_NEU_DET-DATASET\NEU-DET\IMAGES\pitted_surface\pitted_surface_85.jpg
pitted_surface_86,pitted_surface,train,1181,C:\Users\anmol\OneDrive\Desktop\Steel_Surface_Defect_NEU_DET-DATASET\NEU-DET\IMAGES\pitted_surface\pitted_surface_86.jpg
pitted_surface_87,pitted_surface,train,1182,C:\Users\anmol\OneDrive\Desktop\Steel_Surface_Defect_NEU_DET-DATASET\NEU-DET\IMAGES\pitted_surface\pitted_surface_87.jpg
pitted_surface_88,pitted_surface,train,1183,C:\Users\anmol\OneDrive\Desktop\Steel_Surface_Defect_NEU_DET-DATASET\NEU-DET\IMAGES\pitted_surface\pitted_surface_88.jpg
pitted_surface_9,pitted_surface,train,1185,C:\Users\anmol\OneDrive\Desktop\Steel_Surface_Defect_NEU_DET-DATASET\NEU-DET\IMAGES\pitted_surface\pitted_surface_9.jpg
pitted_surface_90,pitted_surface,train,1186,C:\Users\anmol\OneDrive\Desktop\Steel_Surface_Defect_NEU_DET-DATASET\NEU-DET\IMAGES\pitted_surface\pitted_surface_90.jpg
pitted_surface_91,pitted_surface,train,1187,C:\Users\anmol\OneDrive\Desktop\Steel_Surface_Defect_NEU_DET-DATASET\NEU-DET\IMAGES\pitted_surface\pitted_surface_91.jpg
pitted_surface_93,pitted_surface,train,1189,C:\Users\anmol\OneDrive\Desktop\Steel_Surface_Defect_NEU_DET-DATASET\NEU-DET\IMAGES\pitted_surface\pitted_surface_93.jpg
pitted_surface_94,pitted_surface,train,1190,C:\Users\anmol\OneDrive\Desktop\Steel_Surface_Defect_NEU_DET-DATASET\NEU-DET\IMAGES\pitted_surface\pitted_surface_94.jpg
pitted_surface_95,pitted_surface,train,1191,C:\Users\anmol\OneDrive\Desktop\Steel_Surface_Defect_NEU_DET-DATASET\NEU-DET\IMAGES\pitted_surface\pitted_surface_95.jpg
pitted_surface_96,pitted_surface,train,1192,C:\Users\anmol\OneDrive\Desktop\Steel_Surface_Defect_NEU_DET-DATASET\NEU-DET\IMAGES\pitted_surface\pitted_surface_96.jpg
pitted_surface_97,pitted_surface,train,1193,C:\Users\anmol\OneDrive\Desktop\Steel_Surface_Defect_NEU_DET-DATASET\NEU-DET\IMAGES\pitted_surface\pitted_surface_97.jpg
pitted_surface_99,pitted_surface,train,1195,C:\Users\anmol\OneDrive\Desktop\Steel_Surface_Defect_NEU_DET-DATASET\NEU-DET\IMAGES\pitted_surface\pitted_surface_99.jpg
pitted_surface_106,pitted_surface,val,907,C:\Users\anmol\OneDrive\Desktop\Steel_Surface_Defect_NEU_DET-DATASET\NEU-DET\IMAGES\pitted_surface\pitted_surface_106.jpg
pitted_surface_12,pitted_surface,val,922,C:\Users\anmol\OneDrive\Desktop\Steel_Surface_Defect_NEU_DET-DATASET\NEU-DET\IMAGES\pitted_surface\pitted_surface_12.jpg
pitted_surface_126,pitted_surface,val,929,C:\Users\anmol\OneDrive\Desktop\Steel_Surface_Defect_NEU_DET-DATASET\NEU-DET\IMAGES\pitted_surface\pitted_surface_126.jpg
pitted_surface_130,pitted_surface,val,934,C:\Users\anmol\OneDrive\Desktop\Steel_Surface_Defect_NEU_DET-DATASET\NEU-DET\IMAGES\pitted_surface\pitted_surface_130.jpg
pitted_surface_153,pitted_surface,val,959,C:\Users\anmol\OneDrive\Desktop\Steel_Surface_Defect_NEU_DET-DATASET\NEU-DET\IMAGES\pitted_surface\pitted_surface_153.jpg
pitted_surface_158,pitted_surface,val,964,C:\Users\anmol\OneDrive\Desktop\Steel_Surface_Defect_NEU_DET-DATASET\NEU-DET\IMAGES\pitted_surface\pitted_surface_158.jpg
pitted_surface_159,pitted_surface,val,965,C:\Users\anmol\OneDrive\Desktop\Steel_Surface_Defect_NEU_DET-DATASET\NEU-DET\IMAGES\pitted_surface\pitted_surface_159.jpg
pitted_surface_166,pitted_surface,val,973,C:\Users\anmol\OneDrive\Desktop\Steel_Surface_Defect_NEU_DET-DATASET\NEU-DET\IMAGES\pitted_surface\pitted_surface_166.jpg
pitted_surface_183,pitted_surface,val,992,C:\Users\anmol\OneDrive\Desktop\Steel_Surface_Defect_NEU_DET-DATASET\NEU-DET\IMAGES\pitted_surface\pitted_surface_183.jpg
pitted_surface_2,pitted_surface,val,1009,C:\Users\anmol\OneDrive\Desktop\Steel_Surface_Defect_NEU_DET-DATASET\NEU-DET\IMAGES\pitted_surface\pitted_surface_2.jpg
pitted_surface_212,pitted_surface,val,1024,C:\Users\anmol\OneDrive\Desktop\Steel_Surface_Defect_NEU_DET-DATASET\NEU-DET\IMAGES\pitted_surface\pitted_surface_212.jpg
pitted_surface_214,pitted_surface,val,1026,C:\Users\anmol\OneDrive\Desktop\Steel_Surface_Defect_NEU_DET-DATASET\NEU-DET\IMAGES\pitted_surface\pitted_surface_214.jpg
pitted_surface_221,pitted_surface,val,1034,C:\Users\anmol\OneDrive\Desktop\Steel_Surface_Defect_NEU_DET-DATASET\NEU-DET\IMAGES\pitted_surface\pitted_surface_221.jpg
pitted_surface_233,pitted_surface,val,1047,C:\Users\anmol\OneDrive\Desktop\Steel_Surface_Defect_NEU_DET-DATASET\NEU-DET\IMAGES\pitted_surface\pitted_surface_233.jpg
pitted_surface_234,pitted_surface,val,1048,C:\Users\anmol\OneDrive\Desktop\Steel_Surface_Defect_NEU_DET-DATASET\NEU-DET\IMAGES\pitted_surface\pitted_surface_234.jpg
pitted_surface_256,pitted_surface,val,1072,C:\Users\anmol\OneDrive\Desktop\Steel_Surface_Defect_NEU_DET-DATASET\NEU-DET\IMAGES\pitted_surface\pitted_surface_256.jpg
pitted_surface_267,pitted_surface,val,1084,C:\Users\anmol\OneDrive\Desktop\Steel_Surface_Defect_NEU_DET-DATASET\NEU-DET\IMAGES\pitted_surface\pitted_surface_267.jpg
pitted_surface_268,pitted_surface,val,1085,C:\Users\anmol\OneDrive\Desktop\Steel_Surface_Defect_NEU_DET-DATASET\NEU-DET\IMAGES\pitted_surface\pitted_surface_268.jpg
pitted_surface_269,pitted_surface,val,1086,C:\Users\anmol\OneDrive\Desktop\Steel_Surface_Defect_NEU_DET-DATASET\NEU-DET\IMAGES\pitted_surface\pitted_surface_269.jpg
pitted_surface_274,pitted_surface,val,1092,C:\Users\anmol\OneDrive\Desktop\Steel_Surface_Defect_NEU_DET-DATASET\NEU-DET\IMAGES\pitted_surface\pitted_surface_274.jpg
pitted_surface_276,pitted_surface,val,1094,C:\Users\anmol\OneDrive\Desktop\Steel_Surface_Defect_NEU_DET-DATASET\NEU-DET\IMAGES\pitted_surface\pitted_surface_276.jpg
pitted_surface_282,pitted_surface,val,1101,C:\Users\anmol\OneDrive\Desktop\Steel_Surface_Defect_NEU_DET-DATASET\NEU-DET\IMAGES\pitted_surface\pitted_surface_282.jpg
pitted_surface_293,pitted_surface,val,1112,C:\Users\anmol\OneDrive\Desktop\Steel_Surface_Defect_NEU_DET-DATASET\NEU-DET\IMAGES\pitted_surface\pitted_surface_293.jpg
pitted_surface_294,pitted_surface,val,1113,C:\Users\anmol\OneDrive\Desktop\Steel_Surface_Defect_NEU_DET-DATASET\NEU-DET\IMAGES\pitted_surface\pitted_surface_294.jpg
pitted_surface_30,pitted_surface,val,1119,C:\Users\anmol\OneDrive\Desktop\Steel_Surface_Defect_NEU_DET-DATASET\NEU-DET\IMAGES\pitted_surface\pitted_surface_30.jpg
pitted_surface_43,pitted_surface,val,1134,C:\Users\anmol\OneDrive\Desktop\Steel_Surface_Defect_NEU_DET-DATASET\NEU-DET\IMAGES\pitted_surface\pitted_surface_43.jpg
pitted_surface_5,pitted_surface,val,1141,C:\Users\anmol\OneDrive\Desktop\Steel_Surface_Defect_NEU_DET-DATASET\NEU-DET\IMAGES\pitted_surface\pitted_surface_5.jpg
pitted_surface_61,pitted_surface,val,1154,C:\Users\anmol\OneDrive\Desktop\Steel_Surface_Defect_NEU_DET-DATASET\NEU-DET\IMAGES\pitted_surface\pitted_surface_61.jpg
pitted_surface_77,pitted_surface,val,1171,C:\Users\anmol\OneDrive\Desktop\Steel_Surface_Defect_NEU_DET-DATASET\NEU-DET\IMAGES\pitted_surface\pitted_surface_77.jpg
pitted_surface_89,pitted_surface,val,1184,C:\Users\anmol\OneDrive\Desktop\Steel_Surface_Defect_NEU_DET-DATASET\NEU-DET\IMAGES\pitted_surface\pitted_surface_89.jpg
rolled-in_scale_109,rolled-in_scale,test,1207,C:\Users\anmol\OneDrive\Desktop\Steel_Surface_Defect_NEU_DET-DATASET\NEU-DET\IMAGES\rolled-in_scale\rolled-in_scale_109.jpg
rolled-in_scale_117,rolled-in_scale,test,1216,C:\Users\anmol\OneDrive\Desktop\Steel_Surface_Defect_NEU_DET-DATASET\NEU-DET\IMAGES\rolled-in_scale\rolled-in_scale_117.jpg
rolled-in_scale_12,rolled-in_scale,test,1219,C:\Users\anmol\OneDrive\Desktop\Steel_Surface_Defect_NEU_DET-DATASET\NEU-DET\IMAGES\rolled-in_scale\rolled-in_scale_12.jpg
rolled-in_scale_125,rolled-in_scale,test,1225,C:\Users\anmol\OneDrive\Desktop\Steel_Surface_Defect_NEU_DET-DATASET\NEU-DET\IMAGES\rolled-in_scale\rolled-in_scale_125.jpg
rolled-in_scale_127,rolled-in_scale,test,1227,C:\Users\anmol\OneDrive\Desktop\Steel_Surface_Defect_NEU_DET-DATASET\NEU-DET\IMAGES\rolled-in_scale\rolled-in_scale_127.jpg
rolled-in_scale_131,rolled-in_scale,test,1232,C:\Users\anmol\OneDrive\Desktop\Steel_Surface_Defect_NEU_DET-DATASET\NEU-DET\IMAGES\rolled-in_scale\rolled-in_scale_131.jpg
rolled-in_scale_14,rolled-in_scale,test,1241,C:\Users\anmol\OneDrive\Desktop\Steel_Surface_Defect_NEU_DET-DATASET\NEU-DET\IMAGES\rolled-in_scale\rolled-in_scale_14.jpg
rolled-in_scale_145,rolled-in_scale,test,1247,C:\Users\anmol\OneDrive\Desktop\Steel_Surface_Defect_NEU_DET-DATASET\NEU-DET\IMAGES\rolled-in_scale\rolled-in_scale_145.jpg
rolled-in_scale_149,rolled-in_scale,test,1251,C:\Users\anmol\OneDrive\Desktop\Steel_Surface_Defect_NEU_DET-DATASET\NEU-DET\IMAGES\rolled-in_scale\rolled-in_scale_149.jpg
rolled-in_scale_152,rolled-in_scale,test,1255,C:\Users\anmol\OneDrive\Desktop\Steel_Surface_Defect_NEU_DET-DATASET\NEU-DET\IMAGES\rolled-in_scale\rolled-in_scale_152.jpg
rolled-in_scale_155,rolled-in_scale,test,1258,C:\Users\anmol\OneDrive\Desktop\Steel_Surface_Defect_NEU_DET-DATASET\NEU-DET\IMAGES\rolled-in_scale\rolled-in_scale_155.jpg
rolled-in_scale_157,rolled-in_scale,test,1260,C:\Users\anmol\OneDrive\Desktop\Steel_Surface_Defect_NEU_DET-DATASET\NEU-DET\IMAGES\rolled-in_scale\rolled-in_scale_157.jpg
rolled-in_scale_158,rolled-in_scale,test,1261,C:\Users\anmol\OneDrive\Desktop\Steel_Surface_Defect_NEU_DET-DATASET\NEU-DET\IMAGES\rolled-in_scale\rolled-in_scale_158.jpg
rolled-in_scale_16,rolled-in_scale,test,1263,C:\Users\anmol\OneDrive\Desktop\Steel_Surface_Defect_NEU_DET-DATASET\NEU-DET\IMAGES\rolled-in_scale\rolled-in_scale_16.jpg
rolled-in_scale_161,rolled-in_scale,test,1265,C:\Users\anmol\OneDrive\Desktop\Steel_Surface_Defect_NEU_DET-DATASET\NEU-DET\IMAGES\rolled-in_scale\rolled-in_scale_161.jpg
rolled-in_scale_162,rolled-in_scale,test,1266,C:\Users\anmol\OneDrive\Desktop\Steel_Surface_Defect_NEU_DET-DATASET\NEU-DET\IMAGES\rolled-in_scale\rolled-in_scale_162.jpg
rolled-in_scale_163,rolled-in_scale,test,1267,C:\Users\anmol\OneDrive\Desktop\Steel_Surface_Defect_NEU_DET-DATASET\NEU-DET\IMAGES\rolled-in_scale\rolled-in_scale_163.jpg
rolled-in_scale_177,rolled-in_scale,test,1282,C:\Users\anmol\OneDrive\Desktop\Steel_Surface_Defect_NEU_DET-DATASET\NEU-DET\IMAGES\rolled-in_scale\rolled-in_scale_177.jpg
rolled-in_scale_178,rolled-in_scale,test,1283,C:\Users\anmol\OneDrive\Desktop\Steel_Surface_Defect_NEU_DET-DATASET\NEU-DET\IMAGES\rolled-in_scale\rolled-in_scale_178.jpg
rolled-in_scale_18,rolled-in_scale,test,1285,C:\Users\anmol\OneDrive\Desktop\Steel_Surface_Defect_NEU_DET-DATASET\NEU-DET\IMAGES\rolled-in_scale\rolled-in_scale_18.jpg
rolled-in_scale_182,rolled-in_scale,test,1288,C:\Users\anmol\OneDrive\Desktop\Steel_Surface_Defect_NEU_DET-DATASET\NEU-DET\IMAGES\rolled-in_scale\rolled-in_scale_182.jpg
rolled-in_scale_184,rolled-in_scale,test,1290,C:\Users\anmol\OneDrive\Desktop\Steel_Surface_Defect_NEU_DET-DATASET\NEU-DET\IMAGES\rolled-in_scale\rolled-in_scale_184.jpg
rolled-in_scale_187,rolled-in_scale,test,1293,C:\Users\anmol\OneDrive\Desktop\Steel_Surface_Defect_NEU_DET-DATASET\NEU-DET\IMAGES\rolled-in_scale\rolled-in_scale_187.jpg
rolled-in_scale_189,rolled-in_scale,test,1295,C:\Users\anmol\OneDrive\Desktop\Steel_Surface_Defect_NEU_DET-DATASET\NEU-DET\IMAGES\rolled-in_scale\rolled-in_scale_189.jpg
rolled-in_scale_191,rolled-in_scale,test,1298,C:\Users\anmol\OneDrive\Desktop\Steel_Surface_Defect_NEU_DET-DATASET\NEU-DET\IMAGES\rolled-in_scale\rolled-in_scale_191.jpg
rolled-in_scale_20,rolled-in_scale,test,1308,C:\Users\anmol\OneDrive\Desktop\Steel_Surface_Defect_NEU_DET-DATASET\NEU-DET\IMAGES\rolled-in_scale\rolled-in_scale_20.jpg
rolled-in_scale_202,rolled-in_scale,test,1311,C:\Users\anmol\OneDrive\Desktop\Steel_Surface_Defect_NEU_DET-DATASET\NEU-DET\IMAGES\rolled-in_scale\rolled-in_scale_202.jpg
rolled-in_scale_203,rolled-in_scale,test,1312,C:\Users\anmol\OneDrive\Desktop\Steel_Surface_Defect_NEU_DET-DATASET\NEU-DET\IMAGES\rolled-in_scale\rolled-in_scale_203.jpg
rolled-in_scale_208,rolled-in_scale,test,1317,C:\Users\anmol\OneDrive\Desktop\Steel_Surface_Defect_NEU_DET-DATASET\NEU-DET\IMAGES\rolled-in_scale\rolled-in_scale_208.jpg
rolled-in_scale_223,rolled-in_scale,test,1334,C:\Users\anmol\OneDrive\Desktop\Steel_Surface_Defect_NEU_DET-DATASET\NEU-DET\IMAGES\rolled-in_scale\rolled-in_scale_223.jpg
rolled-in_scale_233,rolled-in_scale,test,1345,C:\Users\anmol\OneDrive\Desktop\Steel_Surface_Defect_NEU_DET-DATASET\NEU-DET\IMAGES\rolled-in_scale\rolled-in_scale_233.jpg
rolled-in_scale_24,rolled-in_scale,test,1352,C:\Users\anmol\OneDrive\Desktop\Steel_Surface_Defect_NEU_DET-DATASET\NEU-DET\IMAGES\rolled-in_scale\rolled-in_scale_24.jpg
rolled-in_scale_242,rolled-in_scale,test,1355,C:\Users\anmol\OneDrive\Desktop\Steel_Surface_Defect_NEU_DET-DATASET\NEU-DET\IMAGES\rolled-in_scale\rolled-in_scale_242.jpg
rolled-in_scale_244,rolled-in_scale,test,1357,C:\Users\anmol\OneDrive\Desktop\Steel_Surface_Defect_NEU_DET-DATASET\NEU-DET\IMAGES\rolled-in_scale\rolled-in_scale_244.jpg
rolled-in_scale_25,rolled-in_scale,test,1363,C:\Users\anmol\OneDrive\Desktop\Steel_Surface_Defect_NEU_DET-DATASET\NEU-DET\IMAGES\rolled-in_scale\rolled-in_scale_25.jpg
rolled-in_scale_250,rolled-in_scale,test,1364,C:\Users\anmol\OneDrive\Desktop\Steel_Surface_Defect_NEU_DET-DATASET\NEU-DET\IMAGES\rolled-in_scale\rolled-in_scale_250.jpg
rolled-in_scale_260,rolled-in_scale,test,1375,C:\Users\anmol\OneDrive\Desktop\Steel_Surface_Defect_NEU_DET-DATASET\NEU-DET\IMAGES\rolled-in_scale\rolled-in_scale_260.jpg
rolled-in_scale_267,rolled-in_scale,test,1382,C:\Users\anmol\OneDrive\Desktop\Steel_Surface_Defect_NEU_DET-DATASET\NEU-DET\IMAGES\rolled-in_scale\rolled-in_scale_267.jpg
rolled-in_scale_268,rolled-in_scale,test,1383,C:\Users\anmol\OneDrive\Desktop\Steel_Surface_Defect_NEU_DET-DATASET\NEU-DET\IMAGES\rolled-in_scale\rolled-in_scale_268.jpg
rolled-in_scale_274,rolled-in_scale,test,1390,C:\Users\anmol\OneDrive\Desktop\Steel_Surface_Defect_NEU_DET-DATASET\NEU-DET\IMAGES\rolled-in_scale\rolled-in_scale_274.jpg
rolled-in_scale_276,rolled-in_scale,test,1392,C:\Users\anmol\OneDrive\Desktop\Steel_Surface_Defect_NEU_DET-DATASET\NEU-DET\IMAGES\rolled-in_scale\rolled-in_scale_276.jpg
rolled-in_scale_279,rolled-in_scale,test,1395,C:\Users\anmol\OneDrive\Desktop\Steel_Surface_Defect_NEU_DET-DATASET\NEU-DET\IMAGES\rolled-in_scale\rolled-in_scale_279.jpg
rolled-in_scale_28,rolled-in_scale,test,1396,C:\Users\anmol\OneDrive\Desktop\Steel_Surface_Defect_NEU_DET-DATASET\NEU-DET\IMAGES\rolled-in_scale\rolled-in_scale_28.jpg
rolled-in_scale_283,rolled-in_scale,test,1400,C:\Users\anmol\OneDrive\Desktop\Steel_Surface_Defect_NEU_DET-DATASET\NEU-DET\IMAGES\rolled-in_scale\rolled-in_scale_283.jpg
rolled-in_scale_286,rolled-in_scale,test,1403,C:\Users\anmol\OneDrive\Desktop\Steel_Surface_Defect_NEU_DET-DATASET\NEU-DET\IMAGES\rolled-in_scale\rolled-in_scale_286.jpg
rolled-in_scale_288,rolled-in_scale,test,1405,C:\Users\anmol\OneDrive\Desktop\Steel_Surface_Defect_NEU_DET-DATASET\NEU-DET\IMAGES\rolled-in_scale\rolled-in_scale_288.jpg
rolled-in_scale_298,rolled-in_scale,test,1416,C:\Users\anmol\OneDrive\Desktop\Steel_Surface_Defect_NEU_DET-DATASET\NEU-DET\IMAGES\rolled-in_scale\rolled-in_scale_298.jpg
rolled-in_scale_300,rolled-in_scale,test,1420,C:\Users\anmol\OneDrive\Desktop\Steel_Surface_Defect_NEU_DET-DATASET\NEU-DET\IMAGES\rolled-in_scale\rolled-in_scale_300.jpg
rolled-in_scale_32,rolled-in_scale,test,1422,C:\Users\anmol\OneDrive\Desktop\Steel_Surface_Defect_NEU_DET-DATASET\NEU-DET\IMAGES\rolled-in_scale\rolled-in_scale_32.jpg
rolled-in_scale_40,rolled-in_scale,test,1431,C:\Users\anmol\OneDrive\Desktop\Steel_Surface_Defect_NEU_DET-DATASET\NEU-DET\IMAGES\rolled-in_scale\rolled-in_scale_40.jpg
rolled-in_scale_43,rolled-in_scale,test,1434,C:\Users\anmol\OneDrive\Desktop\Steel_Surface_Defect_NEU_DET-DATASET\NEU-DET\IMAGES\rolled-in_scale\rolled-in_scale_43.jpg
rolled-in_scale_52,rolled-in_scale,test,1444,C:\Users\anmol\OneDrive\Desktop\Steel_Surface_Defect_NEU_DET-DATASET\NEU-DET\IMAGES\rolled-in_scale\rolled-in_scale_52.jpg
rolled-in_scale_54,rolled-in_scale,test,1446,C:\Users\anmol\OneDrive\Desktop\Steel_Surface_Defect_NEU_DET-DATASET\NEU-DET\IMAGES\rolled-in_scale\rolled-in_scale_54.jpg
rolled-in_scale_58,rolled-in_scale,test,1450,C:\Users\anmol\OneDrive\Desktop\Steel_Surface_Defect_NEU_DET-DATASET\NEU-DET\IMAGES\rolled-in_scale\rolled-in_scale_58.jpg
rolled-in_scale_61,rolled-in_scale,test,1454,C:\Users\anmol\OneDrive\Desktop\Steel_Surface_Defect_NEU_DET-DATASET\NEU-DET\IMAGES\rolled-in_scale\rolled-in_scale_61.jpg
rolled-in_scale_75,rolled-in_scale,test,1469,C:\Users\anmol\OneDrive\Desktop\Steel_Surface_Defect_NEU_DET-DATASET\NEU-DET\IMAGES\rolled-in_scale\rolled-in_scale_75.jpg
rolled-in_scale_80,rolled-in_scale,test,1475,C:\Users\anmol\OneDrive\Desktop\Steel_Surface_Defect_NEU_DET-DATASET\NEU-DET\IMAGES\rolled-in_scale\rolled-in_scale_80.jpg
rolled-in_scale_81,rolled-in_scale,test,1476,C:\Users\anmol\OneDrive\Desktop\Steel_Surface_Defect_NEU_DET-DATASET\NEU-DET\IMAGES\rolled-in_scale\rolled-in_scale_81.jpg
rolled-in_scale_98,rolled-in_scale,test,1494,C:\Users\anmol\OneDrive\Desktop\Steel_Surface_Defect_NEU_DET-DATASET\NEU-DET\IMAGES\rolled-in_scale\rolled-in_scale_98.jpg
rolled-in_scale_99,rolled-in_scale,test,1495,C:\Users\anmol\OneDrive\Desktop\Steel_Surface_Defect_NEU_DET-DATASET\NEU-DET\IMAGES\rolled-in_scale\rolled-in_scale_99.jpg
rolled-in_scale_1,rolled-in_scale,train,1196,C:\Users\anmol\OneDrive\Desktop\Steel_Surface_Defect_NEU_DET-DATASET\NEU-DET\IMAGES\rolled-in_scale\rolled-in_scale_1.jpg
rolled-in_scale_10,rolled-in_scale,train,1197,C:\Users\anmol\OneDrive\Desktop\Steel_Surface_Defect_NEU_DET-DATASET\NEU-DET\IMAGES\rolled-in_scale\rolled-in_scale_10.jpg
rolled-in_scale_100,rolled-in_scale,train,1198,C:\Users\anmol\OneDrive\Desktop\Steel_Surface_Defect_NEU_DET-DATASET\NEU-DET\IMAGES\rolled-in_scale\rolled-in_scale_100.jpg
rolled-in_scale_101,rolled-in_scale,train,1199,C:\Users\anmol\OneDrive\Desktop\Steel_Surface_Defect_NEU_DET-DATASET\NEU-DET\IMAGES\rolled-in_scale\rolled-in_scale_101.jpg
rolled-in_scale_102,rolled-in_scale,train,1200,C:\Users\anmol\OneDrive\Desktop\Steel_Surface_Defect_NEU_DET-DATASET\NEU-DET\IMAGES\rolled-in_scale\rolled-in_scale_102.jpg
rolled-in_scale_103,rolled-in_scale,train,1201,C:\Users\anmol\OneDrive\Desktop\Steel_Surface_Defect_NEU_DET-DATASET\NEU-DET\IMAGES\rolled-in_scale\rolled-in_scale_103.jpg
rolled-in_scale_104,rolled-in_scale,train,1202,C:\Users\anmol\OneDrive\Desktop\Steel_Surface_Defect_NEU_DET-DATASET\NEU-DET\IMAGES\rolled-in_scale\rolled-in_scale_104.jpg
rolled-in_scale_105,rolled-in_scale,train,1203,C:\Users\anmol\OneDrive\Desktop\Steel_Surface_Defect_NEU_DET-DATASET\NEU-DET\IMAGES\rolled-in_scale\rolled-in_scale_105.jpg
rolled-in_scale_106,rolled-in_scale,train,1204,C:\Users\anmol\OneDrive\Desktop\Steel_Surface_Defect_NEU_DET-DATASET\NEU-DET\IMAGES\rolled-in_scale\rolled-in_scale_106.jpg
rolled-in_scale_107,rolled-in_scale,train,1205,C:\Users\anmol\OneDrive\Desktop\Steel_Surface_Defect_NEU_DET-DATASET\NEU-DET\IMAGES\rolled-in_scale\rolled-in_scale_107.jpg
rolled-in_scale_108,rolled-in_scale,train,1206,C:\Users\anmol\OneDrive\Desktop\Steel_Surface_Defect_NEU_DET-DATASET\NEU-DET\IMAGES\rolled-in_scale\rolled-in_scale_108.jpg
rolled-in_scale_11,rolled-in_scale,train,1208,C:\Users\anmol\OneDrive\Desktop\Steel_Surface_Defect_NEU_DET-DATASET\NEU-DET\IMAGES\rolled-in_scale\rolled-in_scale_11.jpg
rolled-in_scale_111,rolled-in_scale,train,1210,C:\Users\anmol\OneDrive\Desktop\Steel_Surface_Defect_NEU_DET-DATASET\NEU-DET\IMAGES\rolled-in_scale\rolled-in_scale_111.jpg
rolled-in_scale_112,rolled-in_scale,train,1211,C:\Users\anmol\OneDrive\Desktop\Steel_Surface_Defect_NEU_DET-DATASET\NEU-DET\IMAGES\rolled-in_scale\rolled-in_scale_112.jpg
rolled-in_scale_114,rolled-in_scale,train,1213,C:\Users\anmol\OneDrive\Desktop\Steel_Surface_Defect_NEU_DET-DATASET\NEU-DET\IMAGES\rolled-in_scale\rolled-in_scale_114.jpg
rolled-in_scale_115,rolled-in_scale,train,1214,C:\Users\anmol\OneDrive\Desktop\Steel_Surface_Defect_NEU_DET-DATASET\NEU-DET\IMAGES\rolled-in_scale\rolled-in_scale_115.jpg
rolled-in_scale_116,rolled-in_scale,train,1215,C:\Users\anmol\OneDrive\Desktop\Steel_Surface_Defect_NEU_DET-DATASET\NEU-DET\IMAGES\rolled-in_scale\rolled-in_scale_116.jpg
rolled-in_scale_118,rolled-in_scale,train,1217,C:\Users\anmol\OneDrive\Desktop\Steel_Surface_Defect_NEU_DET-DATASET\NEU-DET\IMAGES\rolled-in_scale\rolled-in_scale_118.jpg
rolled-in_scale_119,rolled-in_scale,train,1218,C:\Users\anmol\OneDrive\Desktop\Steel_Surface_Defect_NEU_DET-DATASET\NEU-DET\IMAGES\rolled-in_scale\rolled-in_scale_119.jpg
rolled-in_scale_121,rolled-in_scale,train,1221,C:\Users\anmol\OneDrive\Desktop\Steel_Surface_Defect_NEU_DET-DATASET\NEU-DET\IMAGES\rolled-in_scale\rolled-in_scale_121.jpg
rolled-in_scale_123,rolled-in_scale,train,1223,C:\Users\anmol\OneDrive\Desktop\Steel_Surface_Defect_NEU_DET-DATASET\NEU-DET\IMAGES\rolled-in_scale\rolled-in_scale_123.jpg
rolled-in_scale_124,rolled-in_scale,train,1224,C:\Users\anmol\OneDrive\Desktop\Steel_Surface_Defect_NEU_DET-DATASET\NEU-DET\IMAGES\rolled-in_scale\rolled-in_scale_124.jpg
rolled-in_scale_128,rolled-in_scale,train,1228,C:\Users\anmol\OneDrive\Desktop\Steel_Surface_Defect_NEU_DET-DATASET\NEU-DET\IMAGES\rolled-in_scale\rolled-in_scale_128.jpg
rolled-in_scale_129,rolled-in_scale,train,1229,C:\Users\anmol\OneDrive\Desktop\Steel_Surface_Defect_NEU_DET-DATASET\NEU-DET\IMAGES\rolled-in_scale\rolled-in_scale_129.jpg
rolled-in_scale_13,rolled-in_scale,train,1230,C:\Users\anmol\OneDrive\Desktop\Steel_Surface_Defect_NEU_DET-DATASET\NEU-DET\IMAGES\rolled-in_scale\rolled-in_scale_13.jpg
rolled-in_scale_130,rolled-in_scale,train,1231,C:\Users\anmol\OneDrive\Desktop\Steel_Surface_Defect_NEU_DET-DATASET\NEU-DET\IMAGES\rolled-in_scale\rolled-in_scale_130.jpg
rolled-in_scale_132,rolled-in_scale,train,1233,C:\Users\anmol\OneDrive\Desktop\Steel_Surface_Defect_NEU_DET-DATASET\NEU-DET\IMAGES\rolled-in_scale\rolled-in_scale_132.jpg
rolled-in_scale_133,rolled-in_scale,train,1234,C:\Users\anmol\OneDrive\Desktop\Steel_Surface_Defect_NEU_DET-DATASET\NEU-DET\IMAGES\rolled-in_scale\rolled-in_scale_133.jpg
rolled-in_scale_134,rolled-in_scale,train,1235,C:\Users\anmol\OneDrive\Desktop\Steel_Surface_Defect_NEU_DET-DATASET\NEU-DET\IMAGES\rolled-in_scale\rolled-in_scale_134.jpg
rolled-in_scale_135,rolled-in_scale,train,1236,C:\Users\anmol\OneDrive\Desktop\Steel_Surface_Defect_NEU_DET-DATASET\NEU-DET\IMAGES\rolled-in_scale\rolled-in_scale_135.jpg
rolled-in_scale_136,rolled-in_scale,train,1237,C:\Users\anmol\OneDrive\Desktop\Steel_Surface_Defect_NEU_DET-DATASET\NEU-DET\IMAGES\rolled-in_scale\rolled-in_scale_136.jpg
rolled-in_scale_137,rolled-in_scale,train,1238,C:\Users\anmol\OneDrive\Desktop\Steel_Surface_Defect_NEU_DET-DATASET\NEU-DET\IMAGES\rolled-in_scale\rolled-in_scale_137.jpg
rolled-in_scale_139,rolled-in_scale,train,1240,C:\Users\anmol\OneDrive\Desktop\Steel_Surface_Defect_NEU_DET-DATASET\NEU-DET\IMAGES\rolled-in_scale\rolled-in_scale_139.jpg
rolled-in_scale_141,rolled-in_scale,train,1243,C:\Users\anmol\OneDrive\Desktop\Steel_Surface_Defect_NEU_DET-DATASET\NEU-DET\IMAGES\rolled-in_scale\rolled-in_scale_141.jpg
rolled-in_scale_142,rolled-in_scale,train,1244,C:\Users\anmol\OneDrive\Desktop\Steel_Surface_Defect_NEU_DET-DATASET\NEU-DET\IMAGES\rolled-in_scale\rolled-in_scale_142.jpg
rolled-in_scale_143,rolled-in_scale,train,1245,C:\Users\anmol\OneDrive\Desktop\Steel_Surface_Defect_NEU_DET-DATASET\NEU-DET\IMAGES\rolled-in_scale\rolled-in_scale_143.jpg
rolled-in_scale_144,rolled-in_scale,train,1246,C:\Users\anmol\OneDrive\Desktop\Steel_Surface_Defect_NEU_DET-DATASET\NEU-DET\IMAGES\rolled-in_scale\rolled-in_scale_144.jpg
rolled-in_scale_146,rolled-in_scale,train,1248,C:\Users\anmol\OneDrive\Desktop\Steel_Surface_Defect_NEU_DET-DATASET\NEU-DET\IMAGES\rolled-in_scale\rolled-in_scale_146.jpg
rolled-in_scale_147,rolled-in_scale,train,1249,C:\Users\anmol\OneDrive\Desktop\Steel_Surface_Defect_NEU_DET-DATASET\NEU-DET\IMAGES\rolled-in_scale\rolled-in_scale_147.jpg
rolled-in_scale_148,rolled-in_scale,train,1250,C:\Users\anmol\OneDrive\Desktop\Steel_Surface_Defect_NEU_DET-DATASET\NEU-DET\IMAGES\rolled-in_scale\rolled-in_scale_148.jpg
rolled-in_scale_150,rolled-in_scale,train,1253,C:\Users\anmol\OneDrive\Desktop\Steel_Surface_Defect_NEU_DET-DATASET\NEU-DET\IMAGES\rolled-in_scale\rolled-in_scale_150.jpg
rolled-in_scale_151,rolled-in_scale,train,1254,C:\Users\anmol\OneDrive\Desktop\Steel_Surface_Defect_NEU_DET-DATASET\NEU-DET\IMAGES\rolled-in_scale\rolled-in_scale_151.jpg
rolled-in_scale_153,rolled-in_scale,train,1256,C:\Users\anmol\OneDrive\Desktop\Steel_Surface_Defect_NEU_DET-DATASET\NEU-DET\IMAGES\rolled-in_scale\rolled-in_scale_153.jpg
rolled-in_scale_154,rolled-in_scale,train,1257,C:\Users\anmol\OneDrive\Desktop\Steel_Surface_Defect_NEU_DET-DATASET\NEU-DET\IMAGES\rolled-in_scale\rolled-in_scale_154.jpg
rolled-in_scale_156,rolled-in_scale,train,1259,C:\Users\anmol\OneDrive\Desktop\Steel_Surface_Defect_NEU_DET-DATASET\NEU-DET\IMAGES\rolled-in_scale\rolled-in_scale_156.jpg
rolled-in_scale_159,rolled-in_scale,train,1262,C:\Users\anmol\OneDrive\Desktop\Steel_Surface_Defect_NEU_DET-DATASET\NEU-DET\IMAGES\rolled-in_scale\rolled-in_scale_159.jpg
rolled-in_scale_164,rolled-in_scale,train,1268,C:\Users\anmol\OneDrive\Desktop\Steel_Surface_Defect_NEU_DET-DATASET\NEU-DET\IMAGES\rolled-in_scale\rolled-in_scale_164.jpg
rolled-in_scale_165,rolled-in_scale,train,1269,C:\Users\anmol\OneDrive\Desktop\Steel_Surface_Defect_NEU_DET-DATASET\NEU-DET\IMAGES\rolled-in_scale\rolled-in_scale_165.jpg
rolled-in_scale_166,rolled-in_scale,train,1270,C:\Users\anmol\OneDrive\Desktop\Steel_Surface_Defect_NEU_DET-DATASET\NEU-DET\IMAGES\rolled-in_scale\rolled-in_scale_166.jpg
rolled-in_scale_167,rolled-in_scale,train,1271,C:\Users\anmol\OneDrive\Desktop\Steel_Surface_Defect_NEU_DET-DATASET\NEU-DET\IMAGES\rolled-in_scale\rolled-in_scale_167.jpg
rolled-in_scale_168,rolled-in_scale,train,1272,C:\Users\anmol\OneDrive\Desktop\Steel_Surface_Defect_NEU_DET-DATASET\NEU-DET\IMAGES\rolled-in_scale\rolled-in_scale_168.jpg
rolled-in_scale_169,rolled-in_scale,train,1273,C:\Users\anmol\OneDrive\Desktop\Steel_Surface_Defect_NEU_DET-DATASET\NEU-DET\IMAGES\rolled-in_scale\rolled-in_scale_169.jpg
rolled-in_scale_17,rolled-in_scale,train,1274,C:\Users\anmol\OneDrive\Desktop\Steel_Surface_Defect_NEU_DET-DATASET\NEU-DET\IMAGES\rolled-in_scale\rolled-in_scale_17.jpg
rolled-in_scale_170,rolled-in_scale,train,1275,C:\Users\anmol\OneDrive\Desktop\Steel_Surface_Defect_NEU_DET-DATASET\NEU-DET\IMAGES\rolled-in_scale\rolled-in_scale_170.jpg
rolled-in_scale_171,rolled-in_scale,train,1276,C:\Users\anmol\OneDrive\Desktop\Steel_Surface_Defect_NEU_DET-DATASET\NEU-DET\IMAGES\rolled-in_scale\rolled-in_scale_171.jpg
rolled-in_scale_172,rolled-in_scale,train,1277,C:\Users\anmol\OneDrive\Desktop\Steel_Surface_Defect_NEU_DET-DATASET\NEU-DET\IMAGES\rolled-in_scale\rolled-in_scale_172.jpg
rolled-in_scale_173,rolled-in_scale,train,1278,C:\Users\anmol\OneDrive\Desktop\Steel_Surface_Defect_NEU_DET-DATASET\NEU-DET\IMAGES\rolled-in_scale\rolled-in_scale_173.jpg
rolled-in_scale_174,rolled-in_scale,train,1279,C:\Users\anmol\OneDrive\Desktop\Steel_Surface_Defect_NEU_DET-DATASET\NEU-DET\IMAGES\rolled-in_scale\rolled-in_scale_174.jpg
rolled-in_scale_175,rolled-in_scale,train,1280,C:\Users\anmol\OneDrive\Desktop\Steel_Surface_Defect_NEU_DET-DATASET\NEU-DET\IMAGES\rolled-in_scale\rolled-in_scale_175.jpg
rolled-in_scale_176,rolled-in_scale,train,1281,C:\Users\anmol\OneDrive\Desktop\Steel_Surface_Defect_NEU_DET-DATASET\NEU-DET\IMAGES\rolled-in_scale\rolled-in_scale_176.jpg
rolled-in_scale_179,rolled-in_scale,train,1284,C:\Users\anmol\OneDrive\Desktop\Steel_Surface_Defect_NEU_DET-DATASET\NEU-DET\IMAGES\rolled-in_scale\rolled-in_scale_179.jpg
rolled-in_scale_180,rolled-in_scale,train,1286,C:\Users\anmol\OneDrive\Desktop\Steel_Surface_Defect_NEU_DET-DATASET\NEU-DET\IMAGES\rolled-in_scale\rolled-in_scale_180.jpg
rolled-in_scale_181,rolled-in_scale,train,1287,C:\Users\anmol\OneDrive\Desktop\Steel_Surface_Defect_NEU_DET-DATASET\NEU-DET\IMAGES\rolled-in_scale\rolled-in_scale_181.jpg
rolled-in_scale_183,rolled-in_scale,train,1289,C:\Users\anmol\OneDrive\Desktop\Steel_Surface_Defect_NEU_DET-DATASET\NEU-DET\IMAGES\rolled-in_scale\rolled-in_scale_183.jpg
rolled-in_scale_185,rolled-in_scale,train,1291,C:\Users\anmol\OneDrive\Desktop\Steel_Surface_Defect_NEU_DET-DATASET\NEU-DET\IMAGES\rolled-in_scale\rolled-in_scale_185.jpg
rolled-in_scale_186,rolled-in_scale,train,1292,C:\Users\anmol\OneDrive\Desktop\Steel_Surface_Defect_NEU_DET-DATASET\NEU-DET\IMAGES\rolled-in_scale\rolled-in_scale_186.jpg
rolled-in_scale_188,rolled-in_scale,train,1294,C:\Users\anmol\OneDrive\Desktop\Steel_Surface_Defect_NEU_DET-DATASET\NEU-DET\IMAGES\rolled-in_scale\rolled-in_scale_188.jpg
rolled-in_scale_19,rolled-in_scale,train,1296,C:\Users\anmol\OneDrive\Desktop\Steel_Surface_Defect_NEU_DET-DATASET\NEU-DET\IMAGES\rolled-in_scale\rolled-in_scale_19.jpg
rolled-in_scale_190,rolled-in_scale,train,1297,C:\Users\anmol\OneDrive\Desktop\Steel_Surface_Defect_NEU_DET-DATASET\NEU-DET\IMAGES\rolled-in_scale\rolled-in_scale_190.jpg
rolled-in_scale_192,rolled-in_scale,train,1299,C:\Users\anmol\OneDrive\Desktop\Steel_Surface_Defect_NEU_DET-DATASET\NEU-DET\IMAGES\rolled-in_scale\rolled-in_scale_192.jpg
rolled-in_scale_193,rolled-in_scale,train,1300,C:\Users\anmol\OneDrive\Desktop\Steel_Surface_Defect_NEU_DET-DATASET\NEU-DET\IMAGES\rolled-in_scale\rolled-in_scale_193.jpg
rolled-in_scale_194,rolled-in_scale,train,1301,C:\Users\anmol\OneDrive\Desktop\Steel_Surface_Defect_NEU_DET-DATASET\NEU-DET\IMAGES\rolled-in_scale\rolled-in_scale_194.jpg
rolled-in_scale_195,rolled-in_scale,train,1302,C:\Users\anmol\OneDrive\Desktop\Steel_Surface_Defect_NEU_DET-DATASET\NEU-DET\IMAGES\rolled-in_scale\rolled-in_scale_195.jpg
rolled-in_scale_196,rolled-in_scale,train,1303,C:\Users\anmol\OneDrive\Desktop\Steel_Surface_Defect_NEU_DET-DATASET\NEU-DET\IMAGES\rolled-in_scale\rolled-in_scale_196.jpg
rolled-in_scale_198,rolled-in_scale,train,1305,C:\Users\anmol\OneDrive\Desktop\Steel_Surface_Defect_NEU_DET-DATASET\NEU-DET\IMAGES\rolled-in_scale\rolled-in_scale_198.jpg
rolled-in_scale_2,rolled-in_scale,train,1307,C:\Users\anmol\OneDrive\Desktop\Steel_Surface_Defect_NEU_DET-DATASET\NEU-DET\IMAGES\rolled-in_scale\rolled-in_scale_2.jpg
rolled-in_scale_200,rolled-in_scale,train,1309,C:\Users\anmol\OneDrive\Desktop\Steel_Surface_Defect_NEU_DET-DATASET\NEU-DET\IMAGES\rolled-in_scale\rolled-in_scale_200.jpg
rolled-in_scale_201,rolled-in_scale,train,1310,C:\Users\anmol\OneDrive\Desktop\Steel_Surface_Defect_NEU_DET-DATASET\NEU-DET\IMAGES\rolled-in_scale\rolled-in_scale_201.jpg
rolled-in_scale_204,rolled-in_scale,train,1313,C:\Users\anmol\OneDrive\Desktop\Steel_Surface_Defect_NEU_DET-DATASET\NEU-DET\IMAGES\rolled-in_scale\rolled-in_scale_204.jpg
rolled-in_scale_205,rolled-in_scale,train,1314,C:\Users\anmol\OneDrive\Desktop\Steel_Surface_Defect_NEU_DET-DATASET\NEU-DET\IMAGES\rolled-in_scale\rolled-in_scale_205.jpg
rolled-in_scale_206,rolled-in_scale,train,1315,C:\Users\anmol\OneDrive\Desktop\Steel_Surface_Defect_NEU_DET-DATASET\NEU-DET\IMAGES\rolled-in_scale\rolled-in_scale_206.jpg
rolled-in_scale_207,rolled-in_scale,train,1316,C:\Users\anmol\OneDrive\Desktop\Steel_Surface_Defect_NEU_DET-DATASET\NEU-DET\IMAGES\rolled-in_scale\rolled-in_scale_207.jpg
rolled-in_scale_209,rolled-in_scale,train,1318,C:\Users\anmol\OneDrive\Desktop\Steel_Surface_Defect_NEU_DET-DATASET\NEU-DET\IMAGES\rolled-in_scale\rolled-in_scale_209.jpg
rolled-in_scale_21,rolled-in_scale,train,1319,C:\Users\anmol\OneDrive\Desktop\Steel_Surface_Defect_NEU_DET-DATASET\NEU-DET\IMAGES\rolled-in_scale\rolled-in_scale_21.jpg
rolled-in_scale_211,rolled-in_scale,train,1321,C:\Users\anmol\OneDrive\Desktop\Steel_Surface_Defect_NEU_DET-DATASET\NEU-DET\IMAGES\rolled-in_scale\rolled-in_scale_211.jpg
rolled-in_scale_212,rolled-in_scale,train,1322,C:\Users\anmol\OneDrive\Desktop\Steel_Surface_Defect_NEU_DET-DATASET\NEU-DET\IMAGES\rolled-in_scale\rolled-in_scale_212.jpg
rolled-in_scale_213,rolled-in_scale,train,1323,C:\Users\anmol\OneDrive\Desktop\Steel_Surface_Defect_NEU_DET-DATASET\NEU-DET\IMAGES\rolled-in_scale\rolled-in_scale_213.jpg
rolled-in_scale_214,rolled-in_scale,train,1324,C:\Users\anmol\OneDrive\Desktop\Steel_Surface_Defect_NEU_DET-DATASET\NEU-DET\IMAGES\rolled-in_scale\rolled-in_scale_214.jpg
rolled-in_scale_215,rolled-in_scale,train,1325,C:\Users\anmol\OneDrive\Desktop\Steel_Surface_Defect_NEU_DET-DATASET\NEU-DET\IMAGES\rolled-in_scale\rolled-in_scale_215.jpg
rolled-in_scale_216,rolled-in_scale,train,1326,C:\Users\anmol\OneDrive\Desktop\Steel_Surface_Defect_NEU_DET-DATASET\NEU-DET\IMAGES\rolled-in_scale\rolled-in_scale_216.jpg
rolled-in_scale_217,rolled-in_scale,train,1327,C:\Users\anmol\OneDrive\Desktop\Steel_Surface_Defect_NEU_DET-DATASET\NEU-DET\IMAGES\rolled-in_scale\rolled-in_scale_217.jpg
rolled-in_scale_218,rolled-in_scale,train,1328,C:\Users\anmol\OneDrive\Desktop\Steel_Surface_Defect_NEU_DET-DATASET\NEU-DET\IMAGES\rolled-in_scale\rolled-in_scale_218.jpg
rolled-in_scale_219,rolled-in_scale,train,1329,C:\Users\anmol\OneDrive\Desktop\Steel_Surface_Defect_NEU_DET-DATASET\NEU-DET\IMAGES\rolled-in_scale\rolled-in_scale_219.jpg
rolled-in_scale_22,rolled-in_scale,train,1330,C:\Users\anmol\OneDrive\Desktop\Steel_Surface_Defect_NEU_DET-DATASET\NEU-DET\IMAGES\rolled-in_scale\rolled-in_scale_22.jpg
rolled-in_scale_220,rolled-in_scale,train,1331,C:\Users\anmol\OneDrive\Desktop\Steel_Surface_Defect_NEU_DET-DATASET\NEU-DET\IMAGES\rolled-in_scale\rolled-in_scale_220.jpg
rolled-in_scale_221,rolled-in_scale,train,1332,C:\Users\anmol\OneDrive\Desktop\Steel_Surface_Defect_NEU_DET-DATASET\NEU-DET\IMAGES\rolled-in_scale\rolled-in_scale_221.jpg
rolled-in_scale_222,rolled-in_scale,train,1333,C:\Users\anmol\OneDrive\Desktop\Steel_Surface_Defect_NEU_DET-DATASET\NEU-DET\IMAGES\rolled-in_scale\rolled-in_scale_222.jpg
rolled-in_scale_224,rolled-in_scale,train,1335,C:\Users\anmol\OneDrive\Desktop\Steel_Surface_Defect_NEU_DET-DATASET\NEU-DET\IMAGES\rolled-in_scale\rolled-in_scale_224.jpg
rolled-in_scale_225,rolled-in_scale,train,1336,C:\Users\anmol\OneDrive\Desktop\Steel_Surface_Defect_NEU_DET-DATASET\NEU-DET\IMAGES\rolled-in_scale\rolled-in_scale_225.jpg
rolled-in_scale_226,rolled-in_scale,train,1337,C:\Users\anmol\OneDrive\Desktop\Steel_Surface_Defect_NEU_DET-DATASET\NEU-DET\IMAGES\rolled-in_scale\rolled-in_scale_226.jpg
rolled-in_scale_227,rolled-in_scale,train,1338,C:\Users\anmol\OneDrive\Desktop\Steel_Surface_Defect_NEU_DET-DATASET\NEU-DET\IMAGES\rolled-in_scale\rolled-in_scale_227.jpg
rolled-in_scale_228,rolled-in_scale,train,1339,C:\Users\anmol\OneDrive\Desktop\Steel_Surface_Defect_NEU_DET-DATASET\NEU-DET\IMAGES\rolled-in_scale\rolled-in_scale_228.jpg
rolled-in_scale_23,rolled-in_scale,train,1341,C:\Users\anmol\OneDrive\Desktop\Steel_Surface_Defect_NEU_DET-DATASET\NEU-DET\IMAGES\rolled-in_scale\rolled-in_scale_23.jpg
rolled-in_scale_230,rolled-in_scale,train,1342,C:\Users\anmol\OneDrive\Desktop\Steel_Surface_Defect_NEU_DET-DATASET\NEU-DET\IMAGES\rolled-in_scale\rolled-in_scale_230.jpg
rolled-in_scale_232,rolled-in_scale,train,1344,C:\Users\anmol\OneDrive\Desktop\Steel_Surface_Defect_NEU_DET-DATASET\NEU-DET\IMAGES\rolled-in_scale\rolled-in_scale_232.jpg
rolled-in_scale_234,rolled-in_scale,train,1346,C:\Users\anmol\OneDrive\Desktop\Steel_Surface_Defect_NEU_DET-DATASET\NEU-DET\IMAGES\rolled-in_scale\rolled-in_scale_234.jpg
rolled-in_scale_235,rolled-in_scale,train,1347,C:\Users\anmol\OneDrive\Desktop\Steel_Surface_Defect_NEU_DET-DATASET\NEU-DET\IMAGES\rolled-in_scale\rolled-in_scale_235.jpg
rolled-in_scale_236,rolled-in_scale,train,1348,C:\Users\anmol\OneDrive\Desktop\Steel_Surface_Defect_NEU_DET-DATASET\NEU-DET\IMAGES\rolled-in_scale\rolled-in_scale_236.jpg
rolled-in_scale_237,rolled-in_scale,train,1349,C:\Users\anmol\OneDrive\Desktop\Steel_Surface_Defect_NEU_DET-DATASET\NEU-DET\IMAGES\rolled-in_scale\rolled-in_scale_237.jpg
rolled-in_scale_238,rolled-in_scale,train,1350,C:\Users\anmol\OneDrive\Desktop\Steel_Surface_Defect_NEU_DET-DATASET\NEU-DET\IMAGES\rolled-in_scale\rolled-in_scale_238.jpg
rolled-in_scale_239,rolled-in_scale,train,1351,C:\Users\anmol\OneDrive\Desktop\Steel_Surface_Defect_NEU_DET-DATASET\NEU-DET\IMAGES\rolled-in_scale\rolled-in_scale_239.jpg
rolled-in_scale_240,rolled-in_scale,train,1353,C:\Users\anmol\OneDrive\Desktop\Steel_Surface_Defect_NEU_DET-DATASET\NEU-DET\IMAGES\rolled-in_scale\rolled-in_scale_240.jpg
rolled-in_scale_245,rolled-in_scale,train,1358,C:\Users\anmol\OneDrive\Desktop\Steel_Surface_Defect_NEU_DET-DATASET\NEU-DET\IMAGES\rolled-in_scale\rolled-in_scale_245.jpg
rolled-in_scale_246,rolled-in_scale,train,1359,C:\Users\anmol\OneDrive\Desktop\Steel_Surface_Defect_NEU_DET-DATASET\NEU-DET\IMAGES\rolled-in_scale\rolled-in_scale_246.jpg
rolled-in_scale_247,rolled-in_scale,train,1360,C:\Users\anmol\OneDrive\Desktop\Steel_Surface_Defect_NEU_DET-DATASET\NEU-DET\IMAGES\rolled-in_scale\rolled-in_scale_247.jpg
rolled-in_scale_248,rolled-in_scale,train,1361,C:\Users\anmol\OneDrive\Desktop\Steel_Surface_Defect_NEU_DET-DATASET\NEU-DET\IMAGES\rolled-in_scale\rolled-in_scale_248.jpg
rolled-in_scale_249,rolled-in_scale,train,1362,C:\Users\anmol\OneDrive\Desktop\Steel_Surface_Defect_NEU_DET-DATASET\NEU-DET\IMAGES\rolled-in_scale\rolled-in_scale_249.jpg
rolled-in_scale_251,rolled-in_scale,train,1365,C:\Users\anmol\OneDrive\Desktop\Steel_Surface_Defect_NEU_DET-DATASET\NEU-DET\IMAGES\rolled-in_scale\rolled-in_scale_251.jpg
rolled-in_scale_252,rolled-in_scale,train,1366,C:\Users\anmol\OneDrive\Desktop\Steel_Surface_Defect_NEU_DET-DATASET\NEU-DET\IMAGES\rolled-in_scale\rolled-in_scale_252.jpg
rolled-in_scale_254,rolled-in_scale,train,1368,C:\Users\anmol\OneDrive\Desktop\Steel_Surface_Defect_NEU_DET-DATASET\NEU-DET\IMAGES\rolled-in_scale\rolled-in_scale_254.jpg
rolled-in_scale_255,rolled-in_scale,train,1369,C:\Users\anmol\OneDrive\Desktop\Steel_Surface_Defect_NEU_DET-DATASET\NEU-DET\IMAGES\rolled-in_scale\rolled-in_scale_255.jpg
rolled-in_scale_257,rolled-in_scale,train,1371,C:\Users\anmol\OneDrive\Desktop\Steel_Surface_Defect_NEU_DET-DATASET\NEU-DET\IMAGES\rolled-in_scale\rolled-in_scale_257.jpg
rolled-in_scale_258,rolled-in_scale,train,1372,C:\Users\anmol\OneDrive\Desktop\Steel_Surface_Defect_NEU_DET-DATASET\NEU-DET\IMAGES\rolled-in_scale\rolled-in_scale_258.jpg
rolled-in_scale_26,rolled-in_scale,train,1374,C:\Users\anmol\OneDrive\Desktop\Steel_Surface_Defect_NEU_DET-DATASET\NEU-DET\IMAGES\rolled-in_scale\rolled-in_scale_26.jpg
rolled-in_scale_261,rolled-in_scale,train,1376,C:\Users\anmol\OneDrive\Desktop\Steel_Surface_Defect_NEU_DET-DATASET\NEU-DET\IMAGES\rolled-in_scale\rolled-in_scale_261.jpg
rolled-in_scale_262,rolled-in_scale,train,1377,C:\Users\anmol\OneDrive\Desktop\Steel_Surface_Defect_NEU_DET-DATASET\NEU-DET\IMAGES\rolled-in_scale\rolled-in_scale_262.jpg
rolled-in_scale_263,rolled-in_scale,train,1378,C:\Users\anmol\OneDrive\Desktop\Steel_Surface_Defect_NEU_DET-DATASET\NEU-DET\IMAGES\rolled-in_scale\rolled-in_scale_263.jpg
rolled-in_scale_264,rolled-in_scale,train,1379,C:\Users\anmol\OneDrive\Desktop\Steel_Surface_Defect_NEU_DET-DATASET\NEU-DET\IMAGES\rolled-in_scale\rolled-in_scale_264.jpg
rolled-in_scale_265,rolled-in_scale,train,1380,C:\Users\anmol\OneDrive\Desktop\Steel_Surface_Defect_NEU_DET-DATASET\NEU-DET\IMAGES\rolled-in_scale\rolled-in_scale_265.jpg
rolled-in_scale_266,rolled-in_scale,train,1381,C:\Users\anmol\OneDrive\Desktop\Steel_Surface_Defect_NEU_DET-DATASET\NEU-DET\IMAGES\rolled-in_scale\rolled-in_scale_266.jpg
rolled-in_scale_269,rolled-in_scale,train,1384,C:\Users\anmol\OneDrive\Desktop\Steel_Surface_Defect_NEU_DET-DATASET\NEU-DET\IMAGES\rolled-in_scale\rolled-in_scale_269.jpg
rolled-in_scale_27,rolled-in_scale,train,1385,C:\Users\anmol\OneDrive\Desktop\Steel_Surface_Defect_NEU_DET-DATASET\NEU-DET\IMAGES\rolled-in_scale\rolled-in_scale_27.jpg
rolled-in_scale_271,rolled-in_scale,train,1387,C:\Users\anmol\OneDrive\Desktop\Steel_Surface_Defect_NEU_DET-DATASET\NEU-DET\IMAGES\rolled-in_scale\rolled-in_scale_271.jpg
rolled-in_scale_272,rolled-in_scale,train,1388,C:\Users\anmol\OneDrive\Desktop\Steel_Surface_Defect_NEU_DET-DATASET\NEU-DET\IMAGES\rolled-in_scale\rolled-in_scale_272.jpg
rolled-in_scale_273,rolled-in_scale,train,1389,C:\Users\anmol\OneDrive\Desktop\Steel_Surface_Defect_NEU_DET-DATASET\NEU-DET\IMAGES\rolled-in_scale\rolled-in_scale_273.jpg
rolled-in_scale_275,rolled-in_scale,train,1391,C:\Users\anmol\OneDrive\Desktop\Steel_Surface_Defect_NEU_DET-DATASET\NEU-DET\IMAGES\rolled-in_scale\rolled-in_scale_275.jpg
rolled-in_scale_277,rolled-in_scale,train,1393,C:\Users\anmol\OneDrive\Desktop\Steel_Surface_Defect_NEU_DET-DATASET\NEU-DET\IMAGES\rolled-in_scale\rolled-in_scale_277.jpg
rolled-in_scale_278,rolled-in_scale,train,1394,C:\Users\anmol\OneDrive\Desktop\Steel_Surface_Defect_NEU_DET-DATASET\NEU-DET\IMAGES\rolled-in_scale\rolled-in_scale_278.jpg
rolled-in_scale_280,rolled-in_scale,train,1397,C:\Users\anmol\OneDrive\Desktop\Steel_Surface_Defect_NEU_DET-DATASET\NEU-DET\IMAGES\rolled-in_scale\rolled-in_scale_280.jpg
rolled-in_scale_281,rolled-in_scale,train,1398,C:\Users\anmol\OneDrive\Desktop\Steel_Surface_Defect_NEU_DET-DATASET\NEU-DET\IMAGES\rolled-in_scale\rolled-in_scale_281.jpg
rolled-in_scale_282,rolled-in_scale,train,1399,C:\Users\anmol\OneDrive\Desktop\Steel_Surface_Defect_NEU_DET-DATASET\NEU-DET\IMAGES\rolled-in_scale\rolled-in_scale_282.jpg
rolled-in_scale_284,rolled-in_scale,train,1401,C:\Users\anmol\OneDrive\Desktop\Steel_Surface_Defect_NEU_DET-DATASET\NEU-DET\IMAGES\rolled-in_scale\rolled-in_scale_284.jpg
rolled-in_scale_285,rolled-in_scale,train,1402,C:\Users\anmol\OneDrive\Desktop\Steel_Surface_Defect_NEU_DET-DATASET\NEU-DET\IMAGES\rolled-in_scale\rolled-in_scale_285.jpg
rolled-in_scale_289,rolled-in_scale,train,1406,C:\Users\anmol\OneDrive\Desktop\Steel_Surface_Defect_NEU_DET-DATASET\NEU-DET\IMAGES\rolled-in_scale\rolled-in_scale_289.jpg
rolled-in_scale_29,rolled-in_scale,train,1407,C:\Users\anmol\OneDrive\Desktop\Steel_Surface_Defect_NEU_DET-DATASET\NEU-DET\IMAGES\rolled-in_scale\rolled-in_scale_29.jpg
rolled-in_scale_290,rolled-in_scale,train,1408,C:\Users\anmol\OneDrive\Desktop\Steel_Surface_Defect_NEU_DET-DATASET\NEU-DET\IMAGES\rolled-in_scale\rolled-in_scale_290.jpg
rolled-in_scale_292,rolled-in_scale,train,1410,C:\Users\anmol\OneDrive\Desktop\Steel_Surface_Defect_NEU_DET-DATASET\NEU-DET\IMAGES\rolled-in_scale\rolled-in_scale_292.jpg
rolled-in_scale_293,rolled-in_scale,train,1411,C:\Users\anmol\OneDrive\Desktop\Steel_Surface_Defect_NEU_DET-DATASET\NEU-DET\IMAGES\rolled-in_scale\rolled-in_scale_293.jpg
rolled-in_scale_294,rolled-in_scale,train,1412,C:\Users\anmol\OneDrive\Desktop\Steel_Surface_Defect_NEU_DET-DATASET\NEU-DET\IMAGES\rolled-in_scale\rolled-in_scale_294.jpg
rolled-in_scale_295,rolled-in_scale,train,1413,C:\Users\anmol\OneDrive\Desktop\Steel_Surface_Defect_NEU_DET-DATASET\NEU-DET\IMAGES\rolled-in_scale\rolled-in_scale_295.jpg
rolled-in_scale_296,rolled-in_scale,train,1414,C:\Users\anmol\OneDrive\Desktop\Steel_Surface_Defect_NEU_DET-DATASET\NEU-DET\IMAGES\rolled-in_scale\rolled-in_scale_296.jpg
rolled-in_scale_297,rolled-in_scale,train,1415,C:\Users\anmol\OneDrive\Desktop\Steel_Surface_Defect_NEU_DET-DATASET\NEU-DET\IMAGES\rolled-in_scale\rolled-in_scale_297.jpg
rolled-in_scale_3,rolled-in_scale,train,1418,C:\Users\anmol\OneDrive\Desktop\Steel_Surface_Defect_NEU_DET-DATASET\NEU-DET\IMAGES\rolled-in_scale\rolled-in_scale_3.jpg
rolled-in_scale_30,rolled-in_scale,train,1419,C:\Users\anmol\OneDrive\Desktop\Steel_Surface_Defect_NEU_DET-DATASET\NEU-DET\IMAGES\rolled-in_scale\rolled-in_scale_30.jpg
rolled-in_scale_31,rolled-in_scale,train,1421,C:\Users\anmol\OneDrive\Desktop\Steel_Surface_Defect_NEU_DET-DATASET\NEU-DET\IMAGES\rolled-in_scale\rolled-in_scale_31.jpg
rolled-in_scale_33,rolled-in_scale,train,1423,C:\Users\anmol\OneDrive\Desktop\Steel_Surface_Defect_NEU_DET-DATASET\NEU-DET\IMAGES\rolled-in_scale\rolled-in_scale_33.jpg
rolled-in_scale_35,rolled-in_scale,train,1425,C:\Users\anmol\OneDrive\Desktop\Steel_Surface_Defect_NEU_DET-DATASET\NEU-DET\IMAGES\rolled-in_scale\rolled-in_scale_35.jpg
rolled-in_scale_36,rolled-in_scale,train,1426,C:\Users\anmol\OneDrive\Desktop\Steel_Surface_Defect_NEU_DET-DATASET\NEU-DET\IMAGES\rolled-in_scale\rolled-in_scale_36.jpg
rolled-in_scale_37,rolled-in_scale,train,1427,C:\Users\anmol\OneDrive\Desktop\Steel_Surface_Defect_NEU_DET-DATASET\NEU-DET\IMAGES\rolled-in_scale\rolled-in_scale_37.jpg
rolled-in_scale_38,rolled-in_scale,train,1428,C:\Users\anmol\OneDrive\Desktop\Steel_Surface_Defect_NEU_DET-DATASET\NEU-DET\IMAGES\rolled-in_scale\rolled-in_scale_38.jpg
rolled-in_scale_39,rolled-in_scale,train,1429,C:\Users\anmol\OneDrive\Desktop\Steel_Surface_Defect_NEU_DET-DATASET\NEU-DET\IMAGES\rolled-in_scale\rolled-in_scale_39.jpg
rolled-in_scale_4,rolled-in_scale,train,1430,C:\Users\anmol\OneDrive\Desktop\Steel_Surface_Defect_NEU_DET-DATASET\NEU-DET\IMAGES\rolled-in_scale\rolled-in_scale_4.jpg
rolled-in_scale_41,rolled-in_scale,train,1432,C:\Users\anmol\OneDrive\Desktop\Steel_Surface_Defect_NEU_DET-DATASET\NEU-DET\IMAGES\rolled-in_scale\rolled-in_scale_41.jpg
rolled-in_scale_42,rolled-in_scale,train,1433,C:\Users\anmol\OneDrive\Desktop\Steel_Surface_Defect_NEU_DET-DATASET\NEU-DET\IMAGES\rolled-in_scale\rolled-in_scale_42.jpg
rolled-in_scale_44,rolled-in_scale,train,1435,C:\Users\anmol\OneDrive\Desktop\Steel_Surface_Defect_NEU_DET-DATASET\NEU-DET\IMAGES\rolled-in_scale\rolled-in_scale_44.jpg
rolled-in_scale_45,rolled-in_scale,train,1436,C:\Users\anmol\OneDrive\Desktop\Steel_Surface_Defect_NEU_DET-DATASET\NEU-DET\IMAGES\rolled-in_scale\rolled-in_scale_45.jpg
rolled-in_scale_46,rolled-in_scale,train,1437,C:\Users\anmol\OneDrive\Desktop\Steel_Surface_Defect_NEU_DET-DATASET\NEU-DET\IMAGES\rolled-in_scale\rolled-in_scale_46.jpg
rolled-in_scale_47,rolled-in_scale,train,1438,C:\Users\anmol\OneDrive\Desktop\Steel_Surface_Defect_NEU_DET-DATASET\NEU-DET\IMAGES\rolled-in_scale\rolled-in_scale_47.jpg
rolled-in_scale_48,rolled-in_scale,train,1439,C:\Users\anmol\OneDrive\Desktop\Steel_Surface_Defect_NEU_DET-DATASET\NEU-DET\IMAGES\rolled-in_scale\rolled-in_scale_48.jpg
rolled-in_scale_49,rolled-in_scale,train,1440,C:\Users\anmol\OneDrive\Desktop\Steel_Surface_Defect_NEU_DET-DATASET\NEU-DET\IMAGES\rolled-in_scale\rolled-in_scale_49.jpg
rolled-in_scale_50,rolled-in_scale,train,1442,C:\Users\anmol\OneDrive\Desktop\Steel_Surface_Defect_NEU_DET-DATASET\NEU-DET\IMAGES\rolled-in_scale\rolled-in_scale_50.jpg
rolled-in_scale_51,rolled-in_scale,train,1443,C:\Users\anmol\OneDrive\Desktop\Steel_Surface_Defect_NEU_DET-DATASET\NEU-DET\IMAGES\rolled-in_scale\rolled-in_scale_51.jpg
rolled-in_scale_53,rolled-in_scale,train,1445,C:\Users\anmol\OneDrive\Desktop\Steel_Surface_Defect_NEU_DET-DATASET\NEU-DET\IMAGES\rolled-in_scale\rolled-in_scale_53.jpg
rolled-in_scale_55,rolled-in_scale,train,1447,C:\Users\anmol\OneDrive\Desktop\Steel_Surface_Defect_NEU_DET-DATASET\NEU-DET\IMAGES\rolled-in_scale\rolled-in_scale_55.jpg
rolled-in_scale_56,rolled-in_scale,train,1448,C:\Users\anmol\OneDrive\Desktop\Steel_Surface_Defect_NEU_DET-DATASET\NEU-DET\IMAGES\rolled-in_scale\rolled-in_scale_56.jpg
rolled-in_scale_57,rolled-in_scale,train,1449,C:\Users\anmol\OneDrive\Desktop\Steel_Surface_Defect_NEU_DET-DATASET\NEU-DET\IMAGES\rolled-in_scale\rolled-in_scale_57.jpg
rolled-in_scale_59,rolled-in_scale,train,1451,C:\Users\anmol\OneDrive\Desktop\Steel_Surface_Defect_NEU_DET-DATASET\NEU-DET\IMAGES\rolled-in_scale\rolled-in_scale_59.jpg
rolled-in_scale_6,rolled-in_scale,train,1452,C:\Users\anmol\OneDrive\Desktop\Steel_Surface_Defect_NEU_DET-DATASET\NEU-DET\IMAGES\rolled-in_scale\rolled-in_scale_6.jpg
rolled-in_scale_62,rolled-in_scale,train,1455,C:\Users\anmol\OneDrive\Desktop\Steel_Surface_Defect_NEU_DET-DATASET\NEU-DET\IMAGES\rolled-in_scale\rolled-in_scale_62.jpg
rolled-in_scale_63,rolled-in_scale,train,1456,C:\Users\anmol\OneDrive\Desktop\Steel_Surface_Defect_NEU_DET-DATASET\NEU-DET\IMAGES\rolled-in_scale\rolled-in_scale_63.jpg
rolled-in_scale_64,rolled-in_scale,train,1457,C:\Users\anmol\OneDrive\Desktop\Steel_Surface_Defect_NEU_DET-DATASET\NEU-DET\IMAGES\rolled-in_scale\rolled-in_scale_64.jpg
rolled-in_scale_66,rolled-in_scale,train,1459,C:\Users\anmol\OneDrive\Desktop\Steel_Surface_Defect_NEU_DET-DATASET\NEU-DET\IMAGES\rolled-in_scale\rolled-in_scale_66.jpg
rolled-in_scale_67,rolled-in_scale,train,1460,C:\Users\anmol\OneDrive\Desktop\Steel_Surface_Defect_NEU_DET-DATASET\NEU-DET\IMAGES\rolled-in_scale\rolled-in_scale_67.jpg
rolled-in_scale_68,rolled-in_scale,train,1461,C:\Users\anmol\OneDrive\Desktop\Steel_Surface_Defect_NEU_DET-DATASET\NEU-DET\IMAGES\rolled-in_scale\rolled-in_scale_68.jpg
rolled-in_scale_69,rolled-in_scale,train,1462,C:\Users\anmol\OneDrive\Desktop\Steel_Surface_Defect_NEU_DET-DATASET\NEU-DET\IMAGES\rolled-in_scale\rolled-in_scale_69.jpg
rolled-in_scale_7,rolled-in_scale,train,1463,C:\Users\anmol\OneDrive\Desktop\Steel_Surface_Defect_NEU_DET-DATASET\NEU-DET\IMAGES\rolled-in_scale\rolled-in_scale_7.jpg
rolled-in_scale_70,rolled-in_scale,train,1464,C:\Users\anmol\OneDrive\Desktop\Steel_Surface_Defect_NEU_DET-DATASET\NEU-DET\IMAGES\rolled-in_scale\rolled-in_scale_70.jpg
rolled-in_scale_71,rolled-in_scale,train,1465,C:\Users\anmol\OneDrive\Desktop\Steel_Surface_Defect_NEU_DET-DATASET\NEU-DET\IMAGES\rolled-in_scale\rolled-in_scale_71.jpg
rolled-in_scale_72,rolled-in_scale,train,1466,C:\Users\anmol\OneDrive\Desktop\Steel_Surface_Defect_NEU_DET-DATASET\NEU-DET\IMAGES\rolled-in_scale\rolled-in_scale_72.jpg
rolled-in_scale_73,rolled-in_scale,train,1467,C:\Users\anmol\OneDrive\Desktop\Steel_Surface_Defect_NEU_DET-DATASET\NEU-DET\IMAGES\rolled-in_scale\rolled-in_scale_73.jpg
rolled-in_scale_74,rolled-in_scale,train,1468,C:\Users\anmol\OneDrive\Desktop\Steel_Surface_Defect_NEU_DET-DATASET\NEU-DET\IMAGES\rolled-in_scale\rolled-in_scale_74.jpg
rolled-in_scale_76,rolled-in_scale,train,1470,C:\Users\anmol\OneDrive\Desktop\Steel_Surface_Defect_NEU_DET-DATASET\NEU-DET\IMAGES\rolled-in_scale\rolled-in_scale_76.jpg
rolled-in_scale_78,rolled-in_scale,train,1472,C:\Users\anmol\OneDrive\Desktop\Steel_Surface_Defect_NEU_DET-DATASET\NEU-DET\IMAGES\rolled-in_scale\rolled-in_scale_78.jpg
rolled-in_scale_79,rolled-in_scale,train,1473,C:\Users\anmol\OneDrive\Desktop\Steel_Surface_Defect_NEU_DET-DATASET\NEU-DET\IMAGES\rolled-in_scale\rolled-in_scale_79.jpg
rolled-in_scale_8,rolled-in_scale,train,1474,C:\Users\anmol\OneDrive\Desktop\Steel_Surface_Defect_NEU_DET-DATASET\NEU-DET\IMAGES\rolled-in_scale\rolled-in_scale_8.jpg
rolled-in_scale_82,rolled-in_scale,train,1477,C:\Users\anmol\OneDrive\Desktop\Steel_Surface_Defect_NEU_DET-DATASET\NEU-DET\IMAGES\rolled-in_scale\rolled-in_scale_82.jpg
rolled-in_scale_83,rolled-in_scale,train,1478,C:\Users\anmol\OneDrive\Desktop\Steel_Surface_Defect_NEU_DET-DATASET\NEU-DET\IMAGES\rolled-in_scale\rolled-in_scale_83.jpg
rolled-in_scale_84,rolled-in_scale,train,1479,C:\Users\anmol\OneDrive\Desktop\Steel_Surface_Defect_NEU_DET-DATASET\NEU-DET\IMAGES\rolled-in_scale\rolled-in_scale_84.jpg
rolled-in_scale_85,rolled-in_scale,train,1480,C:\Users\anmol\OneDrive\Desktop\Steel_Surface_Defect_NEU_DET-DATASET\NEU-DET\IMAGES\rolled-in_scale\rolled-in_scale_85.jpg
rolled-in_scale_86,rolled-in_scale,train,1481,C:\Users\anmol\OneDrive\Desktop\Steel_Surface_Defect_NEU_DET-DATASET\NEU-DET\IMAGES\rolled-in_scale\rolled-in_scale_86.jpg
rolled-in_scale_87,rolled-in_scale,train,1482,C:\Users\anmol\OneDrive\Desktop\Steel_Surface_Defect_NEU_DET-DATASET\NEU-DET\IMAGES\rolled-in_scale\rolled-in_scale_87.jpg
rolled-in_scale_88,rolled-in_scale,train,1483,C:\Users\anmol\OneDrive\Desktop\Steel_Surface_Defect_NEU_DET-DATASET\NEU-DET\IMAGES\rolled-in_scale\rolled-in_scale_88.jpg
rolled-in_scale_89,rolled-in_scale,train,1484,C:\Users\anmol\OneDrive\Desktop\Steel_Surface_Defect_NEU_DET-DATASET\NEU-DET\IMAGES\rolled-in_scale\rolled-in_scale_89.jpg
rolled-in_scale_9,rolled-in_scale,train,1485,C:\Users\anmol\OneDrive\Desktop\Steel_Surface_Defect_NEU_DET-DATASET\NEU-DET\IMAGES\rolled-in_scale\rolled-in_scale_9.jpg
rolled-in_scale_90,rolled-in_scale,train,1486,C:\Users\anmol\OneDrive\Desktop\Steel_Surface_Defect_NEU_DET-DATASET\NEU-DET\IMAGES\rolled-in_scale\rolled-in_scale_90.jpg
rolled-in_scale_91,rolled-in_scale,train,1487,C:\Users\anmol\OneDrive\Desktop\Steel_Surface_Defect_NEU_DET-DATASET\NEU-DET\IMAGES\rolled-in_scale\rolled-in_scale_91.jpg
rolled-in_scale_92,rolled-in_scale,train,1488,C:\Users\anmol\OneDrive\Desktop\Steel_Surface_Defect_NEU_DET-DATASET\NEU-DET\IMAGES\rolled-in_scale\rolled-in_scale_92.jpg
rolled-in_scale_95,rolled-in_scale,train,1491,C:\Users\anmol\OneDrive\Desktop\Steel_Surface_Defect_NEU_DET-DATASET\NEU-DET\IMAGES\rolled-in_scale\rolled-in_scale_95.jpg
rolled-in_scale_96,rolled-in_scale,train,1492,C:\Users\anmol\OneDrive\Desktop\Steel_Surface_Defect_NEU_DET-DATASET\NEU-DET\IMAGES\rolled-in_scale\rolled-in_scale_96.jpg
rolled-in_scale_97,rolled-in_scale,train,1493,C:\Users\anmol\OneDrive\Desktop\Steel_Surface_Defect_NEU_DET-DATASET\NEU-DET\IMAGES\rolled-in_scale\rolled-in_scale_97.jpg
rolled-in_scale_110,rolled-in_scale,val,1209,C:\Users\anmol\OneDrive\Desktop\Steel_Surface_Defect_NEU_DET-DATASET\NEU-DET\IMAGES\rolled-in_scale\rolled-in_scale_110.jpg
rolled-in_scale_113,rolled-in_scale,val,1212,C:\Users\anmol\OneDrive\Desktop\Steel_Surface_Defect_NEU_DET-DATASET\NEU-DET\IMAGES\rolled-in_scale\rolled-in_scale_113.jpg
rolled-in_scale_120,rolled-in_scale,val,1220,C:\Users\anmol\OneDrive\Desktop\Steel_Surface_Defect_NEU_DET-DATASET\NEU-DET\IMAGES\rolled-in_scale\rolled-in_scale_120.jpg
rolled-in_scale_122,rolled-in_scale,val,1222,C:\Users\anmol\OneDrive\Desktop\Steel_Surface_Defect_NEU_DET-DATASET\NEU-DET\IMAGES\rolled-in_scale\rolled-in_scale_122.jpg
rolled-in_scale_126,rolled-in_scale,val,1226,C:\Users\anmol\OneDrive\Desktop\Steel_Surface_Defect_NEU_DET-DATASET\NEU-DET\IMAGES\rolled-in_scale\rolled-in_scale_126.jpg
rolled-in_scale_138,rolled-in_scale,val,1239,C:\Users\anmol\OneDrive\Desktop\Steel_Surface_Defect_NEU_DET-DATASET\NEU-DET\IMAGES\rolled-in_scale\rolled-in_scale_138.jpg
rolled-in_scale_140,rolled-in_scale,val,1242,C:\Users\anmol\OneDrive\Desktop\Steel_Surface_Defect_NEU_DET-DATASET\NEU-DET\IMAGES\rolled-in_scale\rolled-in_scale_140.jpg
rolled-in_scale_15,rolled-in_scale,val,1252,C:\Users\anmol\OneDrive\Desktop\Steel_Surface_Defect_NEU_DET-DATASET\NEU-DET\IMAGES\rolled-in_scale\rolled-in_scale_15.jpg
rolled-in_scale_160,rolled-in_scale,val,1264,C:\Users\anmol\OneDrive\Desktop\Steel_Surface_Defect_NEU_DET-DATASET\NEU-DET\IMAGES\rolled-in_scale\rolled-in_scale_160.jpg
rolled-in_scale_197,rolled-in_scale,val,1304,C:\Users\anmol\OneDrive\Desktop\Steel_Surface_Defect_NEU_DET-DATASET\NEU-DET\IMAGES\rolled-in_scale\rolled-in_scale_197.jpg
rolled-in_scale_199,rolled-in_scale,val,1306,C:\Users\anmol\OneDrive\Desktop\Steel_Surface_Defect_NEU_DET-DATASET\NEU-DET\IMAGES\rolled-in_scale\rolled-in_scale_199.jpg
rolled-in_scale_210,rolled-in_scale,val,1320,C:\Users\anmol\OneDrive\Desktop\Steel_Surface_Defect_NEU_DET-DATASET\NEU-DET\IMAGES\rolled-in_scale\rolled-in_scale_210.jpg
rolled-in_scale_229,rolled-in_scale,val,1340,C:\Users\anmol\OneDrive\Desktop\Steel_Surface_Defect_NEU_DET-DATASET\NEU-DET\IMAGES\rolled-in_scale\rolled-in_scale_229.jpg
rolled-in_scale_231,rolled-in_scale,val,1343,C:\Users\anmol\OneDrive\Desktop\Steel_Surface_Defect_NEU_DET-DATASET\NEU-DET\IMAGES\rolled-in_scale\rolled-in_scale_231.jpg
rolled-in_scale_241,rolled-in_scale,val,1354,C:\Users\anmol\OneDrive\Desktop\Steel_Surface_Defect_NEU_DET-DATASET\NEU-DET\IMAGES\rolled-in_scale\rolled-in_scale_241.jpg
rolled-in_scale_243,rolled-in_scale,val,1356,C:\Users\anmol\OneDrive\Desktop\Steel_Surface_Defect_NEU_DET-DATASET\NEU-DET\IMAGES\rolled-in_scale\rolled-in_scale_243.jpg
rolled-in_scale_253,rolled-in_scale,val,1367,C:\Users\anmol\OneDrive\Desktop\Steel_Surface_Defect_NEU_DET-DATASET\NEU-DET\IMAGES\rolled-in_scale\rolled-in_scale_253.jpg
rolled-in_scale_256,rolled-in_scale,val,1370,C:\Users\anmol\OneDrive\Desktop\Steel_Surface_Defect_NEU_DET-DATASET\NEU-DET\IMAGES\rolled-in_scale\rolled-in_scale_256.jpg
rolled-in_scale_259,rolled-in_scale,val,1373,C:\Users\anmol\OneDrive\Desktop\Steel_Surface_Defect_NEU_DET-DATASET\NEU-DET\IMAGES\rolled-in_scale\rolled-in_scale_259.jpg
rolled-in_scale_270,rolled-in_scale,val,1386,C:\Users\anmol\OneDrive\Desktop\Steel_Surface_Defect_NEU_DET-DATASET\NEU-DET\IMAGES\rolled-in_scale\rolled-in_scale_270.jpg
rolled-in_scale_287,rolled-in_scale,val,1404,C:\Users\anmol\OneDrive\Desktop\Steel_Surface_Defect_NEU_DET-DATASET\NEU-DET\IMAGES\rolled-in_scale\rolled-in_scale_287.jpg
rolled-in_scale_291,rolled-in_scale,val,1409,C:\Users\anmol\OneDrive\Desktop\Steel_Surface_Defect_NEU_DET-DATASET\NEU-DET\IMAGES\rolled-in_scale\rolled-in_scale_291.jpg
rolled-in_scale_299,rolled-in_scale,val,1417,C:\Users\anmol\OneDrive\Desktop\Steel_Surface_Defect_NEU_DET-DATASET\NEU-DET\IMAGES\rolled-in_scale\rolled-in_scale_299.jpg
rolled-in_scale_34,rolled-in_scale,val,1424,C:\Users\anmol\OneDrive\Desktop\Steel_Surface_Defect_NEU_DET-DATASET\NEU-DET\IMAGES\rolled-in_scale\rolled-in_scale_34.jpg
rolled-in_scale_5,rolled-in_scale,val,1441,C:\Users\anmol\OneDrive\Desktop\Steel_Surface_Defect_NEU_DET-DATASET\NEU-DET\IMAGES\rolled-in_scale\rolled-in_scale_5.jpg
rolled-in_scale_60,rolled-in_scale,val,1453,C:\Users\anmol\OneDrive\Desktop\Steel_Surface_Defect_NEU_DET-DATASET\NEU-DET\IMAGES\rolled-in_scale\rolled-in_scale_60.jpg
rolled-in_scale_65,rolled-in_scale,val,1458,C:\Users\anmol\OneDrive\Desktop\Steel_Surface_Defect_NEU_DET-DATASET\NEU-DET\IMAGES\rolled-in_scale\rolled-in_scale_65.jpg
rolled-in_scale_77,rolled-in_scale,val,1471,C:\Users\anmol\OneDrive\Desktop\Steel_Surface_Defect_NEU_DET-DATASET\NEU-DET\IMAGES\rolled-in_scale\rolled-in_scale_77.jpg
rolled-in_scale_93,rolled-in_scale,val,1489,C:\Users\anmol\OneDrive\Desktop\Steel_Surface_Defect_NEU_DET-DATASET\NEU-DET\IMAGES\rolled-in_scale\rolled-in_scale_93.jpg
rolled-in_scale_94,rolled-in_scale,val,1490,C:\Users\anmol\OneDrive\Desktop\Steel_Surface_Defect_NEU_DET-DATASET\NEU-DET\IMAGES\rolled-in_scale\rolled-in_scale_94.jpg
scratches_11,scratches,test,1508,C:\Users\anmol\OneDrive\Desktop\Steel_Surface_Defect_NEU_DET-DATASET\NEU-DET\IMAGES\scratches\scratches_11.jpg
scratches_111,scratches,test,1510,C:\Users\anmol\OneDrive\Desktop\Steel_Surface_Defect_NEU_DET-DATASET\NEU-DET\IMAGES\scratches\scratches_111.jpg
scratches_114,scratches,test,1513,C:\Users\anmol\OneDrive\Desktop\Steel_Surface_Defect_NEU_DET-DATASET\NEU-DET\IMAGES\scratches\scratches_114.jpg
scratches_120,scratches,test,1520,C:\Users\anmol\OneDrive\Desktop\Steel_Surface_Defect_NEU_DET-DATASET\NEU-DET\IMAGES\scratches\scratches_120.jpg
scratches_126,scratches,test,1526,C:\Users\anmol\OneDrive\Desktop\Steel_Surface_Defect_NEU_DET-DATASET\NEU-DET\IMAGES\scratches\scratches_126.jpg
scratches_130,scratches,test,1531,C:\Users\anmol\OneDrive\Desktop\Steel_Surface_Defect_NEU_DET-DATASET\NEU-DET\IMAGES\scratches\scratches_130.jpg
scratches_148,scratches,test,1550,C:\Users\anmol\OneDrive\Desktop\Steel_Surface_Defect_NEU_DET-DATASET\NEU-DET\IMAGES\scratches\scratches_148.jpg
scratches_15,scratches,test,1552,C:\Users\anmol\OneDrive\Desktop\Steel_Surface_Defect_NEU_DET-DATASET\NEU-DET\IMAGES\scratches\scratches_15.jpg
scratches_157,scratches,test,1560,C:\Users\anmol\OneDrive\Desktop\Steel_Surface_Defect_NEU_DET-DATASET\NEU-DET\IMAGES\scratches\scratches_157.jpg
scratches_168,scratches,test,1572,C:\Users\anmol\OneDrive\Desktop\Steel_Surface_Defect_NEU_DET-DATASET\NEU-DET\IMAGES\scratches\scratches_168.jpg
scratches_169,scratches,test,1573,C:\Users\anmol\OneDrive\Desktop\Steel_Surface_Defect_NEU_DET-DATASET\NEU-DET\IMAGES\scratches\scratches_169.jpg
scratches_17,scratches,test,1574,C:\Users\anmol\OneDrive\Desktop\Steel_Surface_Defect_NEU_DET-DATASET\NEU-DET\IMAGES\scratches\scratches_17.jpg
scratches_177,scratches,test,1582,C:\Users\anmol\OneDrive\Desktop\Steel_Surface_Defect_NEU_DET-DATASET\NEU-DET\IMAGES\scratches\scratches_177.jpg
scratches_178,scratches,test,1583,C:\Users\anmol\OneDrive\Desktop\Steel_Surface_Defect_NEU_DET-DATASET\NEU-DET\IMAGES\scratches\scratches_178.jpg
scratches_184,scratches,test,1590,C:\Users\anmol\OneDrive\Desktop\Steel_Surface_Defect_NEU_DET-DATASET\NEU-DET\IMAGES\scratches\scratches_184.jpg
scratches_186,scratches,test,1592,C:\Users\anmol\OneDrive\Desktop\Steel_Surface_Defect_NEU_DET-DATASET\NEU-DET\IMAGES\scratches\scratches_186.jpg
scratches_194,scratches,test,1601,C:\Users\anmol\OneDrive\Desktop\Steel_Surface_Defect_NEU_DET-DATASET\NEU-DET\IMAGES\scratches\scratches_194.jpg
scratches_207,scratches,test,1616,C:\Users\anmol\OneDrive\Desktop\Steel_Surface_Defect_NEU_DET-DATASET\NEU-DET\IMAGES\scratches\scratches_207.jpg
scratches_209,scratches,test,1618,C:\Users\anmol\OneDrive\Desktop\Steel_Surface_Defect_NEU_DET-DATASET\NEU-DET\IMAGES\scratches\scratches_209.jpg
scratches_210,scratches,test,1620,C:\Users\anmol\OneDrive\Desktop\Steel_Surface_Defect_NEU_DET-DATASET\NEU-DET\IMAGES\scratches\scratches_210.jpg
scratches_215,scratches,test,1625,C:\Users\anmol\OneDrive\Desktop\Steel_Surface_Defect_NEU_DET-DATASET\NEU-DET\IMAGES\scratches\scratches_215.jpg
scratches_224,scratches,test,1635,C:\Users\anmol\OneDrive\Desktop\Steel_Surface_Defect_NEU_DET-DATASET\NEU-DET\IMAGES\scratches\scratches_224.jpg
scratches_226,scratches,test,1637,C:\Users\anmol\OneDrive\Desktop\Steel_Surface_Defect_NEU_DET-DATASET\NEU-DET\IMAGES\scratches\scratches_226.jpg
scratches_227,scratches,test,1638,C:\Users\anmol\OneDrive\Desktop\Steel_Surface_Defect_NEU_DET-DATASET\NEU-DET\IMAGES\scratches\scratches_227.jpg
scratches_231,scratches,test,1643,C:\Users\anmol\OneDrive\Desktop\Steel_Surface_Defect_NEU_DET-DATASET\NEU-DET\IMAGES\scratches\scratches_231.jpg
scratches_239,scratches,test,1651,C:\Users\anmol\OneDrive\Desktop\Steel_Surface_Defect_NEU_DET-DATASET\NEU-DET\IMAGES\scratches\scratches_239.jpg
scratches_250,scratches,test,1664,C:\Users\anmol\OneDrive\Desktop\Steel_Surface_Defect_NEU_DET-DATASET\NEU-DET\IMAGES\scratches\scratches_250.jpg
scratches_255,scratches,test,1669,C:\Users\anmol\OneDrive\Desktop\Steel_Surface_Defect_NEU_DET-DATASET\NEU-DET\IMAGES\scratches\scratches_255.jpg
scratches_26,scratches,test,1674,C:\Users\anmol\OneDrive\Desktop\Steel_Surface_Defect_NEU_DET-DATASET\NEU-DET\IMAGES\scratches\scratches_26.jpg
scratches_262,scratches,test,1677,C:\Users\anmol\OneDrive\Desktop\Steel_Surface_Defect_NEU_DET-DATASET\NEU-DET\IMAGES\scratches\scratches_262.jpg
scratches_263,scratches,test,1678,C:\Users\anmol\OneDrive\Desktop\Steel_Surface_Defect_NEU_DET-DATASET\NEU-DET\IMAGES\scratches\scratches_263.jpg
scratches_266,scratches,test,1681,C:\Users\anmol\OneDrive\Desktop\Steel_Surface_Defect_NEU_DET-DATASET\NEU-DET\IMAGES\scratches\scratches_266.jpg
scratches_270,scratches,test,1686,C:\Users\anmol\OneDrive\Desktop\Steel_Surface_Defect_NEU_DET-DATASET\NEU-DET\IMAGES\scratches\scratches_270.jpg
scratches_275,scratches,test,1691,C:\Users\anmol\OneDrive\Desktop\Steel_Surface_Defect_NEU_DET-DATASET\NEU-DET\IMAGES\scratches\scratches_275.jpg
scratches_28,scratches,test,1696,C:\Users\anmol\OneDrive\Desktop\Steel_Surface_Defect_NEU_DET-DATASET\NEU-DET\IMAGES\scratches\scratches_28.jpg
scratches_280,scratches,test,1697,C:\Users\anmol\OneDrive\Desktop\Steel_Surface_Defect_NEU_DET-DATASET\NEU-DET\IMAGES\scratches\scratches_280.jpg
scratches_281,scratches,test,1698,C:\Users\anmol\OneDrive\Desktop\Steel_Surface_Defect_NEU_DET-DATASET\NEU-DET\IMAGES\scratches\scratches_281.jpg
scratches_282,scratches,test,1699,C:\Users\anmol\OneDrive\Desktop\Steel_Surface_Defect_NEU_DET-DATASET\NEU-DET\IMAGES\scratches\scratches_282.jpg
scratches_283,scratches,test,1700,C:\Users\anmol\OneDrive\Desktop\Steel_Surface_Defect_NEU_DET-DATASET\NEU-DET\IMAGES\scratches\scratches_283.jpg
scratches_285,scratches,test,1702,C:\Users\anmol\OneDrive\Desktop\Steel_Surface_Defect_NEU_DET-DATASET\NEU-DET\IMAGES\scratches\scratches_285.jpg
scratches_287,scratches,test,1704,C:\Users\anmol\OneDrive\Desktop\Steel_Surface_Defect_NEU_DET-DATASET\NEU-DET\IMAGES\scratches\scratches_287.jpg
scratches_292,scratches,test,1710,C:\Users\anmol\OneDrive\Desktop\Steel_Surface_Defect_NEU_DET-DATASET\NEU-DET\IMAGES\scratches\scratches_292.jpg
scratches_296,scratches,test,1714,C:\Users\anmol\OneDrive\Desktop\Steel_Surface_Defect_NEU_DET-DATASET\NEU-DET\IMAGES\scratches\scratches_296.jpg
scratches_297,scratches,test,1715,C:\Users\anmol\OneDrive\Desktop\Steel_Surface_Defect_NEU_DET-DATASET\NEU-DET\IMAGES\scratches\scratches_297.jpg
scratches_30,scratches,test,1719,C:\Users\anmol\OneDrive\Desktop\Steel_Surface_Defect_NEU_DET-DATASET\NEU-DET\IMAGES\scratches\scratches_30.jpg
scratches_36,scratches,test,1726,C:\Users\anmol\OneDrive\Desktop\Steel_Surface_Defect_NEU_DET-DATASET\NEU-DET\IMAGES\scratches\scratches_36.jpg
scratches_41,scratches,test,1732,C:\Users\anmol\OneDrive\Desktop\Steel_Surface_Defect_NEU_DET-DATASET\NEU-DET\IMAGES\scratches\scratches_41.jpg
scratches_42,scratches,test,1733,C:\Users\anmol\OneDrive\Desktop\Steel_Surface_Defect_NEU_DET-DATASET\NEU-DET\IMAGES\scratches\scratches_42.jpg
scratches_48,scratches,test,1739,C:\Users\anmol\OneDrive\Desktop\Steel_Surface_Defect_NEU_DET-DATASET\NEU-DET\IMAGES\scratches\scratches_48.jpg
scratches_50,scratches,test,1742,C:\Users\anmol\OneDrive\Desktop\Steel_Surface_Defect_NEU_DET-DATASET\NEU-DET\IMAGES\scratches\scratches_50.jpg
scratches_67,scratches,test,1760,C:\Users\anmol\OneDrive\Desktop\Steel_Surface_Defect_NEU_DET-DATASET\NEU-DET\IMAGES\scratches\scratches_67.jpg
scratches_77,scratches,test,1771,C:\Users\anmol\OneDrive\Desktop\Steel_Surface_Defect_NEU_DET-DATASET\NEU-DET\IMAGES\scratches\scratches_77.jpg
scratches_78,scratches,test,1772,C:\Users\anmol\OneDrive\Desktop\Steel_Surface_Defect_NEU_DET-DATASET\NEU-DET\IMAGES\scratches\scratches_78.jpg
scratches_8,scratches,test,1774,C:\Users\anmol\OneDrive\Desktop\Steel_Surface_Defect_NEU_DET-DATASET\NEU-DET\IMAGES\scratches\scratches_8.jpg
scratches_81,scratches,test,1776,C:\Users\anmol\OneDrive\Desktop\Steel_Surface_Defect_NEU_DET-DATASET\NEU-DET\IMAGES\scratches\scratches_81.jpg
scratches_9,scratches,test,1785,C:\Users\anmol\OneDrive\Desktop\Steel_Surface_Defect_NEU_DET-DATASET\NEU-DET\IMAGES\scratches\scratches_9.jpg
scratches_92,scratches,test,1788,C:\Users\anmol\OneDrive\Desktop\Steel_Surface_Defect_NEU_DET-DATASET\NEU-DET\IMAGES\scratches\scratches_92.jpg
scratches_95,scratches,test,1791,C:\Users\anmol\OneDrive\Desktop\Steel_Surface_Defect_NEU_DET-DATASET\NEU-DET\IMAGES\scratches\scratches_95.jpg
scratches_97,scratches,test,1793,C:\Users\anmol\OneDrive\Desktop\Steel_Surface_Defect_NEU_DET-DATASET\NEU-DET\IMAGES\scratches\scratches_97.jpg
scratches_99,scratches,test,1795,C:\Users\anmol\OneDrive\Desktop\Steel_Surface_Defect_NEU_DET-DATASET\NEU-DET\IMAGES\scratches\scratches_99.jpg
scratches_10,scratches,train,1497,C:\Users\anmol\OneDrive\Desktop\Steel_Surface_Defect_NEU_DET-DATASET\NEU-DET\IMAGES\scratches\scratches_10.jpg
scratches_100,scratches,train,1498,C:\Users\anmol\OneDrive\Desktop\Steel_Surface_Defect_NEU_DET-DATASET\NEU-DET\IMAGES\scratches\scratches_100.jpg
scratches_101,scratches,train,1499,C:\Users\anmol\OneDrive\Desktop\Steel_Surface_Defect_NEU_DET-DATASET\NEU-DET\IMAGES\scratches\scratches_101.jpg
scratches_102,scratches,train,1500,C:\Users\anmol\OneDrive\Desktop\Steel_Surface_Defect_NEU_DET-DATASET\NEU-DET\IMAGES\scratches\scratches_102.jpg
scratches_103,scratches,train,1501,C:\Users\anmol\OneDrive\Desktop\Steel_Surface_Defect_NEU_DET-DATASET\NEU-DET\IMAGES\scratches\scratches_103.jpg
scratches_104,scratches,train,1502,C:\Users\anmol\OneDrive\Desktop\Steel_Surface_Defect_NEU_DET-DATASET\NEU-DET\IMAGES\scratches\scratches_104.jpg
scratches_105,scratches,train,1503,C:\Users\anmol\OneDrive\Desktop\Steel_Surface_Defect_NEU_DET-DATASET\NEU-DET\IMAGES\scratches\scratches_105.jpg
scratches_106,scratches,train,1504,C:\Users\anmol\OneDrive\Desktop\Steel_Surface_Defect_NEU_DET-DATASET\NEU-DET\IMAGES\scratches\scratches_106.jpg
scratches_107,scratches,train,1505,C:\Users\anmol\OneDrive\Desktop\Steel_Surface_Defect_NEU_DET-DATASET\NEU-DET\IMAGES\scratches\scratches_107.jpg
scratches_108,scratches,train,1506,C:\Users\anmol\OneDrive\Desktop\Steel_Surface_Defect_NEU_DET-DATASET\NEU-DET\IMAGES\scratches\scratches_108.jpg
scratches_109,scratches,train,1507,C:\Users\anmol\OneDrive\Desktop\Steel_Surface_Defect_NEU_DET-DATASET\NEU-DET\IMAGES\scratches\scratches_109.jpg
scratches_110,scratches,train,1509,C:\Users\anmol\OneDrive\Desktop\Steel_Surface_Defect_NEU_DET-DATASET\NEU-DET\IMAGES\scratches\scratches_110.jpg
scratches_112,scratches,train,1511,C:\Users\anmol\OneDrive\Desktop\Steel_Surface_Defect_NEU_DET-DATASET\NEU-DET\IMAGES\scratches\scratches_112.jpg
scratches_113,scratches,train,1512,C:\Users\anmol\OneDrive\Desktop\Steel_Surface_Defect_NEU_DET-DATASET\NEU-DET\IMAGES\scratches\scratches_113.jpg
scratches_115,scratches,train,1514,C:\Users\anmol\OneDrive\Desktop\Steel_Surface_Defect_NEU_DET-DATASET\NEU-DET\IMAGES\scratches\scratches_115.jpg
scratches_116,scratches,train,1515,C:\Users\anmol\OneDrive\Desktop\Steel_Surface_Defect_NEU_DET-DATASET\NEU-DET\IMAGES\scratches\scratches_116.jpg
scratches_118,scratches,train,1517,C:\Users\anmol\OneDrive\Desktop\Steel_Surface_Defect_NEU_DET-DATASET\NEU-DET\IMAGES\scratches\scratches_118.jpg
scratches_119,scratches,train,1518,C:\Users\anmol\OneDrive\Desktop\Steel_Surface_Defect_NEU_DET-DATASET\NEU-DET\IMAGES\scratches\scratches_119.jpg
scratches_12,scratches,train,1519,C:\Users\anmol\OneDrive\Desktop\Steel_Surface_Defect_NEU_DET-DATASET\NEU-DET\IMAGES\scratches\scratches_12.jpg
scratches_122,scratches,train,1522,C:\Users\anmol\OneDrive\Desktop\Steel_Surface_Defect_NEU_DET-DATASET\NEU-DET\IMAGES\scratches\scratches_122.jpg
scratches_123,scratches,train,1523,C:\Users\anmol\OneDrive\Desktop\Steel_Surface_Defect_NEU_DET-DATASET\NEU-DET\IMAGES\scratches\scratches_123.jpg
scratches_124,scratches,train,1524,C:\Users\anmol\OneDrive\Desktop\Steel_Surface_Defect_NEU_DET-DATASET\NEU-DET\IMAGES\scratches\scratches_124.jpg
scratches_125,scratches,train,1525,C:\Users\anmol\OneDrive\Desktop\Steel_Surface_Defect_NEU_DET-DATASET\NEU-DET\IMAGES\scratches\scratches_125.jpg
scratches_127,scratches,train,1527,C:\Users\anmol\OneDrive\Desktop\Steel_Surface_Defect_NEU_DET-DATASET\NEU-DET\IMAGES\scratches\scratches_127.jpg
scratches_128,scratches,train,1528,C:\Users\anmol\OneDrive\Desktop\Steel_Surface_Defect_NEU_DET-DATASET\NEU-DET\IMAGES\scratches\scratches_128.jpg
scratches_129,scratches,train,1529,C:\Users\anmol\OneDrive\Desktop\Steel_Surface_Defect_NEU_DET-DATASET\NEU-DET\IMAGES\scratches\scratches_129.jpg
scratches_131,scratches,train,1532,C:\Users\anmol\OneDrive\Desktop\Steel_Surface_Defect_NEU_DET-DATASET\NEU-DET\IMAGES\scratches\scratches_131.jpg
scratches_133,scratches,train,1534,C:\Users\anmol\OneDrive\Desktop\Steel_Surface_Defect_NEU_DET-DATASET\NEU-DET\IMAGES\scratches\scratches_133.jpg
scratches_134,scratches,train,1535,C:\Users\anmol\OneDrive\Desktop\Steel_Surface_Defect_NEU_DET-DATASET\NEU-DET\IMAGES\scratches\scratches_134.jpg
scratches_135,scratches,train,1536,C:\Users\anmol\OneDrive\Desktop\Steel_Surface_Defect_NEU_DET-DATASET\NEU-DET\IMAGES\scratches\scratches_135.jpg
scratches_136,scratches,train,1537,C:\Users\anmol\OneDrive\Desktop\Steel_Surface_Defect_NEU_DET-DATASET\NEU-DET\IMAGES\scratches\scratches_136.jpg
scratches_137,scratches,train,1538,C:\Users\anmol\OneDrive\Desktop\Steel_Surface_Defect_NEU_DET-DATASET\NEU-DET\IMAGES\scratches\scratches_137.jpg
scratches_138,scratches,train,1539,C:\Users\anmol\OneDrive\Desktop\Steel_Surface_Defect_NEU_DET-DATASET\NEU-DET\IMAGES\scratches\scratches_138.jpg
scratches_139,scratches,train,1540,C:\Users\anmol\OneDrive\Desktop\Steel_Surface_Defect_NEU_DET-DATASET\NEU-DET\IMAGES\scratches\scratches_139.jpg
scratches_14,scratches,train,1541,C:\Users\anmol\OneDrive\Desktop\Steel_Surface_Defect_NEU_DET-DATASET\NEU-DET\IMAGES\scratches\scratches_14.jpg
scratches_140,scratches,train,1542,C:\Users\anmol\OneDrive\Desktop\Steel_Surface_Defect_NEU_DET-DATASET\NEU-DET\IMAGES\scratches\scratches_140.jpg
scratches_142,scratches,train,1544,C:\Users\anmol\OneDrive\Desktop\Steel_Surface_Defect_NEU_DET-DATASET\NEU-DET\IMAGES\scratches\scratches_142.jpg
scratches_143,scratches,train,1545,C:\Users\anmol\OneDrive\Desktop\Steel_Surface_Defect_NEU_DET-DATASET\NEU-DET\IMAGES\scratches\scratches_143.jpg
scratches_144,scratches,train,1546,C:\Users\anmol\OneDrive\Desktop\Steel_Surface_Defect_NEU_DET-DATASET\NEU-DET\IMAGES\scratches\scratches_144.jpg
scratches_146,scratches,train,1548,C:\Users\anmol\OneDrive\Desktop\Steel_Surface_Defect_NEU_DET-DATASET\NEU-DET\IMAGES\scratches\scratches_146.jpg
scratches_147,scratches,train,1549,C:\Users\anmol\OneDrive\Desktop\Steel_Surface_Defect_NEU_DET-DATASET\NEU-DET\IMAGES\scratches\scratches_147.jpg
scratches_149,scratches,train,1551,C:\Users\anmol\OneDrive\Desktop\Steel_Surface_Defect_NEU_DET-DATASET\NEU-DET\IMAGES\scratches\scratches_149.jpg
scratches_150,scratches,train,1553,C:\Users\anmol\OneDrive\Desktop\Steel_Surface_Defect_NEU_DET-DATASET\NEU-DET\IMAGES\scratches\scratches_150.jpg
scratches_151,scratches,train,1554,C:\Users\anmol\OneDrive\Desktop\Steel_Surface_Defect_NEU_DET-DATASET\NEU-DET\IMAGES\scratches\scratches_151.jpg
scratches_152,scratches,train,1555,C:\Users\anmol\OneDrive\Desktop\Steel_Surface_Defect_NEU_DET-DATASET\NEU-DET\IMAGES\scratches\scratches_152.jpg
scratches_153,scratches,train,1556,C:\Users\anmol\OneDrive\Desktop\Steel_Surface_Defect_NEU_DET-DATASET\NEU-DET\IMAGES\scratches\scratches_153.jpg
scratches_154,scratches,train,1557,C:\Users\anmol\OneDrive\Desktop\Steel_Surface_Defect_NEU_DET-DATASET\NEU-DET\IMAGES\scratches\scratches_154.jpg
scratches_155,scratches,train,1558,C:\Users\anmol\OneDrive\Desktop\Steel_Surface_Defect_NEU_DET-DATASET\NEU-DET\IMAGES\scratches\scratches_155.jpg
scratches_156,scratches,train,1559,C:\Users\anmol\OneDrive\Desktop\Steel_Surface_Defect_NEU_DET-DATASET\NEU-DET\IMAGES\scratches\scratches_156.jpg
scratches_159,scratches,train,1562,C:\Users\anmol\OneDrive\Desktop\Steel_Surface_Defect_NEU_DET-DATASET\NEU-DET\IMAGES\scratches\scratches_159.jpg
scratches_16,scratches,train,1563,C:\Users\anmol\OneDrive\Desktop\Steel_Surface_Defect_NEU_DET-DATASET\NEU-DET\IMAGES\scratches\scratches_16.jpg
scratches_161,scratches,train,1565,C:\Users\anmol\OneDrive\Desktop\Steel_Surface_Defect_NEU_DET-DATASET\NEU-DET\IMAGES\scratches\scratches_161.jpg
scratches_162,scratches,train,1566,C:\Users\anmol\OneDrive\Desktop\Steel_Surface_Defect_NEU_DET-DATASET\NEU-DET\IMAGES\scratches\scratches_162.jpg
scratches_163,scratches,train,1567,C:\Users\anmol\OneDrive\Desktop\Steel_Surface_Defect_NEU_DET-DATASET\NEU-DET\IMAGES\scratches\scratches_163.jpg
scratches_165,scratches,train,1569,C:\Users\anmol\OneDrive\Desktop\Steel_Surface_Defect_NEU_DET-DATASET\NEU-DET\IMAGES\scratches\scratches_165.jpg
scratches_166,scratches,train,1570,C:\Users\anmol\OneDrive\Desktop\Steel_Surface_Defect_NEU_DET-DATASET\NEU-DET\IMAGES\scratches\scratches_166.jpg
scratches_167,scratches,train,1571,C:\Users\anmol\OneDrive\Desktop\Steel_Surface_Defect_NEU_DET-DATASET\NEU-DET\IMAGES\scratches\scratches_167.jpg
scratches_170,scratches,train,1575,C:\Users\anmol\OneDrive\Desktop\Steel_Surface_Defect_NEU_DET-DATASET\NEU-DET\IMAGES\scratches\scratches_170.jpg
scratches_172,scratches,train,1577,C:\Users\anmol\OneDrive\Desktop\Steel_Surface_Defect_NEU_DET-DATASET\NEU-DET\IMAGES\scratches\scratches_172.jpg
scratches_173,scratches,train,1578,C:\Users\anmol\OneDrive\Desktop\Steel_Surface_Defect_NEU_DET-DATASET\NEU-DET\IMAGES\scratches\scratches_173.jpg
scratches_174,scratches,train,1579,C:\Users\anmol\OneDrive\Desktop\Steel_Surface_Defect_NEU_DET-DATASET\NEU-DET\IMAGES\scratches\scratches_174.jpg
scratches_176,scratches,train,1581,C:\Users\anmol\OneDrive\Desktop\Steel_Surface_Defect_NEU_DET-DATASET\NEU-DET\IMAGES\scratches\scratches_176.jpg
scratches_179,scratches,train,1584,C:\Users\anmol\OneDrive\Desktop\Steel_Surface_Defect_NEU_DET-DATASET\NEU-DET\IMAGES\scratches\scratches_179.jpg
scratches_18,scratches,train,1585,C:\Users\anmol\OneDrive\Desktop\Steel_Surface_Defect_NEU_DET-DATASET\NEU-DET\IMAGES\scratches\scratches_18.jpg
scratches_180,scratches,train,1586,C:\Users\anmol\OneDrive\Desktop\Steel_Surface_Defect_NEU_DET-DATASET\NEU-DET\IMAGES\scratches\scratches_180.jpg
scratches_181,scratches,train,1587,C:\Users\anmol\OneDrive\Desktop\Steel_Surface_Defect_NEU_DET-DATASET\NEU-DET\IMAGES\scratches\scratches_181.jpg
scratches_182,scratches,train,1588,C:\Users\anmol\OneDrive\Desktop\Steel_Surface_Defect_NEU_DET-DATASET\NEU-DET\IMAGES\scratches\scratches_182.jpg
scratches_183,scratches,train,1589,C:\Users\anmol\OneDrive\Desktop\Steel_Surface_Defect_NEU_DET-DATASET\NEU-DET\IMAGES\scratches\scratches_183.jpg
scratches_185,scratches,train,1591,C:\Users\anmol\OneDrive\Desktop\Steel_Surface_Defect_NEU_DET-DATASET\NEU-DET\IMAGES\scratches\scratches_185.jpg
scratches_187,scratches,train,1593,C:\Users\anmol\OneDrive\Desktop\Steel_Surface_Defect_NEU_DET-DATASET\NEU-DET\IMAGES\scratches\scratches_187.jpg
scratches_188,scratches,train,1594,C:\Users\anmol\OneDrive\Desktop\Steel_Surface_Defect_NEU_DET-DATASET\NEU-DET\IMAGES\scratches\scratches_188.jpg
scratches_190,scratches,train,1597,C:\Users\anmol\OneDrive\Desktop\Steel_Surface_Defect_NEU_DET-DATASET\NEU-DET\IMAGES\scratches\scratches_190.jpg
scratches_191,scratches,train,1598,C:\Users\anmol\OneDrive\Desktop\Steel_Surface_Defect_NEU_DET-DATASET\NEU-DET\IMAGES\scratches\scratches_191.jpg
scratches_192,scratches,train,1599,C:\Users\anmol\OneDrive\Desktop\Steel_Surface_Defect_NEU_DET-DATASET\NEU-DET\IMAGES\scratches\scratches_192.jpg
scratches_193,scratches,train,1600,C:\Users\anmol\OneDrive\Desktop\Steel_Surface_Defect_NEU_DET-DATASET\NEU-DET\IMAGES\scratches\scratches_193.jpg
scratches_195,scratches,train,1602,C:\Users\anmol\OneDrive\Desktop\Steel_Surface_Defect_NEU_DET-DATASET\NEU-DET\IMAGES\scratches\scratches_195.jpg
scratches_196,scratches,train,1603,C:\Users\anmol\OneDrive\Desktop\Steel_Surface_Defect_NEU_DET-DATASET\NEU-DET\IMAGES\scratches\scratches_196.jpg
scratches_197,scratches,train,1604,C:\Users\anmol\OneDrive\Desktop\Steel_Surface_Defect_NEU_DET-DATASET\NEU-DET\IMAGES\scratches\scratches_197.jpg
scratches_198,scratches,train,1605,C:\Users\anmol\OneDrive\Desktop\Steel_Surface_Defect_NEU_DET-DATASET\NEU-DET\IMAGES\scratches\scratches_198.jpg
scratches_199,scratches,train,1606,C:\Users\anmol\OneDrive\Desktop\Steel_Surface_Defect_NEU_DET-DATASET\NEU-DET\IMAGES\scratches\scratches_199.jpg
scratches_2,scratches,train,1607,C:\Users\anmol\OneDrive\Desktop\Steel_Surface_Defect_NEU_DET-DATASET\NEU-DET\IMAGES\scratches\scratches_2.jpg
scratches_20,scratches,train,1608,C:\Users\anmol\OneDrive\Desktop\Steel_Surface_Defect_NEU_DET-DATASET\NEU-DET\IMAGES\scratches\scratches_20.jpg
scratches_200,scratches,train,1609,C:\Users\anmol\OneDrive\Desktop\Steel_Surface_Defect_NEU_DET-DATASET\NEU-DET\IMAGES\scratches\scratches_200.jpg
scratches_201,scratches,train,1610,C:\Users\anmol\OneDrive\Desktop\Steel_Surface_Defect_NEU_DET-DATASET\NEU-DET\IMAGES\scratches\scratches_201.jpg
scratches_202,scratches,train,1611,C:\Users\anmol\OneDrive\Desktop\Steel_Surface_Defect_NEU_DET-DATASET\NEU-DET\IMAGES\scratches\scratches_202.jpg
scratches_204,scratches,train,1613,C:\Users\anmol\OneDrive\Desktop\Steel_Surface_Defect_NEU_DET-DATASET\NEU-DET\IMAGES\scratches\scratches_204.jpg
scratches_205,scratches,train,1614,C:\Users\anmol\OneDrive\Desktop\Steel_Surface_Defect_NEU_DET-DATASET\NEU-DET\IMAGES\scratches\scratches_205.jpg
scratches_206,scratches,train,1615,C:\Users\anmol\OneDrive\Desktop\Steel_Surface_Defect_NEU_DET-DATASET\NEU-DET\IMAGES\scratches\scratches_206.jpg
scratches_208,scratches,train,1617,C:\Users\anmol\OneDrive\Desktop\Steel_Surface_Defect_NEU_DET-DATASET\NEU-DET\IMAGES\scratches\scratches_208.jpg
scratches_21,scratches,train,1619,C:\Users\anmol\OneDrive\Desktop\Steel_Surface_Defect_NEU_DET-DATASET\NEU-DET\IMAGES\scratches\scratches_21.jpg
scratches_211,scratches,train,1621,C:\Users\anmol\OneDrive\Desktop\Steel_Surface_Defect_NEU_DET-DATASET\NEU-DET\IMAGES\scratches\scratches_211.jpg
scratches_212,scratches,train,1622,C:\Users\anmol\OneDrive\Desktop\Steel_Surface_Defect_NEU_DET-DATASET\NEU-DET\IMAGES\scratches\scratches_212.jpg
scratches_213,scratches,train,1623,C:\Users\anmol\OneDrive\Desktop\Steel_Surface_Defect_NEU_DET-DATASET\NEU-DET\IMAGES\scratches\scratches_213.jpg
scratches_214,scratches,train,1624,C:\Users\anmol\OneDrive\Desktop\Steel_Surface_Defect_NEU_DET-DATASET\NEU-DET\IMAGES\scratches\scratches_214.jpg
scratches_216,scratches,train,1626,C:\Users\anmol\OneDrive\Desktop\Steel_Surface_Defect_NEU_DET-DATASET\NEU-DET\IMAGES\scratches\scratches_216.jpg
scratches_218,scratches,train,1628,C:\Users\anmol\OneDrive\Desktop\Steel_Surface_Defect_NEU_DET-DATASET\NEU-DET\IMAGES\scratches\scratches_218.jpg
scratches_219,scratches,train,1629,C:\Users\anmol\OneDrive\Desktop\Steel_Surface_Defect_NEU_DET-DATASET\NEU-DET\IMAGES\scratches\scratches_219.jpg
scratches_221,scratches,train,1632,C:\Users\anmol\OneDrive\Desktop\Steel_Surface_Defect_NEU_DET-DATASET\NEU-DET\IMAGES\scratches\scratches_221.jpg
scratches_223,scratches,train,1634,C:\Users\anmol\OneDrive\Desktop\Steel_Surface_Defect_NEU_DET-DATASET\NEU-DET\IMAGES\scratches\scratches_223.jpg
scratches_225,scratches,train,1636,C:\Users\anmol\OneDrive\Desktop\Steel_Surface_Defect_NEU_DET-DATASET\NEU-DET\IMAGES\scratches\scratches_225.jpg
scratches_228,scratches,train,1639,C:\Users\anmol\OneDrive\Desktop\Steel_Surface_Defect_NEU_DET-DATASET\NEU-DET\IMAGES\scratches\scratches_228.jpg
scratches_229,scratches,train,1640,C:\Users\anmol\OneDrive\Desktop\Steel_Surface_Defect_NEU_DET-DATASET\NEU-DET\IMAGES\scratches\scratches_229.jpg
scratches_23,scratches,train,1641,C:\Users\anmol\OneDrive\Desktop\Steel_Surface_Defect_NEU_DET-DATASET\NEU-DET\IMAGES\scratches\scratches_23.jpg
scratches_230,scratches,train,1642,C:\Users\anmol\OneDrive\Desktop\Steel_Surface_Defect_NEU_DET-DATASET\NEU-DET\IMAGES\scratches\scratches_230.jpg
scratches_232,scratches,train,1644,C:\Users\anmol\OneDrive\Desktop\Steel_Surface_Defect_NEU_DET-DATASET\NEU-DET\IMAGES\scratches\scratches_232.jpg
scratches_233,scratches,train,1645,C:\Users\anmol\OneDrive\Desktop\Steel_Surface_Defect_NEU_DET-DATASET\NEU-DET\IMAGES\scratches\scratches_233.jpg
scratches_235,scratches,train,1647,C:\Users\anmol\OneDrive\Desktop\Steel_Surface_Defect_NEU_DET-DATASET\NEU-DET\IMAGES\scratches\scratches_235.jpg
scratches_236,scratches,train,1648,C:\Users\anmol\OneDrive\Desktop\Steel_Surface_Defect_NEU_DET-DATASET\NEU-DET\IMAGES\scratches\scratches_236.jpg
scratches_237,scratches,train,1649,C:\Users\anmol\OneDrive\Desktop\Steel_Surface_Defect_NEU_DET-DATASET\NEU-DET\IMAGES\scratches\scratches_237.jpg
scratches_238,scratches,train,1650,C:\Users\anmol\OneDrive\Desktop\Steel_Surface_Defect_NEU_DET-DATASET\NEU-DET\IMAGES\scratches\scratches_238.jpg
scratches_24,scratches,train,1652,C:\Users\anmol\OneDrive\Desktop\Steel_Surface_Defect_NEU_DET-DATASET\NEU-DET\IMAGES\scratches\scratches_24.jpg
scratches_240,scratches,train,1653,C:\Users\anmol\OneDrive\Desktop\Steel_Surface_Defect_NEU_DET-DATASET\NEU-DET\IMAGES\scratches\scratches_240.jpg
scratches_241,scratches,train,1654,C:\Users\anmol\OneDrive\Desktop\Steel_Surface_Defect_NEU_DET-DATASET\NEU-DET\IMAGES\scratches\scratches_241.jpg
scratches_242,scratches,train,1655,C:\Users\anmol\OneDrive\Desktop\Steel_Surface_Defect_NEU_DET-DATASET\NEU-DET\IMAGES\scratches\scratches_242.jpg
scratches_243,scratches,train,1656,C:\Users\anmol\OneDrive\Desktop\Steel_Surface_Defect_NEU_DET-DATASET\NEU-DET\IMAGES\scratches\scratches_243.jpg
scratches_244,scratches,train,1657,C:\Users\anmol\OneDrive\Desktop\Steel_Surface_Defect_NEU_DET-DATASET\NEU-DET\IMAGES\scratches\scratches_244.jpg
scratches_245,scratches,train,1658,C:\Users\anmol\OneDrive\Desktop\Steel_Surface_Defect_NEU_DET-DATASET\NEU-DET\IMAGES\scratches\scratches_245.jpg
scratches_246,scratches,train,1659,C:\Users\anmol\OneDrive\Desktop\Steel_Surface_Defect_NEU_DET-DATASET\NEU-DET\IMAGES\scratches\scratches_246.jpg
scratches_247,scratches,train,1660,C:\Users\anmol\OneDrive\Desktop\Steel_Surface_Defect_NEU_DET-DATASET\NEU-DET\IMAGES\scratches\scratches_247.jpg
scratches_248,scratches,train,1661,C:\Users\anmol\OneDrive\Desktop\Steel_Surface_Defect_NEU_DET-DATASET\NEU-DET\IMAGES\scratches\scratches_248.jpg
scratches_249,scratches,train,1662,C:\Users\anmol\OneDrive\Desktop\Steel_Surface_Defect_NEU_DET-DATASET\NEU-DET\IMAGES\scratches\scratches_249.jpg
scratches_251,scratches,train,1665,C:\Users\anmol\OneDrive\Desktop\Steel_Surface_Defect_NEU_DET-DATASET\NEU-DET\IMAGES\scratches\scratches_251.jpg
scratches_252,scratches,train,1666,C:\Users\anmol\OneDrive\Desktop\Steel_Surface_Defect_NEU_DET-DATASET\NEU-DET\IMAGES\scratches\scratches_252.jpg
scratches_253,scratches,train,1667,C:\Users\anmol\OneDrive\Desktop\Steel_Surface_Defect_NEU_DET-DATASET\NEU-DET\IMAGES\scratches\scratches_253.jpg
scratches_254,scratches,train,1668,C:\Users\anmol\OneDrive\Desktop\Steel_Surface_Defect_NEU_DET-DATASET\NEU-DET\IMAGES\scratches\scratches_254.jpg
scratches_256,scratches,train,1670,C:\Users\anmol\OneDrive\Desktop\Steel_Surface_Defect_NEU_DET-DATASET\NEU-DET\IMAGES\scratches\scratches_256.jpg
scratches_258,scratches,train,1672,C:\Users\anmol\OneDrive\Desktop\Steel_Surface_Defect_NEU_DET-DATASET\NEU-DET\IMAGES\scratches\scratches_258.jpg
scratches_259,scratches,train,1673,C:\Users\anmol\OneDrive\Desktop\Steel_Surface_Defect_NEU_DET-DATASET\NEU-DET\IMAGES\scratches\scratches_259.jpg
scratches_261,scratches,train,1676,C:\Users\anmol\OneDrive\Desktop\Steel_Surface_Defect_NEU_DET-DATASET\NEU-DET\IMAGES\scratches\scratches_261.jpg
scratches_264,scratches,train,1679,C:\Users\anmol\OneDrive\Desktop\Steel_Surface_Defect_NEU_DET-DATASET\NEU-DET\IMAGES\scratches\scratches_264.jpg
scratches_265,scratches,train,1680,C:\Users\anmol\OneDrive\Desktop\Steel_Surface_Defect_NEU_DET-DATASET\NEU-DET\IMAGES\scratches\scratches_265.jpg
scratches_267,scratches,train,1682,C:\Users\anmol\OneDrive\Desktop\Steel_Surface_Defect_NEU_DET-DATASET\NEU-DET\IMAGES\scratches\scratches_267.jpg
scratches_268,scratches,train,1683,C:\Users\anmol\OneDrive\Desktop\Steel_Surface_Defect_NEU_DET-DATASET\NEU-DET\IMAGES\scratches\scratches_268.jpg
scratches_269,scratches,train,1684,C:\Users\anmol\OneDrive\Desktop\Steel_Surface_Defect_NEU_DET-DATASET\NEU-DET\IMAGES\scratches\scratches_269.jpg
scratches_27,scratches,train,1685,C:\Users\anmol\OneDrive\Desktop\Steel_Surface_Defect_NEU_DET-DATASET\NEU-DET\IMAGES\scratches\scratches_27.jpg
scratches_271,scratches,train,1687,C:\Users\anmol\OneDrive\Desktop\Steel_Surface_Defect_NEU_DET-DATASET\NEU-DET\IMAGES\scratches\scratches_271.jpg
scratches_272,scratches,train,1688,C:\Users\anmol\OneDrive\Desktop\Steel_Surface_Defect_NEU_DET-DATASET\NEU-DET\IMAGES\scratches\scratches_272.jpg
scratches_273,scratches,train,1689,C:\Users\anmol\OneDrive\Desktop\Steel_Surface_Defect_NEU_DET-DATASET\NEU-DET\IMAGES\scratches\scratches_273.jpg
scratches_274,scratches,train,1690,C:\Users\anmol\OneDrive\Desktop\Steel_Surface_Defect_NEU_DET-DATASET\NEU-DET\IMAGES\scratches\scratches_274.jpg
scratches_276,scratches,train,1692,C:\Users\anmol\OneDrive\Desktop\Steel_Surface_Defect_NEU_DET-DATASET\NEU-DET\IMAGES\scratches\scratches_276.jpg
scratches_277,scratches,train,1693,C:\Users\anmol\OneDrive\Desktop\Steel_Surface_Defect_NEU_DET-DATASET\NEU-DET\IMAGES\scratches\scratches_277.jpg
scratches_278,scratches,train,1694,C:\Users\anmol\OneDrive\Desktop\Steel_Surface_Defect_NEU_DET-DATASET\NEU-DET\IMAGES\scratches\scratches_278.jpg
scratches_279,scratches,train,1695,C:\Users\anmol\OneDrive\Desktop\Steel_Surface_Defect_NEU_DET-DATASET\NEU-DET\IMAGES\scratches\scratches_279.jpg
scratches_284,scratches,train,1701,C:\Users\anmol\OneDrive\Desktop\Steel_Surface_Defect_NEU_DET-DATASET\NEU-DET\IMAGES\scratches\scratches_284.jpg
scratches_286,scratches,train,1703,C:\Users\anmol\OneDrive\Desktop\Steel_Surface_Defect_NEU_DET-DATASET\NEU-DET\IMAGES\scratches\scratches_286.jpg
scratches_288,scratches,train,1705,C:\Users\anmol\OneDrive\Desktop\Steel_Surface_Defect_NEU_DET-DATASET\NEU-DET\IMAGES\scratches\scratches_288.jpg
scratches_289,scratches,train,1706,C:\Users\anmol\OneDrive\Desktop\Steel_Surface_Defect_NEU_DET-DATASET\NEU-DET\IMAGES\scratches\scratches_289.jpg
scratches_29,scratches,train,1707,C:\Users\anmol\OneDrive\Desktop\Steel_Surface_Defect_NEU_DET-DATASET\NEU-DET\IMAGES\scratches\scratches_29.jpg
scratches_290,scratches,train,1708,C:\Users\anmol\OneDrive\Desktop\Steel_Surface_Defect_NEU_DET-DATASET\NEU-DET\IMAGES\scratches\scratches_290.jpg
scratches_291,scratches,train,1709,C:\Users\anmol\OneDrive\Desktop\Steel_Surface_Defect_NEU_DET-DATASET\NEU-DET\IMAGES\scratches\scratches_291.jpg
scratches_293,scratches,train,1711,C:\Users\anmol\OneDrive\Desktop\Steel_Surface_Defect_NEU_DET-DATASET\NEU-DET\IMAGES\scratches\scratches_293.jpg
scratches_294,scratches,train,1712,C:\Users\anmol\OneDrive\Desktop\Steel_Surface_Defect_NEU_DET-DATASET\NEU-DET\IMAGES\scratches\scratches_294.jpg
scratches_295,scratches,train,1713,C:\Users\anmol\OneDrive\Desktop\Steel_Surface_Defect_NEU_DET-DATASET\NEU-DET\IMAGES\scratches\scratches_295.jpg
scratches_298,scratches,train,1716,C:\Users\anmol\OneDrive\Desktop\Steel_Surface_Defect_NEU_DET-DATASET\NEU-DET\IMAGES\scratches\scratches_298.jpg
scratches_299,scratches,train,1717,C:\Users\anmol\OneDrive\Desktop\Steel_Surface_Defect_NEU_DET-DATASET\NEU-DET\IMAGES\scratches\scratches_299.jpg
scratches_3,scratches,train,1718,C:\Users\anmol\OneDrive\Desktop\Steel_Surface_Defect_NEU_DET-DATASET\NEU-DET\IMAGES\scratches\scratches_3.jpg
scratches_31,scratches,train,1721,C:\Users\anmol\OneDrive\Desktop\Steel_Surface_Defect_NEU_DET-DATASET\NEU-DET\IMAGES\scratches\scratches_31.jpg
scratches_32,scratches,train,1722,C:\Users\anmol\OneDrive\Desktop\Steel_Surface_Defect_NEU_DET-DATASET\NEU-DET\IMAGES\scratches\scratches_32.jpg
scratches_33,scratches,train,1723,C:\Users\anmol\OneDrive\Desktop\Steel_Surface_Defect_NEU_DET-DATASET\NEU-DET\IMAGES\scratches\scratches_33.jpg
scratches_34,scratches,train,1724,C:\Users\anmol\OneDrive\Desktop\Steel_Surface_Defect_NEU_DET-DATASET\NEU-DET\IMAGES\scratches\scratches_34.jpg
scratches_35,scratches,train,1725,C:\Users\anmol\OneDrive\Desktop\Steel_Surface_Defect_NEU_DET-DATASET\NEU-DET\IMAGES\scratches\scratches_35.jpg
scratches_37,scratches,train,1727,C:\Users\anmol\OneDrive\Desktop\Steel_Surface_Defect_NEU_DET-DATASET\NEU-DET\IMAGES\scratches\scratches_37.jpg
scratches_38,scratches,train,1728,C:\Users\anmol\OneDrive\Desktop\Steel_Surface_Defect_NEU_DET-DATASET\NEU-DET\IMAGES\scratches\scratches_38.jpg
scratches_4,scratches,train,1730,C:\Users\anmol\OneDrive\Desktop\Steel_Surface_Defect_NEU_DET-DATASET\NEU-DET\IMAGES\scratches\scratches_4.jpg
scratches_40,scratches,train,1731,C:\Users\anmol\OneDrive\Desktop\Steel_Surface_Defect_NEU_DET-DATASET\NEU-DET\IMAGES\scratches\scratches_40.jpg
scratches_43,scratches,train,1734,C:\Users\anmol\OneDrive\Desktop\Steel_Surface_Defect_NEU_DET-DATASET\NEU-DET\IMAGES\scratches\scratches_43.jpg
scratches_44,scratches,train,1735,C:\Users\anmol\OneDrive\Desktop\Steel_Surface_Defect_NEU_DET-DATASET\NEU-DET\IMAGES\scratches\scratches_44.jpg
scratches_45,scratches,train,1736,C:\Users\anmol\OneDrive\Desktop\Steel_Surface_Defect_NEU_DET-DATASET\NEU-DET\IMAGES\scratches\scratches_45.jpg
scratches_46,scratches,train,1737,C:\Users\anmol\OneDrive\Desktop\Steel_Surface_Defect_NEU_DET-DATASET\NEU-DET\IMAGES\scratches\scratches_46.jpg
scratches_47,scratches,train,1738,C:\Users\anmol\OneDrive\Desktop\Steel_Surface_Defect_NEU_DET-DATASET\NEU-DET\IMAGES\scratches\scratches_47.jpg
scratches_49,scratches,train,1740,C:\Users\anmol\OneDrive\Desktop\Steel_Surface_Defect_NEU_DET-DATASET\NEU-DET\IMAGES\scratches\scratches_49.jpg
scratches_5,scratches,train,1741,C:\Users\anmol\OneDrive\Desktop\Steel_Surface_Defect_NEU_DET-DATASET\NEU-DET\IMAGES\scratches\scratches_5.jpg
scratches_51,scratches,train,1743,C:\Users\anmol\OneDrive\Desktop\Steel_Surface_Defect_NEU_DET-DATASET\NEU-DET\IMAGES\scratches\scratches_51.jpg
scratches_52,scratches,train,1744,C:\Users\anmol\OneDrive\Desktop\Steel_Surface_Defect_NEU_DET-DATASET\NEU-DET\IMAGES\scratches\scratches_52.jpg
scratches_53,scratches,train,1745,C:\Users\anmol\OneDrive\Desktop\Steel_Surface_Defect_NEU_DET-DATASET\NEU-DET\IMAGES\scratches\scratches_53.jpg
scratches_54,scratches,train,1746,C:\Users\anmol\OneDrive\Desktop\Steel_Surface_Defect_NEU_DET-DATASET\NEU-DET\IMAGES\scratches\scratches_54.jpg
scratches_55,scratches,train,1747,C:\Users\anmol\OneDrive\Desktop\Steel_Surface_Defect_NEU_DET-DATASET\NEU-DET\IMAGES\scratches\scratches_55.jpg
scratches_56,scratches,train,1748,C:\Users\anmol\OneDrive\Desktop\Steel_Surface_Defect_NEU_DET-DATASET\NEU-DET\IMAGES\scratches\scratches_56.jpg
scratches_57,scratches,train,1749,C:\Users\anmol\OneDrive\Desktop\Steel_Surface_Defect_NEU_DET-DATASET\NEU-DET\IMAGES\scratches\scratches_57.jpg
scratches_58,scratches,train,1750,C:\Users\anmol\OneDrive\Desktop\Steel_Surface_Defect_NEU_DET-DATASET\NEU-DET\IMAGES\scratches\scratches_58.jpg
scratches_59,scratches,train,1751,C:\Users\anmol\OneDrive\Desktop\Steel_Surface_Defect_NEU_DET-DATASET\NEU-DET\IMAGES\scratches\scratches_59.jpg
scratches_6,scratches,train,1752,C:\Users\anmol\OneDrive\Desktop\Steel_Surface_Defect_NEU_DET-DATASET\NEU-DET\IMAGES\scratches\scratches_6.jpg
scratches_60,scratches,train,1753,C:\Users\anmol\OneDrive\Desktop\Steel_Surface_Defect_NEU_DET-DATASET\NEU-DET\IMAGES\scratches\scratches_60.jpg
scratches_61,scratches,train,1754,C:\Users\anmol\OneDrive\Desktop\Steel_Surface_Defect_NEU_DET-DATASET\NEU-DET\IMAGES\scratches\scratches_61.jpg
scratches_62,scratches,train,1755,C:\Users\anmol\OneDrive\Desktop\Steel_Surface_Defect_NEU_DET-DATASET\NEU-DET\IMAGES\scratches\scratches_62.jpg
scratches_63,scratches,train,1756,C:\Users\anmol\OneDrive\Desktop\Steel_Surface_Defect_NEU_DET-DATASET\NEU-DET\IMAGES\scratches\scratches_63.jpg
scratches_64,scratches,train,1757,C:\Users\anmol\OneDrive\Desktop\Steel_Surface_Defect_NEU_DET-DATASET\NEU-DET\IMAGES\scratches\scratches_64.jpg
scratches_65,scratches,train,1758,C:\Users\anmol\OneDrive\Desktop\Steel_Surface_Defect_NEU_DET-DATASET\NEU-DET\IMAGES\scratches\scratches_65.jpg
scratches_66,scratches,train,1759,C:\Users\anmol\OneDrive\Desktop\Steel_Surface_Defect_NEU_DET-DATASET\NEU-DET\IMAGES\scratches\scratches_66.jpg
scratches_68,scratches,train,1761,C:\Users\anmol\OneDrive\Desktop\Steel_Surface_Defect_NEU_DET-DATASET\NEU-DET\IMAGES\scratches\scratches_68.jpg
scratches_69,scratches,train,1762,C:\Users\anmol\OneDrive\Desktop\Steel_Surface_Defect_NEU_DET-DATASET\NEU-DET\IMAGES\scratches\scratches_69.jpg
scratches_7,scratches,train,1763,C:\Users\anmol\OneDrive\Desktop\Steel_Surface_Defect_NEU_DET-DATASET\NEU-DET\IMAGES\scratches\scratches_7.jpg
scratches_70,scratches,train,1764,C:\Users\anmol\OneDrive\Desktop\Steel_Surface_Defect_NEU_DET-DATASET\NEU-DET\IMAGES\scratches\scratches_70.jpg
scratches_71,scratches,train,1765,C:\Users\anmol\OneDrive\Desktop\Steel_Surface_Defect_NEU_DET-DATASET\NEU-DET\IMAGES\scratches\scratches_71.jpg
scratches_72,scratches,train,1766,C:\Users\anmol\OneDrive\Desktop\Steel_Surface_Defect_NEU_DET-DATASET\NEU-DET\IMAGES\scratches\scratches_72.jpg
scratches_73,scratches,train,1767,C:\Users\anmol\OneDrive\Desktop\Steel_Surface_Defect_NEU_DET-DATASET\NEU-DET\IMAGES\scratches\scratches_73.jpg
scratches_74,scratches,train,1768,C:\Users\anmol\OneDrive\Desktop\Steel_Surface_Defect_NEU_DET-DATASET\NEU-DET\IMAGES\scratches\scratches_74.jpg
scratches_75,scratches,train,1769,C:\Users\anmol\OneDrive\Desktop\Steel_Surface_Defect_NEU_DET-DATASET\NEU-DET\IMAGES\scratches\scratches_75.jpg
scratches_76,scratches,train,1770,C:\Users\anmol\OneDrive\Desktop\Steel_Surface_Defect_NEU_DET-DATASET\NEU-DET\IMAGES\scratches\scratches_76.jpg
scratches_82,scratches,train,1777,C:\Users\anmol\OneDrive\Desktop\Steel_Surface_Defect_NEU_DET-DATASET\NEU-DET\IMAGES\scratches\scratches_82.jpg
scratches_83,scratches,train,1778,C:\Users\anmol\OneDrive\Desktop\Steel_Surface_Defect_NEU_DET-DATASET\NEU-DET\IMAGES\scratches\scratches_83.jpg
scratches_84,scratches,train,1779,C:\Users\anmol\OneDrive\Desktop\Steel_Surface_Defect_NEU_DET-DATASET\NEU-DET\IMAGES\scratches\scratches_84.jpg
scratches_86,scratches,train,1781,C:\Users\anmol\OneDrive\Desktop\Steel_Surface_Defect_NEU_DET-DATASET\NEU-DET\IMAGES\scratches\scratches_86.jpg
scratches_87,scratches,train,1782,C:\Users\anmol\OneDrive\Desktop\Steel_Surface_Defect_NEU_DET-DATASET\NEU-DET\IMAGES\scratches\scratches_87.jpg
scratches_88,scratches,train,1783,C:\Users\anmol\OneDrive\Desktop\Steel_Surface_Defect_NEU_DET-DATASET\NEU-DET\IMAGES\scratches\scratches_88.jpg
scratches_89,scratches,train,1784,C:\Users\anmol\OneDrive\Desktop\Steel_Surface_Defect_NEU_DET-DATASET\NEU-DET\IMAGES\scratches\scratches_89.jpg
scratches_91,scratches,train,1787,C:\Users\anmol\OneDrive\Desktop\Steel_Surface_Defect_NEU_DET-DATASET\NEU-DET\IMAGES\scratches\scratches_91.jpg
scratches_93,scratches,train,1789,C:\Users\anmol\OneDrive\Desktop\Steel_Surface_Defect_NEU_DET-DATASET\NEU-DET\IMAGES\scratches\scratches_93.jpg
scratches_96,scratches,train,1792,C:\Users\anmol\OneDrive\Desktop\Steel_Surface_Defect_NEU_DET-DATASET\NEU-DET\IMAGES\scratches\scratches_96.jpg
scratches_98,scratches,train,1794,C:\Users\anmol\OneDrive\Desktop\Steel_Surface_Defect_NEU_DET-DATASET\NEU-DET\IMAGES\scratches\scratches_98.jpg
scratches_1,scratches,val,1496,C:\Users\anmol\OneDrive\Desktop\Steel_Surface_Defect_NEU_DET-DATASET\NEU-DET\IMAGES\scratches\scratches_1.jpg
scratches_117,scratches,val,1516,C:\Users\anmol\OneDrive\Desktop\Steel_Surface_Defect_NEU_DET-DATASET\NEU-DET\IMAGES\scratches\scratches_117.jpg
scratches_121,scratches,val,1521,C:\Users\anmol\OneDrive\Desktop\Steel_Surface_Defect_NEU_DET-DATASET\NEU-DET\IMAGES\scratches\scratches_121.jpg
scratches_13,scratches,val,1530,C:\Users\anmol\OneDrive\Desktop\Steel_Surface_Defect_NEU_DET-DATASET\NEU-DET\IMAGES\scratches\scratches_13.jpg
scratches_132,scratches,val,1533,C:\Users\anmol\OneDrive\Desktop\Steel_Surface_Defect_NEU_DET-DATASET\NEU-DET\IMAGES\scratches\scratches_132.jpg
scratches_141,scratches,val,1543,C:\Users\anmol\OneDrive\Desktop\Steel_Surface_Defect_NEU_DET-DATASET\NEU-DET\IMAGES\scratches\scratches_141.jpg
scratches_145,scratches,val,1547,C:\Users\anmol\OneDrive\Desktop\Steel_Surface_Defect_NEU_DET-DATASET\NEU-DET\IMAGES\scratches\scratches_145.jpg
scratches_158,scratches,val,1561,C:\Users\anmol\OneDrive\Desktop\Steel_Surface_Defect_NEU_DET-DATASET\NEU-DET\IMAGES\scratches\scratches_158.jpg
scratches_160,scratches,val,1564,C:\Users\anmol\OneDrive\Desktop\Steel_Surface_Defect_NEU_DET-DATASET\NEU-DET\IMAGES\scratches\scratches_160.jpg
scratches_164,scratches,val,1568,C:\Users\anmol\OneDrive\Desktop\Steel_Surface_Defect_NEU_DET-DATASET\NEU-DET\IMAGES\scratches\scratches_164.jpg
scratches_171,scratches,val,1576,C:\Users\anmol\OneDrive\Desktop\Steel_Surface_Defect_NEU_DET-DATASET\NEU-DET\IMAGES\scratches\scratches_171.jpg
scratches_175,scratches,val,1580,C:\Users\anmol\OneDrive\Desktop\Steel_Surface_Defect_NEU_DET-DATASET\NEU-DET\IMAGES\scratches\scratches_175.jpg
scratches_189,scratches,val,1595,C:\Users\anmol\OneDrive\Desktop\Steel_Surface_Defect_NEU_DET-DATASET\NEU-DET\IMAGES\scratches\scratches_189.jpg
scratches_19,scratches,val,1596,C:\Users\anmol\OneDrive\Desktop\Steel_Surface_Defect_NEU_DET-DATASET\NEU-DET\IMAGES\scratches\scratches_19.jpg
scratches_203,scratches,val,1612,C:\Users\anmol\OneDrive\Desktop\Steel_Surface_Defect_NEU_DET-DATASET\NEU-DET\IMAGES\scratches\scratches_203.jpg
scratches_217,scratches,val,1627,C:\Users\anmol\OneDrive\Desktop\Steel_Surface_Defect_NEU_DET-DATASET\NEU-DET\IMAGES\scratches\scratches_217.jpg
scratches_22,scratches,val,1630,C:\Users\anmol\OneDrive\Desktop\Steel_Surface_Defect_NEU_DET-DATASET\NEU-DET\IMAGES\scratches\scratches_22.jpg
scratches_220,scratches,val,1631,C:\Users\anmol\OneDrive\Desktop\Steel_Surface_Defect_NEU_DET-DATASET\NEU-DET\IMAGES\scratches\scratches_220.jpg
scratches_222,scratches,val,1633,C:\Users\anmol\OneDrive\Desktop\Steel_Surface_Defect_NEU_DET-DATASET\NEU-DET\IMAGES\scratches\scratches_222.jpg
scratches_234,scratches,val,1646,C:\Users\anmol\OneDrive\Desktop\Steel_Surface_Defect_NEU_DET-DATASET\NEU-DET\IMAGES\scratches\scratches_234.jpg
scratches_25,scratches,val,1663,C:\Users\anmol\OneDrive\Desktop\Steel_Surface_Defect_NEU_DET-DATASET\NEU-DET\IMAGES\scratches\scratches_25.jpg
scratches_257,scratches,val,1671,C:\Users\anmol\OneDrive\Desktop\Steel_Surface_Defect_NEU_DET-DATASET\NEU-DET\IMAGES\scratches\scratches_257.jpg
scratches_260,scratches,val,1675,C:\Users\anmol\OneDrive\Desktop\Steel_Surface_Defect_NEU_DET-DATASET\NEU-DET\IMAGES\scratches\scratches_260.jpg
scratches_300,scratches,val,1720,C:\Users\anmol\OneDrive\Desktop\Steel_Surface_Defect_NEU_DET-DATASET\NEU-DET\IMAGES\scratches\scratches_300.jpg
scratches_39,scratches,val,1729,C:\Users\anmol\OneDrive\Desktop\Steel_Surface_Defect_NEU_DET-DATASET\NEU-DET\IMAGES\scratches\scratches_39.jpg
scratches_79,scratches,val,1773,C:\Users\anmol\OneDrive\Desktop\Steel_Surface_Defect_NEU_DET-DATASET\NEU-DET\IMAGES\scratches\scratches_79.jpg
scratches_80,scratches,val,1775,C:\Users\anmol\OneDrive\Desktop\Steel_Surface_Defect_NEU_DET-DATASET\NEU-DET\IMAGES\scratches\scratches_80.jpg
scratches_85,scratches,val,1780,C:\Users\anmol\OneDrive\Desktop\Steel_Surface_Defect_NEU_DET-DATASET\NEU-DET\IMAGES\scratches\scratches_85.jpg
scratches_90,scratches,val,1786,C:\Users\anmol\OneDrive\Desktop\Steel_Surface_Defect_NEU_DET-DATASET\NEU-DET\IMAGES\scratches\scratches_90.jpg
scratches_94,scratches,val,1790,C:\Users\anmol\OneDrive\Desktop\Steel_Surface_Defect_NEU_DET-DATASET\NEU-DET\IMAGES\scratches\scratches_94.jpg
