stem,class,split,group,path
cracking_04,Crazing,test,3,C:\Users\anmol\OneDrive\Desktop\Steel_Surface_Defect_NEU_DET-DATASET\SteelDefectX\train_by_class\Crazing\cracking_04.jpg
cracking_100,Crazing,test,9,C:\Users\anmol\OneDrive\Desktop\Steel_Surface_Defect_NEU_DET-DATASET\SteelDefectX\train_by_class\Crazing\cracking_100.jpg
cracking_101,Crazing,test,10,C:\Users\anmol\OneDrive\Desktop\Steel_Surface_Defect_NEU_DET-DATASET\SteelDefectX\train_by_class\Crazing\cracking_101.jpg
cracking_118,Crazing,test,22,C:\Users\anmol\OneDrive\Desktop\Steel_Surface_Defect_NEU_DET-DATASET\SteelDefectX\train_by_class\Crazing\cracking_118.jpg
cracking_127,Crazing,test,28,C:\Users\anmol\OneDrive\Desktop\Steel_Surface_Defect_NEU_DET-DATASET\SteelDefectX\train_by_class\Crazing\cracking_127.jpg
cracking_143,Crazing,test,41,C:\Users\anmol\OneDrive\Desktop\Steel_Surface_Defect_NEU_DET-DATASET\SteelDefectX\train_by_class\Crazing\cracking_143.jpg
cracking_150,Crazing,test,45,C:\Users\anmol\OneDrive\Desktop\Steel_Surface_Defect_NEU_DET-DATASET\SteelDefectX\train_by_class\Crazing\cracking_150.jpg
cracking_153,Crazing,test,48,C:\Users\anmol\OneDrive\Desktop\Steel_Surface_Defect_NEU_DET-DATASET\SteelDefectX\train_by_class\Crazing\cracking_153.jpg
cracking_154,Crazing,test,49,C:\Users\anmol\OneDrive\Desktop\Steel_Surface_Defect_NEU_DET-DATASET\SteelDefectX\train_by_class\Crazing\cracking_154.jpg
cracking_163,Crazing,test,53,C:\Users\anmol\OneDrive\Desktop\Steel_Surface_Defect_NEU_DET-DATASET\SteelDefectX\train_by_class\Crazing\cracking_163.jpg
cracking_169,Crazing,test,59,C:\Users\anmol\OneDrive\Desktop\Steel_Surface_Defect_NEU_DET-DATASET\SteelDefectX\train_by_class\Crazing\cracking_169.jpg
cracking_172,Crazing,test,63,C:\Users\anmol\OneDrive\Desktop\Steel_Surface_Defect_NEU_DET-DATASET\SteelDefectX\train_by_class\Crazing\cracking_172.jpg
cracking_176,Crazing,test,66,C:\Users\anmol\OneDrive\Desktop\Steel_Surface_Defect_NEU_DET-DATASET\SteelDefectX\train_by_class\Crazing\cracking_176.jpg
cracking_194,Crazing,test,82,C:\Users\anmol\OneDrive\Desktop\Steel_Surface_Defect_NEU_DET-DATASET\SteelDefectX\train_by_class\Crazing\cracking_194.jpg
cracking_207,Crazing,test,90,C:\Users\anmol\OneDrive\Desktop\Steel_Surface_Defect_NEU_DET-DATASET\SteelDefectX\train_by_class\Crazing\cracking_207.jpg
cracking_208,Crazing,test,91,C:\Users\anmol\OneDrive\Desktop\Steel_Surface_Defect_NEU_DET-DATASET\SteelDefectX\train_by_class\Crazing\cracking_208.jpg
cracking_212,Crazing,test,95,C:\Users\anmol\OneDrive\Desktop\Steel_Surface_Defect_NEU_DET-DATASET\SteelDefectX\train_by_class\Crazing\cracking_212.jpg
cracking_213,Crazing,test,96,C:\Users\anmol\OneDrive\Desktop\Steel_Surface_Defect_NEU_DET-DATASET\SteelDefectX\train_by_class\Crazing\cracking_213.jpg
cracking_221,Crazing,test,101,C:\Users\anmol\OneDrive\Desktop\Steel_Surface_Defect_NEU_DET-DATASET\SteelDefectX\train_by_class\Crazing\cracking_221.jpg
cracking_225,Crazing,test,104,C:\Users\anmol\OneDrive\Desktop\Steel_Surface_Defect_NEU_DET-DATASET\SteelDefectX\train_by_class\Crazing\cracking_225.jpg
cracking_226,Crazing,test,105,C:\Users\anmol\OneDrive\Desktop\Steel_Surface_Defect_NEU_DET-DATASET\SteelDefectX\train_by_class\Crazing\cracking_226.jpg
cracking_243,Crazing,test,120,C:\Users\anmol\OneDrive\Desktop\Steel_Surface_Defect_NEU_DET-DATASET\SteelDefectX\train_by_class\Crazing\cracking_243.jpg
cracking_244,Crazing,test,121,C:\Users\anmol\OneDrive\Desktop\Steel_Surface_Defect_NEU_DET-DATASET\SteelDefectX\train_by_class\Crazing\cracking_244.jpg
cracking_253,Crazing,test,127,C:\Users\anmol\OneDrive\Desktop\Steel_Surface_Defect_NEU_DET-DATASET\SteelDefectX\train_by_class\Crazing\cracking_253.jpg
cracking_254,Crazing,test,128,C:\Users\anmol\OneDrive\Desktop\Steel_Surface_Defect_NEU_DET-DATASET\SteelDefectX\train_by_class\Crazing\cracking_254.jpg
cracking_274,Crazing,test,145,C:\Users\anmol\OneDrive\Desktop\Steel_Surface_Defect_NEU_DET-DATASET\SteelDefectX\train_by_class\Crazing\cracking_274.jpg
cracking_275,Crazing,test,146,C:\Users\anmol\OneDrive\Desktop\Steel_Surface_Defect_NEU_DET-DATASET\SteelDefectX\train_by_class\Crazing\cracking_275.jpg
cracking_278,Crazing,test,148,C:\Users\anmol\OneDrive\Desktop\Steel_Surface_Defect_NEU_DET-DATASET\SteelDefectX\train_by_class\Crazing\cracking_278.jpg
cracking_279,Crazing,test,149,C:\Users\anmol\OneDrive\Desktop\Steel_Surface_Defect_NEU_DET-DATASET\SteelDefectX\train_by_class\Crazing\cracking_279.jpg
cracking_290,Crazing,test,160,C:\Users\anmol\OneDrive\Desktop\Steel_Surface_Defect_NEU_DET-DATASET\SteelDefectX\train_by_class\Crazing\cracking_290.jpg
cracking_35,Crazing,test,166,C:\Users\anmol\OneDrive\Desktop\Steel_Surface_Defect_NEU_DET-DATASET\SteelDefectX\train_by_class\Crazing\cracking_35.jpg
cracking_44,Crazing,test,171,C:\Users\anmol\OneDrive\Desktop\Steel_Surface_Defect_NEU_DET-DATASET\SteelDefectX\train_by_class\Crazing\cracking_44.jpg
cracking_53,Crazing,test,177,C:\Users\anmol\OneDrive\Desktop\Steel_Surface_Defect_NEU_DET-DATASET\SteelDefectX\train_by_class\Crazing\cracking_53.jpg
cracking_56,Crazing,test,180,C:\Users\anmol\OneDrive\Desktop\Steel_Surface_Defect_NEU_DET-DATASET\SteelDefectX\train_by_class\Crazing\cracking_56.jpg
cracking_63,Crazing,test,184,C:\Users\anmol\OneDrive\Desktop\Steel_Surface_Defect_NEU_DET-DATASET\SteelDefectX\train_by_class\Crazing\cracking_63.jpg
cracking_65,Crazing,test,186,C:\Users\anmol\OneDrive\Desktop\Steel_Surface_Defect_NEU_DET-DATASET\SteelDefectX\train_by_class\Crazing\cracking_65.jpg
cracking_71,Crazing,test,190,C:\Users\anmol\OneDrive\Desktop\Steel_Surface_Defect_NEU_DET-DATASET\SteelDefectX\train_by_class\Crazing\cracking_71.jpg
cracking_78,Crazing,test,195,C:\Users\anmol\OneDrive\Desktop\Steel_Surface_Defect_NEU_DET-DATASET\SteelDefectX\train_by_class\Crazing\cracking_78.jpg
cracking_79,Crazing,test,196,C:\Users\anmol\OneDrive\Desktop\Steel_Surface_Defect_NEU_DET-DATASET\SteelDefectX\train_by_class\Crazing\cracking_79.jpg
cracking_85,Crazing,test,200,C:\Users\anmol\OneDrive\Desktop\Steel_Surface_Defect_NEU_DET-DATASET\SteelDefectX\train_by_class\Crazing\cracking_85.jpg
cracking_88,Crazing,test,202,C:\Users\anmol\OneDrive\Desktop\Steel_Surface_Defect_NEU_DET-DATASET\SteelDefectX\train_by_class\Crazing\cracking_88.jpg
cracking_97,Crazing,test,207,C:\Users\anmol\OneDrive\Desktop\Steel_Surface_Defect_NEU_DET-DATASET\SteelDefectX\train_by_class\Crazing\cracking_97.jpg
cracking_01,Crazing,train,0,C:\Users\anmol\OneDrive\Desktop\Steel_Surface_Defect_NEU_DET-DATASET\SteelDefectX\train_by_class\Crazing\cracking_01.jpg
cracking_02,Crazing,train,1,C:\Users\anmol\OneDrive\Desktop\Steel_Surface_Defect_NEU_DET-DATASET\SteelDefectX\train_by_class\Crazing\cracking_02.jpg
cracking_03,Crazing,train,2,C:\Users\anmol\OneDrive\Desktop\Steel_Surface_Defect_NEU_DET-DATASET\SteelDefectX\train_by_class\Crazing\cracking_03.jpg
cracking_06,Crazing,train,4,C:\Users\anmol\OneDrive\Desktop\Steel_Surface_Defect_NEU_DET-DATASET\SteelDefectX\train_by_class\Crazing\cracking_06.jpg
cracking_08,Crazing,train,6,C:\Users\anmol\OneDrive\Desktop\Steel_Surface_Defect_NEU_DET-DATASET\SteelDefectX\train_by_class\Crazing\cracking_08.jpg
cracking_09,Crazing,train,7,C:\Users\anmol\OneDrive\Desktop\Steel_Surface_Defect_NEU_DET-DATASET\SteelDefectX\train_by_class\Crazing\cracking_09.jpg
cracking_10,Crazing,train,8,C:\Users\anmol\OneDrive\Desktop\Steel_Surface_Defect_NEU_DET-DATASET\SteelDefectX\train_by_class\Crazing\cracking_10.jpg
cracking_103,Crazing,train,11,C:\Users\anmol\OneDrive\Desktop\Steel_Surface_Defect_NEU_DET-DATASET\SteelDefectX\train_by_class\Crazing\cracking_103.jpg
cracking_105,Crazing,train,12,C:\Users\anmol\OneDrive\Desktop\Steel_Surface_Defect_NEU_DET-DATASET\SteelDefectX\train_by_class\Crazing\cracking_105.jpg
cracking_106,Crazing,train,13,C:\Users\anmol\OneDrive\Desktop\Steel_Surface_Defect_NEU_DET-DATASET\SteelDefectX\train_by_class\Crazing\cracking_106.jpg
cracking_107,Crazing,train,14,C:\Users\anmol\OneDrive\Desktop\Steel_Surface_Defect_NEU_DET-DATASET\SteelDefectX\train_by_class\Crazing\cracking_107.jpg
cracking_108,Crazing,train,15,C:\Users\anmol\OneDrive\Desktop\Steel_Surface_Defect_NEU_DET-DATASET\SteelDefectX\train_by_class\Crazing\cracking_108.jpg
cracking_111,Crazing,train,17,C:\Users\anmol\OneDrive\Desktop\Steel_Surface_Defect_NEU_DET-DATASET\SteelDefectX\train_by_class\Crazing\cracking_111.jpg
cracking_112,Crazing,train,18,C:\Users\anmol\OneDrive\Desktop\Steel_Surface_Defect_NEU_DET-DATASET\SteelDefectX\train_by_class\Crazing\cracking_112.jpg
cracking_113,Crazing,train,19,C:\Users\anmol\OneDrive\Desktop\Steel_Surface_Defect_NEU_DET-DATASET\SteelDefectX\train_by_class\Crazing\cracking_113.jpg
cracking_115,Crazing,train,20,C:\Users\anmol\OneDrive\Desktop\Steel_Surface_Defect_NEU_DET-DATASET\SteelDefectX\train_by_class\Crazing\cracking_115.jpg
cracking_116,Crazing,train,21,C:\Users\anmol\OneDrive\Desktop\Steel_Surface_Defect_NEU_DET-DATASET\SteelDefectX\train_by_class\Crazing\cracking_116.jpg
cracking_120,Crazing,train,23,C:\Users\anmol\OneDrive\Desktop\Steel_Surface_Defect_NEU_DET-DATASET\SteelDefectX\train_by_class\Crazing\cracking_120.jpg
cracking_121,Crazing,train,24,C:\Users\anmol\OneDrive\Desktop\Steel_Surface_Defect_NEU_DET-DATASET\SteelDefectX\train_by_class\Crazing\cracking_121.jpg
cracking_122,Crazing,train,25,C:\Users\anmol\OneDrive\Desktop\Steel_Surface_Defect_NEU_DET-DATASET\SteelDefectX\train_by_class\Crazing\cracking_122.jpg
cracking_124,Crazing,train,26,C:\Users\anmol\OneDrive\Desktop\Steel_Surface_Defect_NEU_DET-DATASET\SteelDefectX\train_by_class\Crazing\cracking_124.jpg
cracking_126,Crazing,train,27,C:\Users\anmol\OneDrive\Desktop\Steel_Surface_Defect_NEU_DET-DATASET\SteelDefectX\train_by_class\Crazing\cracking_126.jpg
cracking_129,Crazing,train,29,C:\Users\anmol\OneDrive\Desktop\Steel_Surface_Defect_NEU_DET-DATASET\SteelDefectX\train_by_class\Crazing\cracking_129.jpg
cracking_133,Crazing,train,31,C:\Users\anmol\OneDrive\Desktop\Steel_Surface_Defect_NEU_DET-DATASET\SteelDefectX\train_by_class\Crazing\cracking_133.jpg
cracking_134,Crazing,train,32,C:\Users\anmol\OneDrive\Desktop\Steel_Surface_Defect_NEU_DET-DATASET\SteelDefectX\train_by_class\Crazing\cracking_134.jpg
cracking_135,Crazing,train,33,C:\Users\anmol\OneDrive\Desktop\Steel_Surface_Defect_NEU_DET-DATASET\SteelDefectX\train_by_class\Crazing\cracking_135.jpg
cracking_136,Crazing,train,34,C:\Users\anmol\OneDrive\Desktop\Steel_Surface_Defect_NEU_DET-DATASET\SteelDefectX\train_by_class\Crazing\cracking_136.jpg
cracking_137,Crazing,train,35,C:\Users\anmol\OneDrive\Desktop\Steel_Surface_Defect_NEU_DET-DATASET\SteelDefectX\train_by_class\Crazing\cracking_137.jpg
cracking_138,Crazing,train,36,C:\Users\anmol\OneDrive\Desktop\Steel_Surface_Defect_NEU_DET-DATASET\SteelDefectX\train_by_class\Crazing\cracking_138.jpg
cracking_139,Crazing,train,37,C:\Users\anmol\OneDrive\Desktop\Steel_Surface_Defect_NEU_DET-DATASET\SteelDefectX\train_by_class\Crazing\cracking_139.jpg
cracking_14,Crazing,train,38,C:\Users\anmol\OneDrive\Desktop\Steel_Surface_Defect_NEU_DET-DATASET\SteelDefectX\train_by_class\Crazing\cracking_14.jpg
cracking_140,Crazing,train,39,C:\Users\anmol\OneDrive\Desktop\Steel_Surface_Defect_NEU_DET-DATASET\SteelDefectX\train_by_class\Crazing\cracking_140.jpg
cracking_141,Crazing,train,40,C:\Users\anmol\OneDrive\Desktop\Steel_Surface_Defect_NEU_DET-DATASET\SteelDefectX\train_by_class\Crazing\cracking_141.jpg
cracking_145,Crazing,train,42,C:\Users\anmol\OneDrive\Desktop\Steel_Surface_Defect_NEU_DET-DATASET\SteelDefectX\train_by_class\Crazing\cracking_145.jpg
cracking_146,Crazing,train,43,C:\Users\anmol\OneDrive\Desktop\Steel_Surface_Defect_NEU_DET-DATASET\SteelDefectX\train_by_class\Crazing\cracking_146.jpg
cracking_147,Crazing,train,44,C:\Users\anmol\OneDrive\Desktop\Steel_Surface_Defect_NEU_DET-DATASET\SteelDefectX\train_by_class\Crazing\cracking_147.jpg
cracking_151,Crazing,train,46,C:\Users\anmol\OneDrive\Desktop\Steel_Surface_Defect_NEU_DET-DATASET\SteelDefectX\train_by_class\Crazing\cracking_151.jpg
cracking_152,Crazing,train,47,C:\Users\anmol\OneDrive\Desktop\Steel_Surface_Defect_NEU_DET-DATASET\SteelDefectX\train_by_class\Crazing\cracking_152.jpg
cracking_158,Crazing,train,50,C:\Users\anmol\OneDrive\Desktop\Steel_Surface_Defect_NEU_DET-DATASET\SteelDefectX\train_by_class\Crazing\cracking_158.jpg
cracking_160,Crazing,train,51,C:\Users\anmol\OneDrive\Desktop\Steel_Surface_Defect_NEU_DET-DATASET\SteelDefectX\train_by_class\Crazing\cracking_160.jpg
cracking_164,Crazing,train,54,C:\Users\anmol\OneDrive\Desktop\Steel_Surface_Defect_NEU_DET-DATASET\SteelDefectX\train_by_class\Crazing\cracking_164.jpg
cracking_167,Crazing,train,57,C:\Users\anmol\OneDrive\Desktop\Steel_Surface_Defect_NEU_DET-DATASET\SteelDefectX\train_by_class\Crazing\cracking_167.jpg
cracking_17,Crazing,train,60,C:\Users\anmol\OneDrive\Desktop\Steel_Surface_Defect_NEU_DET-DATASET\SteelDefectX\train_by_class\Crazing\cracking_17.jpg
cracking_170,Crazing,train,61,C:\Users\anmol\OneDrive\Desktop\Steel_Surface_Defect_NEU_DET-DATASET\SteelDefectX\train_by_class\Crazing\cracking_170.jpg
cracking_173,Crazing,train,64,C:\Users\anmol\OneDrive\Desktop\Steel_Surface_Defect_NEU_DET-DATASET\SteelDefectX\train_by_class\Crazing\cracking_173.jpg
cracking_175,Crazing,train,65,C:\Users\anmol\OneDrive\Desktop\Steel_Surface_Defect_NEU_DET-DATASET\SteelDefectX\train_by_class\Crazing\cracking_175.jpg
cracking_177,Crazing,train,67,C:\Users\anmol\OneDrive\Desktop\Steel_Surface_Defect_NEU_DET-DATASET\SteelDefectX\train_by_class\Crazing\cracking_177.jpg
cracking_178,Crazing,train,68,C:\Users\anmol\OneDrive\Desktop\Steel_Surface_Defect_NEU_DET-DATASET\SteelDefectX\train_by_class\Crazing\cracking_178.jpg
cracking_180,Crazing,train,69,C:\Users\anmol\OneDrive\Desktop\Steel_Surface_Defect_NEU_DET-DATASET\SteelDefectX\train_by_class\Crazing\cracking_180.jpg
cracking_181,Crazing,train,70,C:\Users\anmol\OneDrive\Desktop\Steel_Surface_Defect_NEU_DET-DATASET\SteelDefectX\train_by_class\Crazing\cracking_181.jpg
cracking_182,Crazing,train,71,C:\Users\anmol\OneDrive\Desktop\Steel_Surface_Defect_NEU_DET-DATASET\SteelDefectX\train_by_class\Crazing\cracking_182.jpg
cracking_184,Crazing,train,72,C:\Users\anmol\OneDrive\Desktop\Steel_Surface_Defect_NEU_DET-DATASET\SteelDefectX\train_by_class\Crazing\cracking_184.jpg
cracking_185,Crazing,train,73,C:\Users\anmol\OneDrive\Desktop\Steel_Surface_Defect_NEU_DET-DATASET\SteelDefectX\train_by_class\Crazing\cracking_185.jpg
cracking_186,Crazing,train,74,C:\Users\anmol\OneDrive\Desktop\Steel_Surface_Defect_NEU_DET-DATASET\SteelDefectX\train_by_class\Crazing\cracking_186.jpg
cracking_187,Crazing,train,75,C:\Users\anmol\OneDrive\Desktop\Steel_Surface_Defect_NEU_DET-DATASET\SteelDefectX\train_by_class\Crazing\cracking_187.jpg
cracking_188,Crazing,train,76,C:\Users\anmol\OneDrive\Desktop\Steel_Surface_Defect_NEU_DET-DATASET\SteelDefectX\train_by_class\Crazing\cracking_188.jpg
cracking_189,Crazing,train,77,C:\Users\anmol\OneDrive\Desktop\Steel_Surface_Defect_NEU_DET-DATASET\SteelDefectX\train_by_class\Crazing\cracking_189.jpg
cracking_190,Crazing,train,78,C:\Users\anmol\OneDrive\Desktop\Steel_Surface_Defect_NEU_DET-DATASET\SteelDefectX\train_by_class\Crazing\cracking_190.jpg
cracking_191,Crazing,train,79,C:\Users\anmol\OneDrive\Desktop\Steel_Surface_Defect_NEU_DET-DATASET\SteelDefectX\train_by_class\Crazing\cracking_191.jpg
cracking_193,Crazing,train,81,C:\Users\anmol\OneDrive\Desktop\Steel_Surface_Defect_NEU_DET-DATASET\SteelDefectX\train_by_class\Crazing\cracking_193.jpg
cracking_196,Crazing,train,83,C:\Users\anmol\OneDrive\Desktop\Steel_Surface_Defect_NEU_DET-DATASET\SteelDefectX\train_by_class\Crazing\cracking_196.jpg
cracking_198,Crazing,train,84,C:\Users\anmol\OneDrive\Desktop\Steel_Surface_Defect_NEU_DET-DATASET\SteelDefectX\train_by_class\Crazing\cracking_198.jpg
cracking_199,Crazing,train,85,C:\Users\anmol\OneDrive\Desktop\Steel_Surface_Defect_NEU_DET-DATASET\SteelDefectX\train_by_class\Crazing\cracking_199.jpg
cracking_203,Crazing,train,86,C:\Users\anmol\OneDrive\Desktop\Steel_Surface_Defect_NEU_DET-DATASET\SteelDefectX\train_by_class\Crazing\cracking_203.jpg
cracking_204,Crazing,train,87,C:\Users\anmol\OneDrive\Desktop\Steel_Surface_Defect_NEU_DET-DATASET\SteelDefectX\train_by_class\Crazing\cracking_204.jpg
cracking_205,Crazing,train,88,C:\Users\anmol\OneDrive\Desktop\Steel_Surface_Defect_NEU_DET-DATASET\SteelDefectX\train_by_class\Crazing\cracking_205.jpg
cracking_209,Crazing,train,92,C:\Users\anmol\OneDrive\Desktop\Steel_Surface_Defect_NEU_DET-DATASET\SteelDefectX\train_by_class\Crazing\cracking_209.jpg
cracking_21,Crazing,train,93,C:\Users\anmol\OneDrive\Desktop\Steel_Surface_Defect_NEU_DET-DATASET\SteelDefectX\train_by_class\Crazing\cracking_21.jpg
cracking_210,Crazing,train,94,C:\Users\anmol\OneDrive\Desktop\Steel_Surface_Defect_NEU_DET-DATASET\SteelDefectX\train_by_class\Crazing\cracking_210.jpg
cracking_214,Crazing,train,97,C:\Users\anmol\OneDrive\Desktop\Steel_Surface_Defect_NEU_DET-DATASET\SteelDefectX\train_by_class\Crazing\cracking_214.jpg
cracking_215,Crazing,train,98,C:\Users\anmol\OneDrive\Desktop\Steel_Surface_Defect_NEU_DET-DATASET\SteelDefectX\train_by_class\Crazing\cracking_215.jpg
cracking_218,Crazing,train,99,C:\Users\anmol\OneDrive\Desktop\Steel_Surface_Defect_NEU_DET-DATASET\SteelDefectX\train_by_class\Crazing\cracking_218.jpg
cracking_223,Crazing,train,102,C:\Users\anmol\OneDrive\Desktop\Steel_Surface_Defect_NEU_DET-DATASET\SteelDefectX\train_by_class\Crazing\cracking_223.jpg
cracking_227,Crazing,train,106,C:\Users\anmol\OneDrive\Desktop\Steel_Surface_Defect_NEU_DET-DATASET\SteelDefectX\train_by_class\Crazing\cracking_227.jpg
cracking_228,Crazing,train,107,C:\Users\anmol\OneDrive\Desktop\Steel_Surface_Defect_NEU_DET-DATASET\SteelDefectX\train_by_class\Crazing\cracking_228.jpg
cracking_229,Crazing,train,108,C:\Users\anmol\OneDrive\Desktop\Steel_Surface_Defect_NEU_DET-DATASET\SteelDefectX\train_by_class\Crazing\cracking_229.jpg
cracking_23,Crazing,train,109,C:\Users\anmol\OneDrive\Desktop\Steel_Surface_Defect_NEU_DET-DATASET\SteelDefectX\train_by_class\Crazing\cracking_23.jpg
cracking_230,Crazing,train,110,C:\Users\anmol\OneDrive\Desktop\Steel_Surface_Defect_NEU_DET-DATASET\SteelDefectX\train_by_class\Crazing\cracking_230.jpg
cracking_231,Crazing,train,111,C:\Users\anmol\OneDrive\Desktop\Steel_Surface_Defect_NEU_DET-DATASET\SteelDefectX\train_by_class\Crazing\cracking_231.jpg
cracking_235,Crazing,train,113,C:\Users\anmol\OneDrive\Desktop\Steel_Surface_Defect_NEU_DET-DATASET\SteelDefectX\train_by_class\Crazing\cracking_235.jpg
cracking_237,Crazing,train,114,C:\Users\anmol\OneDrive\Desktop\Steel_Surface_Defect_NEU_DET-DATASET\SteelDefectX\train_by_class\Crazing\cracking_237.jpg
cracking_238,Crazing,train,115,C:\Users\anmol\OneDrive\Desktop\Steel_Surface_Defect_NEU_DET-DATASET\SteelDefectX\train_by_class\Crazing\cracking_238.jpg
cracking_239,Crazing,train,116,C:\Users\anmol\OneDrive\Desktop\Steel_Surface_Defect_NEU_DET-DATASET\SteelDefectX\train_by_class\Crazing\cracking_239.jpg
cracking_24,Crazing,train,117,C:\Users\anmol\OneDrive\Desktop\Steel_Surface_Defect_NEU_DET-DATASET\SteelDefectX\train_by_class\Crazing\cracking_24.jpg
cracking_240,Crazing,train,118,C:\Users\anmol\OneDrive\Desktop\Steel_Surface_Defect_NEU_DET-DATASET\SteelDefectX\train_by_class\Crazing\cracking_240.jpg
cracking_241,Crazing,train,119,C:\Users\anmol\OneDrive\Desktop\Steel_Surface_Defect_NEU_DET-DATASET\SteelDefectX\train_by_class\Crazing\cracking_241.jpg
cracking_246,Crazing,train,122,C:\Users\anmol\OneDrive\Desktop\Steel_Surface_Defect_NEU_DET-DATASET\SteelDefectX\train_by_class\Crazing\cracking_246.jpg
cracking_248,Crazing,train,124,C:\Users\anmol\OneDrive\Desktop\Steel_Surface_Defect_NEU_DET-DATASET\SteelDefectX\train_by_class\Crazing\cracking_248.jpg
cracking_25,Crazing,train,125,C:\Users\anmol\OneDrive\Desktop\Steel_Surface_Defect_NEU_DET-DATASET\SteelDefectX\train_by_class\Crazing\cracking_25.jpg
cracking_257,Crazing,train,129,C:\Users\anmol\OneDrive\Desktop\Steel_Surface_Defect_NEU_DET-DATASET\SteelDefectX\train_by_class\Crazing\cracking_257.jpg
cracking_259,Crazing,train,130,C:\Users\anmol\OneDrive\Desktop\Steel_Surface_Defect_NEU_DET-DATASET\SteelDefectX\train_by_class\Crazing\cracking_259.jpg
cracking_26,Crazing,train,131,C:\Users\anmol\OneDrive\Desktop\Steel_Surface_Defect_NEU_DET-DATASET\SteelDefectX\train_by_class\Crazing\cracking_26.jpg
cracking_260,Crazing,train,132,C:\Users\anmol\OneDrive\Desktop\Steel_Surface_Defect_NEU_DET-DATASET\SteelDefectX\train_by_class\Crazing\cracking_260.jpg
cracking_261,Crazing,train,133,C:\Users\anmol\OneDrive\Desktop\Steel_Surface_Defect_NEU_DET-DATASET\SteelDefectX\train_by_class\Crazing\cracking_261.jpg
cracking_262,Crazing,train,134,C:\Users\anmol\OneDrive\Desktop\Steel_Surface_Defect_NEU_DET-DATASET\SteelDefectX\train_by_class\Crazing\cracking_262.jpg
cracking_263,Crazing,train,135,C:\Users\anmol\OneDrive\Desktop\Steel_Surface_Defect_NEU_DET-DATASET\SteelDefectX\train_by_class\Crazing\cracking_263.jpg
cracking_264,Crazing,train,136,C:\Users\anmol\OneDrive\Desktop\Steel_Surface_Defect_NEU_DET-DATASET\SteelDefectX\train_by_class\Crazing\cracking_264.jpg
cracking_266,Crazing,train,137,C:\Users\anmol\OneDrive\Desktop\Steel_Surface_Defect_NEU_DET-DATASET\SteelDefectX\train_by_class\Crazing\cracking_266.jpg
cracking_267,Crazing,train,138,C:\Users\anmol\OneDrive\Desktop\Steel_Surface_Defect_NEU_DET-DATASET\SteelDefectX\train_by_class\Crazing\cracking_267.jpg
cracking_269,Crazing,train,139,C:\Users\anmol\OneDrive\Desktop\Steel_Surface_Defect_NEU_DET-DATASET\SteelDefectX\train_by_class\Crazing\cracking_269.jpg
cracking_270,Crazing,train,141,C:\Users\anmol\OneDrive\Desktop\Steel_Surface_Defect_NEU_DET-DATASET\SteelDefectX\train_by_class\Crazing\cracking_270.jpg
cracking_271,Crazing,train,142,C:\Users\anmol\OneDrive\Desktop\Steel_Surface_Defect_NEU_DET-DATASET\SteelDefectX\train_by_class\Crazing\cracking_271.jpg
cracking_272,Crazing,train,143,C:\Users\anmol\OneDrive\Desktop\Steel_Surface_Defect_NEU_DET-DATASET\SteelDefectX\train_by_class\Crazing\cracking_272.jpg
cracking_273,Crazing,train,144,C:\Users\anmol\OneDrive\Desktop\Steel_Surface_Defect_NEU_DET-DATASET\SteelDefectX\train_by_class\Crazing\cracking_273.jpg
cracking_277,Crazing,train,147,C:\Users\anmol\OneDrive\Desktop\Steel_Surface_Defect_NEU_DET-DATASET\SteelDefectX\train_by_class\Crazing\cracking_277.jpg
cracking_28,Crazing,train,150,C:\Users\anmol\OneDrive\Desktop\Steel_Surface_Defect_NEU_DET-DATASET\SteelDefectX\train_by_class\Crazing\cracking_28.jpg
cracking_282,Crazing,train,152,C:\Users\anmol\OneDrive\Desktop\Steel_Surface_Defect_NEU_DET-DATASET\SteelDefectX\train_by_class\Crazing\cracking_282.jpg
cracking_283,Crazing,train,153,C:\Users\anmol\OneDrive\Desktop\Steel_Surface_Defect_NEU_DET-DATASET\SteelDefectX\train_by_class\Crazing\cracking_283.jpg
cracking_284,Crazing,train,154,C:\Users\anmol\OneDrive\Desktop\Steel_Surface_Defect_NEU_DET-DATASET\SteelDefectX\train_by_class\Crazing\cracking_284.jpg
cracking_286,Crazing,train,155,C:\Users\anmol\OneDrive\Desktop\Steel_Surface_Defect_NEU_DET-DATASET\SteelDefectX\train_by_class\Crazing\cracking_286.jpg
cracking_287,Crazing,train,156,C:\Users\anmol\OneDrive\Desktop\Steel_Surface_Defect_NEU_DET-DATASET\SteelDefectX\train_by_class\Crazing\cracking_287.jpg
cracking_288,Crazing,train,157,C:\Users\anmol\OneDrive\Desktop\Steel_Surface_Defect_NEU_DET-DATASET\SteelDefectX\train_by_class\Crazing\cracking_288.jpg
cracking_29,Crazing,train,159,C:\Users\anmol\OneDrive\Desktop\Steel_Surface_Defect_NEU_DET-DATASET\SteelDefectX\train_by_class\Crazing\cracking_29.jpg
cracking_294,Crazing,train,161,C:\Users\anmol\OneDrive\Desktop\Steel_Surface_Defect_NEU_DET-DATASET\SteelDefectX\train_by_class\Crazing\cracking_294.jpg
cracking_296,Crazing,train,162,C:\Users\anmol\OneDrive\Desktop\Steel_Surface_Defect_NEU_DET-DATASET\SteelDefectX\train_by_class\Crazing\cracking_296.jpg
cracking_30,Crazing,train,163,C:\Users\anmol\OneDrive\Desktop\Steel_Surface_Defect_NEU_DET-DATASET\SteelDefectX\train_by_class\Crazing\cracking_30.jpg
cracking_31,Crazing,train,164,C:\Users\anmol\OneDrive\Desktop\Steel_Surface_Defect_NEU_DET-DATASET\SteelDefectX\train_by_class\Crazing\cracking_31.jpg
cracking_33,Crazing,train,165,C:\Users\anmol\OneDrive\Desktop\Steel_Surface_Defect_NEU_DET-DATASET\SteelDefectX\train_by_class\Crazing\cracking_33.jpg
cracking_37,Crazing,train,167,C:\Users\anmol\OneDrive\Desktop\Steel_Surface_Defect_NEU_DET-DATASET\SteelDefectX\train_by_class\Crazing\cracking_37.jpg
cracking_38,Crazing,train,168,C:\Users\anmol\OneDrive\Desktop\Steel_Surface_Defect_NEU_DET-DATASET\SteelDefectX\train_by_class\Crazing\cracking_38.jpg
cracking_39,Crazing,train,169,C:\Users\anmol\OneDrive\Desktop\Steel_Surface_Defect_NEU_DET-DATASET\SteelDefectX\train_by_class\Crazing\cracking_39.jpg
cracking_42,Crazing,train,170,C:\Users\anmol\OneDrive\Desktop\Steel_Surface_Defect_NEU_DET-DATASET\SteelDefectX\train_by_class\Crazing\cracking_42.jpg
cracking_45,Crazing,train,172,C:\Users\anmol\OneDrive\Desktop\Steel_Surface_Defect_NEU_DET-DATASET\SteelDefectX\train_by_class\Crazing\cracking_45.jpg
cracking_47,Crazing,train,173,C:\Users\anmol\OneDrive\Desktop\Steel_Surface_Defect_NEU_DET-DATASET\SteelDefectX\train_by_class\Crazing\cracking_47.jpg
cracking_48,Crazing,train,174,C:\Users\anmol\OneDrive\Desktop\Steel_Surface_Defect_NEU_DET-DATASET\SteelDefectX\train_by_class\Crazing\cracking_48.jpg
cracking_52,Crazing,train,176,C:\Users\anmol\OneDrive\Desktop\Steel_Surface_Defect_NEU_DET-DATASET\SteelDefectX\train_by_class\Crazing\cracking_52.jpg
cracking_54,Crazing,train,178,C:\Users\anmol\OneDrive\Desktop\Steel_Surface_Defect_NEU_DET-DATASET\SteelDefectX\train_by_class\Crazing\cracking_54.jpg
cracking_55,Crazing,train,179,C:\Users\anmol\OneDrive\Desktop\Steel_Surface_Defect_NEU_DET-DATASET\SteelDefectX\train_by_class\Crazing\cracking_55.jpg
cracking_57,Crazing,train,181,C:\Users\anmol\OneDrive\Desktop\Steel_Surface_Defect_NEU_DET-DATASET\SteelDefectX\train_by_class\Crazing\cracking_57.jpg
cracking_60,Crazing,train,182,C:\Users\anmol\OneDrive\Desktop\Steel_Surface_Defect_NEU_DET-DATASET\SteelDefectX\train_by_class\Crazing\cracking_60.jpg
cracking_61,Crazing,train,183,C:\Users\anmol\OneDrive\Desktop\Steel_Surface_Defect_NEU_DET-DATASET\SteelDefectX\train_by_class\Crazing\cracking_61.jpg
cracking_67,Crazing,train,187,C:\Users\anmol\OneDrive\Desktop\Steel_Surface_Defect_NEU_DET-DATASET\SteelDefectX\train_by_class\Crazing\cracking_67.jpg
cracking_69,Crazing,train,189,C:\Users\anmol\OneDrive\Desktop\Steel_Surface_Defect_NEU_DET-DATASET\SteelDefectX\train_by_class\Crazing\cracking_69.jpg
cracking_73,Crazing,train,191,C:\Users\anmol\OneDrive\Desktop\Steel_Surface_Defect_NEU_DET-DATASET\SteelDefectX\train_by_class\Crazing\cracking_73.jpg
cracking_74,Crazing,train,192,C:\Users\anmol\OneDrive\Desktop\Steel_Surface_Defect_NEU_DET-DATASET\SteelDefectX\train_by_class\Crazing\cracking_74.jpg
cracking_76,Crazing,train,193,C:\Users\anmol\OneDrive\Desktop\Steel_Surface_Defect_NEU_DET-DATASET\SteelDefectX\train_by_class\Crazing\cracking_76.jpg
cracking_77,Crazing,train,194,C:\Users\anmol\OneDrive\Desktop\Steel_Surface_Defect_NEU_DET-DATASET\SteelDefectX\train_by_class\Crazing\cracking_77.jpg
cracking_81,Crazing,train,197,C:\Users\anmol\OneDrive\Desktop\Steel_Surface_Defect_NEU_DET-DATASET\SteelDefectX\train_by_class\Crazing\cracking_81.jpg
cracking_82,Crazing,train,198,C:\Users\anmol\OneDrive\Desktop\Steel_Surface_Defect_NEU_DET-DATASET\SteelDefectX\train_by_class\Crazing\cracking_82.jpg
cracking_83,Crazing,train,199,C:\Users\anmol\OneDrive\Desktop\Steel_Surface_Defect_NEU_DET-DATASET\SteelDefectX\train_by_class\Crazing\cracking_83.jpg
cracking_87,Crazing,train,201,C:\Users\anmol\OneDrive\Desktop\Steel_Surface_Defect_NEU_DET-DATASET\SteelDefectX\train_by_class\Crazing\cracking_87.jpg
cracking_90,Crazing,train,203,C:\Users\anmol\OneDrive\Desktop\Steel_Surface_Defect_NEU_DET-DATASET\SteelDefectX\train_by_class\Crazing\cracking_90.jpg
cracking_92,Crazing,train,204,C:\Users\anmol\OneDrive\Desktop\Steel_Surface_Defect_NEU_DET-DATASET\SteelDefectX\train_by_class\Crazing\cracking_92.jpg
cracking_93,Crazing,train,205,C:\Users\anmol\OneDrive\Desktop\Steel_Surface_Defect_NEU_DET-DATASET\SteelDefectX\train_by_class\Crazing\cracking_93.jpg
cracking_94,Crazing,train,206,C:\Users\anmol\OneDrive\Desktop\Steel_Surface_Defect_NEU_DET-DATASET\SteelDefectX\train_by_class\Crazing\cracking_94.jpg
cracking_98,Crazing,train,208,C:\Users\anmol\OneDrive\Desktop\Steel_Surface_Defect_NEU_DET-DATASET\SteelDefectX\train_by_class\Crazing\cracking_98.jpg
cracking_99,Crazing,train,209,C:\Users\anmol\OneDrive\Desktop\Steel_Surface_Defect_NEU_DET-DATASET\SteelDefectX\train_by_class\Crazing\cracking_99.jpg
cracking_07,Crazing,val,5,C:\Users\anmol\OneDrive\Desktop\Steel_Surface_Defect_NEU_DET-DATASET\SteelDefectX\train_by_class\Crazing\cracking_07.jpg
cracking_110,Crazing,val,16,C:\Users\anmol\OneDrive\Desktop\Steel_Surface_Defect_NEU_DET-DATASET\SteelDefectX\train_by_class\Crazing\cracking_110.jpg
cracking_13,Crazing,val,30,C:\Users\anmol\OneDrive\Desktop\Steel_Surface_Defect_NEU_DET-DATASET\SteelDefectX\train_by_class\Crazing\cracking_13.jpg
cracking_162,Crazing,val,52,C:\Users\anmol\OneDrive\Desktop\Steel_Surface_Defect_NEU_DET-DATASET\SteelDefectX\train_by_class\Crazing\cracking_162.jpg
cracking_165,Crazing,val,55,C:\Users\anmol\OneDrive\Desktop\Steel_Surface_Defect_NEU_DET-DATASET\SteelDefectX\train_by_class\Crazing\cracking_165.jpg
cracking_166,Crazing,val,56,C:\Users\anmol\OneDrive\Desktop\Steel_Surface_Defect_NEU_DET-DATASET\SteelDefectX\train_by_class\Crazing\cracking_166.jpg
cracking_168,Crazing,val,58,C:\Users\anmol\OneDrive\Desktop\Steel_Surface_Defect_NEU_DET-DATASET\SteelDefectX\train_by_class\Crazing\cracking_168.jpg
cracking_171,Crazing,val,62,C:\Users\anmol\OneDrive\Desktop\Steel_Surface_Defect_NEU_DET-DATASET\SteelDefectX\train_by_class\Crazing\cracking_171.jpg
cracking_192,Crazing,val,80,C:\Users\anmol\OneDrive\Desktop\Steel_Surface_Defect_NEU_DET-DATASET\SteelDefectX\train_by_class\Crazing\cracking_192.jpg
cracking_206,Crazing,val,89,C:\Users\anmol\OneDrive\Desktop\Steel_Surface_Defect_NEU_DET-DATASET\SteelDefectX\train_by_class\Crazing\cracking_206.jpg
cracking_22,Crazing,val,100,C:\Users\anmol\OneDrive\Desktop\Steel_Surface_Defect_NEU_DET-DATASET\SteelDefectX\train_by_class\Crazing\cracking_22.jpg
cracking_224,Crazing,val,103,C:\Users\anmol\OneDrive\Desktop\Steel_Surface_Defect_NEU_DET-DATASET\SteelDefectX\train_by_class\Crazing\cracking_224.jpg
cracking_233,Crazing,val,112,C:\Users\anmol\OneDrive\Desktop\Steel_Surface_Defect_NEU_DET-DATASET\SteelDefectX\train_by_class\Crazing\cracking_233.jpg
cracking_247,Crazing,val,123,C:\Users\anmol\OneDrive\Desktop\Steel_Surface_Defect_NEU_DET-DATASET\SteelDefectX\train_by_class\Crazing\cracking_247.jpg
cracking_252,Crazing,val,126,C:\Users\anmol\OneDrive\Desktop\Steel_Surface_Defect_NEU_DET-DATASET\SteelDefectX\train_by_class\Crazing\cracking_252.jpg
cracking_27,Crazing,val,140,C:\Users\anmol\OneDrive\Desktop\Steel_Surface_Defect_NEU_DET-DATASET\SteelDefectX\train_by_class\Crazing\cracking_27.jpg
cracking_281,Crazing,val,151,C:\Users\anmol\OneDrive\Desktop\Steel_Surface_Defect_NEU_DET-DATASET\SteelDefectX\train_by_class\Crazing\cracking_281.jpg
cracking_289,Crazing,val,158,C:\Users\anmol\OneDrive\Desktop\Steel_Surface_Defect_NEU_DET-DATASET\SteelDefectX\train_by_class\Crazing\cracking_289.jpg
cracking_49,Crazing,val,175,C:\Users\anmol\OneDrive\Desktop\Steel_Surface_Defect_NEU_DET-DATASET\SteelDefectX\train_by_class\Crazing\cracking_49.jpg
cracking_64,Crazing,val,185,C:\Users\anmol\OneDrive\Desktop\Steel_Surface_Defect_NEU_DET-DATASET\SteelDefectX\train_by_class\Crazing\cracking_64.jpg
cracking_68,Crazing,val,188,C:\Users\anmol\OneDrive\Desktop\Steel_Surface_Defect_NEU_DET-DATASET\SteelDefectX\train_by_class\Crazing\cracking_68.jpg
in_12,Inclusion,test,230,C:\Users\anmol\OneDrive\Desktop\Steel_Surface_Defect_NEU_DET-DATASET\SteelDefectX\train_by_class\Inclusion\in_12.jpg
in_120,Inclusion,test,231,C:\Users\anmol\OneDrive\Desktop\Steel_Surface_Defect_NEU_DET-DATASET\SteelDefectX\train_by_class\Inclusion\in_120.jpg
in_13,Inclusion,test,238,C:\Users\anmol\OneDrive\Desktop\Steel_Surface_Defect_NEU_DET-DATASET\SteelDefectX\train_by_class\Inclusion\in_13.jpg
in_134,Inclusion,test,240,C:\Users\anmol\OneDrive\Desktop\Steel_Surface_Defect_NEU_DET-DATASET\SteelDefectX\train_by_class\Inclusion\in_134.jpg
in_138,Inclusion,test,244,C:\Users\anmol\OneDrive\Desktop\Steel_Surface_Defect_NEU_DET-DATASET\SteelDefectX\train_by_class\Inclusion\in_138.jpg
in_15,Inclusion,test,251,C:\Users\anmol\OneDrive\Desktop\Steel_Surface_Defect_NEU_DET-DATASET\SteelDefectX\train_by_class\Inclusion\in_15.jpg
in_155,Inclusion,test,255,C:\Users\anmol\OneDrive\Desktop\Steel_Surface_Defect_NEU_DET-DATASET\SteelDefectX\train_by_class\Inclusion\in_155.jpg
in_157,Inclusion,test,257,C:\Users\anmol\OneDrive\Desktop\Steel_Surface_Defect_NEU_DET-DATASET\SteelDefectX\train_by_class\Inclusion\in_157.jpg
in_159,Inclusion,test,259,C:\Users\anmol\OneDrive\Desktop\Steel_Surface_Defect_NEU_DET-DATASET\SteelDefectX\train_by_class\Inclusion\in_159.jpg
in_169,Inclusion,test,266,C:\Users\anmol\OneDrive\Desktop\Steel_Surface_Defect_NEU_DET-DATASET\SteelDefectX\train_by_class\Inclusion\in_169.jpg
in_17,Inclusion,test,267,C:\Users\anmol\OneDrive\Desktop\Steel_Surface_Defect_NEU_DET-DATASET\SteelDefectX\train_by_class\Inclusion\in_17.jpg
in_175,Inclusion,test,272,C:\Users\anmol\OneDrive\Desktop\Steel_Surface_Defect_NEU_DET-DATASET\SteelDefectX\train_by_class\Inclusion\in_175.jpg
in_176,Inclusion,test,273,C:\Users\anmol\OneDrive\Desktop\Steel_Surface_Defect_NEU_DET-DATASET\SteelDefectX\train_by_class\Inclusion\in_176.jpg
in_18,Inclusion,test,275,C:\Users\anmol\OneDrive\Desktop\Steel_Surface_Defect_NEU_DET-DATASET\SteelDefectX\train_by_class\Inclusion\in_18.jpg
in_19,Inclusion,test,284,C:\Users\anmol\OneDrive\Desktop\Steel_Surface_Defect_NEU_DET-DATASET\SteelDefectX\train_by_class\Inclusion\in_19.jpg
in_193,Inclusion,test,287,C:\Users\anmol\OneDrive\Desktop\Steel_Surface_Defect_NEU_DET-DATASET\SteelDefectX\train_by_class\Inclusion\in_193.jpg
in_20,Inclusion,test,293,C:\Users\anmol\OneDrive\Desktop\Steel_Surface_Defect_NEU_DET-DATASET\SteelDefectX\train_by_class\Inclusion\in_20.jpg
in_207,Inclusion,test,299,C:\Users\anmol\OneDrive\Desktop\Steel_Surface_Defect_NEU_DET-DATASET\SteelDefectX\train_by_class\Inclusion\in_207.jpg
in_225,Inclusion,test,310,C:\Users\anmol\OneDrive\Desktop\Steel_Surface_Defect_NEU_DET-DATASET\SteelDefectX\train_by_class\Inclusion\in_225.jpg
in_227,Inclusion,test,312,C:\Users\anmol\OneDrive\Desktop\Steel_Surface_Defect_NEU_DET-DATASET\SteelDefectX\train_by_class\Inclusion\in_227.jpg
in_230,Inclusion,test,314,C:\Users\anmol\OneDrive\Desktop\Steel_Surface_Defect_NEU_DET-DATASET\SteelDefectX\train_by_class\Inclusion\in_230.jpg
in_233,Inclusion,test,316,C:\Users\anmol\OneDrive\Desktop\Steel_Surface_Defect_NEU_DET-DATASET\SteelDefectX\train_by_class\Inclusion\in_233.jpg
in_246,Inclusion,test,327,C:\Users\anmol\OneDrive\Desktop\Steel_Surface_Defect_NEU_DET-DATASET\SteelDefectX\train_by_class\Inclusion\in_246.jpg
in_249,Inclusion,test,329,C:\Users\anmol\OneDrive\Desktop\Steel_Surface_Defect_NEU_DET-DATASET\SteelDefectX\train_by_class\Inclusion\in_249.jpg
in_250,Inclusion,test,330,C:\Users\anmol\OneDrive\Desktop\Steel_Surface_Defect_NEU_DET-DATASET\SteelDefectX\train_by_class\Inclusion\in_250.jpg
in_252,Inclusion,test,332,C:\Users\anmol\OneDrive\Desktop\Steel_Surface_Defect_NEU_DET-DATASET\SteelDefectX\train_by_class\Inclusion\in_252.jpg
in_256,Inclusion,test,334,C:\Users\anmol\OneDrive\Desktop\Steel_Surface_Defect_NEU_DET-DATASET\SteelDefectX\train_by_class\Inclusion\in_256.jpg
in_265,Inclusion,test,341,C:\Users\anmol\OneDrive\Desktop\Steel_Surface_Defect_NEU_DET-DATASET\SteelDefectX\train_by_class\Inclusion\in_265.jpg
in_27,Inclusion,test,345,C:\Users\anmol\OneDrive\Desktop\Steel_Surface_Defect_NEU_DET-DATASET\SteelDefectX\train_by_class\Inclusion\in_27.jpg
in_270,Inclusion,test,346,C:\Users\anmol\OneDrive\Desktop\Steel_Surface_Defect_NEU_DET-DATASET\SteelDefectX\train_by_class\Inclusion\in_270.jpg
in_282,Inclusion,test,355,C:\Users\anmol\OneDrive\Desktop\Steel_Surface_Defect_NEU_DET-DATASET\SteelDefectX\train_by_class\Inclusion\in_282.jpg
in_283,Inclusion,test,356,C:\Users\anmol\OneDrive\Desktop\Steel_Surface_Defect_NEU_DET-DATASET\SteelDefectX\train_by_class\Inclusion\in_283.jpg
in_29,Inclusion,test,360,C:\Users\anmol\OneDrive\Desktop\Steel_Surface_Defect_NEU_DET-DATASET\SteelDefectX\train_by_class\Inclusion\in_29.jpg
in_299,Inclusion,test,367,C:\Users\anmol\OneDrive\Desktop\Steel_Surface_Defect_NEU_DET-DATASET\SteelDefectX\train_by_class\Inclusion\in_299.jpg
in_30,Inclusion,test,368,C:\Users\anmol\OneDrive\Desktop\Steel_Surface_Defect_NEU_DET-DATASET\SteelDefectX\train_by_class\Inclusion\in_30.jpg
in_301,Inclusion,test,370,C:\Users\anmol\OneDrive\Desktop\Steel_Surface_Defect_NEU_DET-DATASET\SteelDefectX\train_by_class\Inclusion\in_301.jpg
in_318,Inclusion,test,386,C:\Users\anmol\OneDrive\Desktop\Steel_Surface_Defect_NEU_DET-DATASET\SteelDefectX\train_by_class\Inclusion\in_318.jpg
in_322,Inclusion,test,390,C:\Users\anmol\OneDrive\Desktop\Steel_Surface_Defect_NEU_DET-DATASET\SteelDefectX\train_by_class\Inclusion\in_322.jpg
in_327,Inclusion,test,393,C:\Users\anmol\OneDrive\Desktop\Steel_Surface_Defect_NEU_DET-DATASET\SteelDefectX\train_by_class\Inclusion\in_327.jpg
in_33,Inclusion,test,395,C:\Users\anmol\OneDrive\Desktop\Steel_Surface_Defect_NEU_DET-DATASET\SteelDefectX\train_by_class\Inclusion\in_33.jpg
in_342,Inclusion,test,405,C:\Users\anmol\OneDrive\Desktop\Steel_Surface_Defect_NEU_DET-DATASET\SteelDefectX\train_by_class\Inclusion\in_342.jpg
in_350,Inclusion,test,412,C:\Users\anmol\OneDrive\Desktop\Steel_Surface_Defect_NEU_DET-DATASET\SteelDefectX\train_by_class\Inclusion\in_350.jpg
in_352,Inclusion,test,414,C:\Users\anmol\OneDrive\Desktop\Steel_Surface_Defect_NEU_DET-DATASET\SteelDefectX\train_by_class\Inclusion\in_352.jpg
in_355,Inclusion,test,416,C:\Users\anmol\OneDrive\Desktop\Steel_Surface_Defect_NEU_DET-DATASET\SteelDefectX\train_by_class\Inclusion\in_355.jpg
in_36,Inclusion,test,420,C:\Users\anmol\OneDrive\Desktop\Steel_Surface_Defect_NEU_DET-DATASET\SteelDefectX\train_by_class\Inclusion\in_36.jpg
in_366,Inclusion,test,427,C:\Users\anmol\OneDrive\Desktop\Steel_Surface_Defect_NEU_DET-DATASET\SteelDefectX\train_by_class\Inclusion\in_366.jpg
in_372,Inclusion,test,431,C:\Users\anmol\OneDrive\Desktop\Steel_Surface_Defect_NEU_DET-DATASET\SteelDefectX\train_by_class\Inclusion\in_372.jpg
in_388,Inclusion,test,441,C:\Users\anmol\OneDrive\Desktop\Steel_Surface_Defect_NEU_DET-DATASET\SteelDefectX\train_by_class\Inclusion\in_388.jpg
in_395,Inclusion,test,445,C:\Users\anmol\OneDrive\Desktop\Steel_Surface_Defect_NEU_DET-DATASET\SteelDefectX\train_by_class\Inclusion\in_395.jpg
in_402,Inclusion,test,450,C:\Users\anmol\OneDrive\Desktop\Steel_Surface_Defect_NEU_DET-DATASET\SteelDefectX\train_by_class\Inclusion\in_402.jpg
in_403,Inclusion,test,451,C:\Users\anmol\OneDrive\Desktop\Steel_Surface_Defect_NEU_DET-DATASET\SteelDefectX\train_by_class\Inclusion\in_403.jpg
in_404,Inclusion,test,452,C:\Users\anmol\OneDrive\Desktop\Steel_Surface_Defect_NEU_DET-DATASET\SteelDefectX\train_by_class\Inclusion\in_404.jpg
in_409,Inclusion,test,454,C:\Users\anmol\OneDrive\Desktop\Steel_Surface_Defect_NEU_DET-DATASET\SteelDefectX\train_by_class\Inclusion\in_409.jpg
in_411,Inclusion,test,457,C:\Users\anmol\OneDrive\Desktop\Steel_Surface_Defect_NEU_DET-DATASET\SteelDefectX\train_by_class\Inclusion\in_411.jpg
in_413,Inclusion,test,459,C:\Users\anmol\OneDrive\Desktop\Steel_Surface_Defect_NEU_DET-DATASET\SteelDefectX\train_by_class\Inclusion\in_413.jpg
in_417,Inclusion,test,463,C:\Users\anmol\OneDrive\Desktop\Steel_Surface_Defect_NEU_DET-DATASET\SteelDefectX\train_by_class\Inclusion\in_417.jpg
in_435,Inclusion,test,475,C:\Users\anmol\OneDrive\Desktop\Steel_Surface_Defect_NEU_DET-DATASET\SteelDefectX\train_by_class\Inclusion\in_435.jpg
in_45,Inclusion,test,485,C:\Users\anmol\OneDrive\Desktop\Steel_Surface_Defect_NEU_DET-DATASET\SteelDefectX\train_by_class\Inclusion\in_45.jpg
in_452,Inclusion,test,487,C:\Users\anmol\OneDrive\Desktop\Steel_Surface_Defect_NEU_DET-DATASET\SteelDefectX\train_by_class\Inclusion\in_452.jpg
in_458,Inclusion,test,492,C:\Users\anmol\OneDrive\Desktop\Steel_Surface_Defect_NEU_DET-DATASET\SteelDefectX\train_by_class\Inclusion\in_458.jpg
in_461,Inclusion,test,496,C:\Users\anmol\OneDrive\Desktop\Steel_Surface_Defect_NEU_DET-DATASET\SteelDefectX\train_by_class\Inclusion\in_461.jpg
in_462,Inclusion,test,497,C:\Users\anmol\OneDrive\Desktop\Steel_Surface_Defect_NEU_DET-DATASET\SteelDefectX\train_by_class\Inclusion\in_462.jpg
in_466,Inclusion,test,498,C:\Users\anmol\OneDrive\Desktop\Steel_Surface_Defect_NEU_DET-DATASET\SteelDefectX\train_by_class\Inclusion\in_466.jpg
in_468,Inclusion,test,499,C:\Users\anmol\OneDrive\Desktop\Steel_Surface_Defect_NEU_DET-DATASET\SteelDefectX\train_by_class\Inclusion\in_468.jpg
in_47,Inclusion,test,500,C:\Users\anmol\OneDrive\Desktop\Steel_Surface_Defect_NEU_DET-DATASET\SteelDefectX\train_by_class\Inclusion\in_47.jpg
in_473,Inclusion,test,503,C:\Users\anmol\OneDrive\Desktop\Steel_Surface_Defect_NEU_DET-DATASET\SteelDefectX\train_by_class\Inclusion\in_473.jpg
in_491,Inclusion,test,516,C:\Users\anmol\OneDrive\Desktop\Steel_Surface_Defect_NEU_DET-DATASET\SteelDefectX\train_by_class\Inclusion\in_491.jpg
in_499,Inclusion,test,521,C:\Users\anmol\OneDrive\Desktop\Steel_Surface_Defect_NEU_DET-DATASET\SteelDefectX\train_by_class\Inclusion\in_499.jpg
in_522,Inclusion,test,536,C:\Users\anmol\OneDrive\Desktop\Steel_Surface_Defect_NEU_DET-DATASET\SteelDefectX\train_by_class\Inclusion\in_522.jpg
in_53,Inclusion,test,541,C:\Users\anmol\OneDrive\Desktop\Steel_Surface_Defect_NEU_DET-DATASET\SteelDefectX\train_by_class\Inclusion\in_53.jpg
in_534,Inclusion,test,544,C:\Users\anmol\OneDrive\Desktop\Steel_Surface_Defect_NEU_DET-DATASET\SteelDefectX\train_by_class\Inclusion\in_534.jpg
in_54,Inclusion,test,549,C:\Users\anmol\OneDrive\Desktop\Steel_Surface_Defect_NEU_DET-DATASET\SteelDefectX\train_by_class\Inclusion\in_54.jpg
in_551,Inclusion,test,558,C:\Users\anmol\OneDrive\Desktop\Steel_Surface_Defect_NEU_DET-DATASET\SteelDefectX\train_by_class\Inclusion\in_551.jpg
in_557,Inclusion,test,562,C:\Users\anmol\OneDrive\Desktop\Steel_Surface_Defect_NEU_DET-DATASET\SteelDefectX\train_by_class\Inclusion\in_557.jpg
in_56,Inclusion,test,565,C:\Users\anmol\OneDrive\Desktop\Steel_Surface_Defect_NEU_DET-DATASET\SteelDefectX\train_by_class\Inclusion\in_56.jpg
in_577,Inclusion,test,582,C:\Users\anmol\OneDrive\Desktop\Steel_Surface_Defect_NEU_DET-DATASET\SteelDefectX\train_by_class\Inclusion\in_577.jpg
in_587,Inclusion,test,590,C:\Users\anmol\OneDrive\Desktop\Steel_Surface_Defect_NEU_DET-DATASET\SteelDefectX\train_by_class\Inclusion\in_587.jpg
in_589,Inclusion,test,592,C:\Users\anmol\OneDrive\Desktop\Steel_Surface_Defect_NEU_DET-DATASET\SteelDefectX\train_by_class\Inclusion\in_589.jpg
in_592,Inclusion,test,596,C:\Users\anmol\OneDrive\Desktop\Steel_Surface_Defect_NEU_DET-DATASET\SteelDefectX\train_by_class\Inclusion\in_592.jpg
in_603,Inclusion,test,604,C:\Users\anmol\OneDrive\Desktop\Steel_Surface_Defect_NEU_DET-DATASET\SteelDefectX\train_by_class\Inclusion\in_603.jpg
in_62,Inclusion,test,616,C:\Users\anmol\OneDrive\Desktop\Steel_Surface_Defect_NEU_DET-DATASET\SteelDefectX\train_by_class\Inclusion\in_62.jpg
in_627,Inclusion,test,620,C:\Users\anmol\OneDrive\Desktop\Steel_Surface_Defect_NEU_DET-DATASET\SteelDefectX\train_by_class\Inclusion\in_627.jpg
in_647,Inclusion,test,635,C:\Users\anmol\OneDrive\Desktop\Steel_Surface_Defect_NEU_DET-DATASET\SteelDefectX\train_by_class\Inclusion\in_647.jpg
in_668,Inclusion,test,653,C:\Users\anmol\OneDrive\Desktop\Steel_Surface_Defect_NEU_DET-DATASET\SteelDefectX\train_by_class\Inclusion\in_668.jpg
in_674,Inclusion,test,659,C:\Users\anmol\OneDrive\Desktop\Steel_Surface_Defect_NEU_DET-DATASET\SteelDefectX\train_by_class\Inclusion\in_674.jpg
in_675,Inclusion,test,660,C:\Users\anmol\OneDrive\Desktop\Steel_Surface_Defect_NEU_DET-DATASET\SteelDefectX\train_by_class\Inclusion\in_675.jpg
in_691,Inclusion,test,672,C:\Users\anmol\OneDrive\Desktop\Steel_Surface_Defect_NEU_DET-DATASET\SteelDefectX\train_by_class\Inclusion\in_691.jpg
in_70,Inclusion,test,677,C:\Users\anmol\OneDrive\Desktop\Steel_Surface_Defect_NEU_DET-DATASET\SteelDefectX\train_by_class\Inclusion\in_70.jpg
in_700,Inclusion,test,678,C:\Users\anmol\OneDrive\Desktop\Steel_Surface_Defect_NEU_DET-DATASET\SteelDefectX\train_by_class\Inclusion\in_700.jpg
in_710,Inclusion,test,686,C:\Users\anmol\OneDrive\Desktop\Steel_Surface_Defect_NEU_DET-DATASET\SteelDefectX\train_by_class\Inclusion\in_710.jpg
in_718,Inclusion,test,691,C:\Users\anmol\OneDrive\Desktop\Steel_Surface_Defect_NEU_DET-DATASET\SteelDefectX\train_by_class\Inclusion\in_718.jpg
in_720,Inclusion,test,693,C:\Users\anmol\OneDrive\Desktop\Steel_Surface_Defect_NEU_DET-DATASET\SteelDefectX\train_by_class\Inclusion\in_720.jpg
in_724,Inclusion,test,695,C:\Users\anmol\OneDrive\Desktop\Steel_Surface_Defect_NEU_DET-DATASET\SteelDefectX\train_by_class\Inclusion\in_724.jpg
in_725,Inclusion,test,696,C:\Users\anmol\OneDrive\Desktop\Steel_Surface_Defect_NEU_DET-DATASET\SteelDefectX\train_by_class\Inclusion\in_725.jpg
in_728,Inclusion,test,698,C:\Users\anmol\OneDrive\Desktop\Steel_Surface_Defect_NEU_DET-DATASET\SteelDefectX\train_by_class\Inclusion\in_728.jpg
in_73,Inclusion,test,700,C:\Users\anmol\OneDrive\Desktop\Steel_Surface_Defect_NEU_DET-DATASET\SteelDefectX\train_by_class\Inclusion\in_73.jpg
in_74,Inclusion,test,706,C:\Users\anmol\OneDrive\Desktop\Steel_Surface_Defect_NEU_DET-DATASET\SteelDefectX\train_by_class\Inclusion\in_74.jpg
in_747,Inclusion,test,711,C:\Users\anmol\OneDrive\Desktop\Steel_Surface_Defect_NEU_DET-DATASET\SteelDefectX\train_by_class\Inclusion\in_747.jpg
in_750,Inclusion,test,714,C:\Users\anmol\OneDrive\Desktop\Steel_Surface_Defect_NEU_DET-DATASET\SteelDefectX\train_by_class\Inclusion\in_750.jpg
in_760,Inclusion,test,722,C:\Users\anmol\OneDrive\Desktop\Steel_Surface_Defect_NEU_DET-DATASET\SteelDefectX\train_by_class\Inclusion\in_760.jpg
in_762,Inclusion,test,724,C:\Users\anmol\OneDrive\Desktop\Steel_Surface_Defect_NEU_DET-DATASET\SteelDefectX\train_by_class\Inclusion\in_762.jpg
in_770,Inclusion,test,728,C:\Users\anmol\OneDrive\Desktop\Steel_Surface_Defect_NEU_DET-DATASET\SteelDefectX\train_by_class\Inclusion\in_770.jpg
in_777,Inclusion,test,732,C:\Users\anmol\OneDrive\Desktop\Steel_Surface_Defect_NEU_DET-DATASET\SteelDefectX\train_by_class\Inclusion\in_777.jpg
in_782,Inclusion,test,738,C:\Users\anmol\OneDrive\Desktop\Steel_Surface_Defect_NEU_DET-DATASET\SteelDefectX\train_by_class\Inclusion\in_782.jpg
in_789,Inclusion,test,744,C:\Users\anmol\OneDrive\Desktop\Steel_Surface_Defect_NEU_DET-DATASET\SteelDefectX\train_by_class\Inclusion\in_789.jpg
in_79,Inclusion,test,745,C:\Users\anmol\OneDrive\Desktop\Steel_Surface_Defect_NEU_DET-DATASET\SteelDefectX\train_by_class\Inclusion\in_79.jpg
in_791,Inclusion,test,746,C:\Users\anmol\OneDrive\Desktop\Steel_Surface_Defect_NEU_DET-DATASET\SteelDefectX\train_by_class\Inclusion\in_791.jpg
in_83,Inclusion,test,751,C:\Users\anmol\OneDrive\Desktop\Steel_Surface_Defect_NEU_DET-DATASET\SteelDefectX\train_by_class\Inclusion\in_83.jpg
in_89,Inclusion,test,756,C:\Users\anmol\OneDrive\Desktop\Steel_Surface_Defect_NEU_DET-DATASET\SteelDefectX\train_by_class\Inclusion\in_89.jpg
in_92,Inclusion,test,759,C:\Users\anmol\OneDrive\Desktop\Steel_Surface_Defect_NEU_DET-DATASET\SteelDefectX\train_by_class\Inclusion\in_92.jpg
in_94,Inclusion,test,761,C:\Users\anmol\OneDrive\Desktop\Steel_Surface_Defect_NEU_DET-DATASET\SteelDefectX\train_by_class\Inclusion\in_94.jpg
in_03,Inclusion,train,210,C:\Users\anmol\OneDrive\Desktop\Steel_Surface_Defect_NEU_DET-DATASET\SteelDefectX\train_by_class\Inclusion\in_03.jpg
in_04,Inclusion,train,211,C:\Users\anmol\OneDrive\Desktop\Steel_Surface_Defect_NEU_DET-DATASET\SteelDefectX\train_by_class\Inclusion\in_04.jpg
in_05,Inclusion,train,212,C:\Users\anmol\OneDrive\Desktop\Steel_Surface_Defect_NEU_DET-DATASET\SteelDefectX\train_by_class\Inclusion\in_05.jpg
in_06,Inclusion,train,213,C:\Users\anmol\OneDrive\Desktop\Steel_Surface_Defect_NEU_DET-DATASET\SteelDefectX\train_by_class\Inclusion\in_06.jpg
in_10,Inclusion,train,215,C:\Users\anmol\OneDrive\Desktop\Steel_Surface_Defect_NEU_DET-DATASET\SteelDefectX\train_by_class\Inclusion\in_10.jpg
in_100,Inclusion,train,216,C:\Users\anmol\OneDrive\Desktop\Steel_Surface_Defect_NEU_DET-DATASET\SteelDefectX\train_by_class\Inclusion\in_100.jpg
in_105,Inclusion,train,218,C:\Users\anmol\OneDrive\Desktop\Steel_Surface_Defect_NEU_DET-DATASET\SteelDefectX\train_by_class\Inclusion\in_105.jpg
in_106,Inclusion,train,219,C:\Users\anmol\OneDrive\Desktop\Steel_Surface_Defect_NEU_DET-DATASET\SteelDefectX\train_by_class\Inclusion\in_106.jpg
in_107,Inclusion,train,220,C:\Users\anmol\OneDrive\Desktop\Steel_Surface_Defect_NEU_DET-DATASET\SteelDefectX\train_by_class\Inclusion\in_107.jpg
in_109,Inclusion,train,222,C:\Users\anmol\OneDrive\Desktop\Steel_Surface_Defect_NEU_DET-DATASET\SteelDefectX\train_by_class\Inclusion\in_109.jpg
in_11,Inclusion,train,223,C:\Users\anmol\OneDrive\Desktop\Steel_Surface_Defect_NEU_DET-DATASET\SteelDefectX\train_by_class\Inclusion\in_11.jpg
in_112,Inclusion,train,224,C:\Users\anmol\OneDrive\Desktop\Steel_Surface_Defect_NEU_DET-DATASET\SteelDefectX\train_by_class\Inclusion\in_112.jpg
in_113,Inclusion,train,225,C:\Users\anmol\OneDrive\Desktop\Steel_Surface_Defect_NEU_DET-DATASET\SteelDefectX\train_by_class\Inclusion\in_113.jpg
in_114,Inclusion,train,226,C:\Users\anmol\OneDrive\Desktop\Steel_Surface_Defect_NEU_DET-DATASET\SteelDefectX\train_by_class\Inclusion\in_114.jpg
in_115,Inclusion,train,227,C:\Users\anmol\OneDrive\Desktop\Steel_Surface_Defect_NEU_DET-DATASET\SteelDefectX\train_by_class\Inclusion\in_115.jpg
in_117,Inclusion,train,228,C:\Users\anmol\OneDrive\Desktop\Steel_Surface_Defect_NEU_DET-DATASET\SteelDefectX\train_by_class\Inclusion\in_117.jpg
in_119,Inclusion,train,229,C:\Users\anmol\OneDrive\Desktop\Steel_Surface_Defect_NEU_DET-DATASET\SteelDefectX\train_by_class\Inclusion\in_119.jpg
in_121,Inclusion,train,232,C:\Users\anmol\OneDrive\Desktop\Steel_Surface_Defect_NEU_DET-DATASET\SteelDefectX\train_by_class\Inclusion\in_121.jpg
in_122,Inclusion,train,233,C:\Users\anmol\OneDrive\Desktop\Steel_Surface_Defect_NEU_DET-DATASET\SteelDefectX\train_by_class\Inclusion\in_122.jpg
in_123,Inclusion,train,234,C:\Users\anmol\OneDrive\Desktop\Steel_Surface_Defect_NEU_DET-DATASET\SteelDefectX\train_by_class\Inclusion\in_123.jpg
in_126,Inclusion,train,235,C:\Users\anmol\OneDrive\Desktop\Steel_Surface_Defect_NEU_DET-DATASET\SteelDefectX\train_by_class\Inclusion\in_126.jpg
in_127,Inclusion,train,236,C:\Users\anmol\OneDrive\Desktop\Steel_Surface_Defect_NEU_DET-DATASET\SteelDefectX\train_by_class\Inclusion\in_127.jpg
in_128,Inclusion,train,237,C:\Users\anmol\OneDrive\Desktop\Steel_Surface_Defect_NEU_DET-DATASET\SteelDefectX\train_by_class\Inclusion\in_128.jpg
in_131,Inclusion,train,239,C:\Users\anmol\OneDrive\Desktop\Steel_Surface_Defect_NEU_DET-DATASET\SteelDefectX\train_by_class\Inclusion\in_131.jpg
in_135,Inclusion,train,241,C:\Users\anmol\OneDrive\Desktop\Steel_Surface_Defect_NEU_DET-DATASET\SteelDefectX\train_by_class\Inclusion\in_135.jpg
in_136,Inclusion,train,242,C:\Users\anmol\OneDrive\Desktop\Steel_Surface_Defect_NEU_DET-DATASET\SteelDefectX\train_by_class\Inclusion\in_136.jpg
in_137,Inclusion,train,243,C:\Users\anmol\OneDrive\Desktop\Steel_Surface_Defect_NEU_DET-DATASET\SteelDefectX\train_by_class\Inclusion\in_137.jpg
in_139,Inclusion,train,245,C:\Users\anmol\OneDrive\Desktop\Steel_Surface_Defect_NEU_DET-DATASET\SteelDefectX\train_by_class\Inclusion\in_139.jpg
in_140,Inclusion,train,246,C:\Users\anmol\OneDrive\Desktop\Steel_Surface_Defect_NEU_DET-DATASET\SteelDefectX\train_by_class\Inclusion\in_140.jpg
in_141,Inclusion,train,247,C:\Users\anmol\OneDrive\Desktop\Steel_Surface_Defect_NEU_DET-DATASET\SteelDefectX\train_by_class\Inclusion\in_141.jpg
in_142,Inclusion,train,248,C:\Users\anmol\OneDrive\Desktop\Steel_Surface_Defect_NEU_DET-DATASET\SteelDefectX\train_by_class\Inclusion\in_142.jpg
in_146,Inclusion,train,249,C:\Users\anmol\OneDrive\Desktop\Steel_Surface_Defect_NEU_DET-DATASET\SteelDefectX\train_by_class\Inclusion\in_146.jpg
in_149,Inclusion,train,250,C:\Users\anmol\OneDrive\Desktop\Steel_Surface_Defect_NEU_DET-DATASET\SteelDefectX\train_by_class\Inclusion\in_149.jpg
in_151,Inclusion,train,252,C:\Users\anmol\OneDrive\Desktop\Steel_Surface_Defect_NEU_DET-DATASET\SteelDefectX\train_by_class\Inclusion\in_151.jpg
in_153,Inclusion,train,253,C:\Users\anmol\OneDrive\Desktop\Steel_Surface_Defect_NEU_DET-DATASET\SteelDefectX\train_by_class\Inclusion\in_153.jpg
in_154,Inclusion,train,254,C:\Users\anmol\OneDrive\Desktop\Steel_Surface_Defect_NEU_DET-DATASET\SteelDefectX\train_by_class\Inclusion\in_154.jpg
in_156,Inclusion,train,256,C:\Users\anmol\OneDrive\Desktop\Steel_Surface_Defect_NEU_DET-DATASET\SteelDefectX\train_by_class\Inclusion\in_156.jpg
in_158,Inclusion,train,258,C:\Users\anmol\OneDrive\Desktop\Steel_Surface_Defect_NEU_DET-DATASET\SteelDefectX\train_by_class\Inclusion\in_158.jpg
in_16,Inclusion,train,260,C:\Users\anmol\OneDrive\Desktop\Steel_Surface_Defect_NEU_DET-DATASET\SteelDefectX\train_by_class\Inclusion\in_16.jpg
in_161,Inclusion,train,261,C:\Users\anmol\OneDrive\Desktop\Steel_Surface_Defect_NEU_DET-DATASET\SteelDefectX\train_by_class\Inclusion\in_161.jpg
in_163,Inclusion,train,262,C:\Users\anmol\OneDrive\Desktop\Steel_Surface_Defect_NEU_DET-DATASET\SteelDefectX\train_by_class\Inclusion\in_163.jpg
in_164,Inclusion,train,263,C:\Users\anmol\OneDrive\Desktop\Steel_Surface_Defect_NEU_DET-DATASET\SteelDefectX\train_by_class\Inclusion\in_164.jpg
in_167,Inclusion,train,264,C:\Users\anmol\OneDrive\Desktop\Steel_Surface_Defect_NEU_DET-DATASET\SteelDefectX\train_by_class\Inclusion\in_167.jpg
in_168,Inclusion,train,265,C:\Users\anmol\OneDrive\Desktop\Steel_Surface_Defect_NEU_DET-DATASET\SteelDefectX\train_by_class\Inclusion\in_168.jpg
in_172,Inclusion,train,269,C:\Users\anmol\OneDrive\Desktop\Steel_Surface_Defect_NEU_DET-DATASET\SteelDefectX\train_by_class\Inclusion\in_172.jpg
in_173,Inclusion,train,270,C:\Users\anmol\OneDrive\Desktop\Steel_Surface_Defect_NEU_DET-DATASET\SteelDefectX\train_by_class\Inclusion\in_173.jpg
in_174,Inclusion,train,271,C:\Users\anmol\OneDrive\Desktop\Steel_Surface_Defect_NEU_DET-DATASET\SteelDefectX\train_by_class\Inclusion\in_174.jpg
in_177,Inclusion,train,274,C:\Users\anmol\OneDrive\Desktop\Steel_Surface_Defect_NEU_DET-DATASET\SteelDefectX\train_by_class\Inclusion\in_177.jpg
in_182,Inclusion,train,277,C:\Users\anmol\OneDrive\Desktop\Steel_Surface_Defect_NEU_DET-DATASET\SteelDefectX\train_by_class\Inclusion\in_182.jpg
in_183,Inclusion,train,278,C:\Users\anmol\OneDrive\Desktop\Steel_Surface_Defect_NEU_DET-DATASET\SteelDefectX\train_by_class\Inclusion\in_183.jpg
in_184,Inclusion,train,279,C:\Users\anmol\OneDrive\Desktop\Steel_Surface_Defect_NEU_DET-DATASET\SteelDefectX\train_by_class\Inclusion\in_184.jpg
in_185,Inclusion,train,280,C:\Users\anmol\OneDrive\Desktop\Steel_Surface_Defect_NEU_DET-DATASET\SteelDefectX\train_by_class\Inclusion\in_185.jpg
in_186,Inclusion,train,281,C:\Users\anmol\OneDrive\Desktop\Steel_Surface_Defect_NEU_DET-DATASET\SteelDefectX\train_by_class\Inclusion\in_186.jpg
in_187,Inclusion,train,282,C:\Users\anmol\OneDrive\Desktop\Steel_Surface_Defect_NEU_DET-DATASET\SteelDefectX\train_by_class\Inclusion\in_187.jpg
in_189,Inclusion,train,283,C:\Users\anmol\OneDrive\Desktop\Steel_Surface_Defect_NEU_DET-DATASET\SteelDefectX\train_by_class\Inclusion\in_189.jpg
in_191,Inclusion,train,285,C:\Users\anmol\OneDrive\Desktop\Steel_Surface_Defect_NEU_DET-DATASET\SteelDefectX\train_by_class\Inclusion\in_191.jpg
in_192,Inclusion,train,286,C:\Users\anmol\OneDrive\Desktop\Steel_Surface_Defect_NEU_DET-DATASET\SteelDefectX\train_by_class\Inclusion\in_192.jpg
in_194,Inclusion,train,288,C:\Users\anmol\OneDrive\Desktop\Steel_Surface_Defect_NEU_DET-DATASET\SteelDefectX\train_by_class\Inclusion\in_194.jpg
in_197,Inclusion,train,290,C:\Users\anmol\OneDrive\Desktop\Steel_Surface_Defect_NEU_DET-DATASET\SteelDefectX\train_by_class\Inclusion\in_197.jpg
in_198,Inclusion,train,291,C:\Users\anmol\OneDrive\Desktop\Steel_Surface_Defect_NEU_DET-DATASET\SteelDefectX\train_by_class\Inclusion\in_198.jpg
in_199,Inclusion,train,292,C:\Users\anmol\OneDrive\Desktop\Steel_Surface_Defect_NEU_DET-DATASET\SteelDefectX\train_by_class\Inclusion\in_199.jpg
in_200,Inclusion,train,294,C:\Users\anmol\OneDrive\Desktop\Steel_Surface_Defect_NEU_DET-DATASET\SteelDefectX\train_by_class\Inclusion\in_200.jpg
in_201,Inclusion,train,295,C:\Users\anmol\OneDrive\Desktop\Steel_Surface_Defect_NEU_DET-DATASET\SteelDefectX\train_by_class\Inclusion\in_201.jpg
in_202,Inclusion,train,296,C:\Users\anmol\OneDrive\Desktop\Steel_Surface_Defect_NEU_DET-DATASET\SteelDefectX\train_by_class\Inclusion\in_202.jpg
in_203,Inclusion,train,297,C:\Users\anmol\OneDrive\Desktop\Steel_Surface_Defect_NEU_DET-DATASET\SteelDefectX\train_by_class\Inclusion\in_203.jpg
in_210,Inclusion,train,300,C:\Users\anmol\OneDrive\Desktop\Steel_Surface_Defect_NEU_DET-DATASET\SteelDefectX\train_by_class\Inclusion\in_210.jpg
in_212,Inclusion,train,301,C:\Users\anmol\OneDrive\Desktop\Steel_Surface_Defect_NEU_DET-DATASET\SteelDefectX\train_by_class\Inclusion\in_212.jpg
in_213,Inclusion,train,302,C:\Users\anmol\OneDrive\Desktop\Steel_Surface_Defect_NEU_DET-DATASET\SteelDefectX\train_by_class\Inclusion\in_213.jpg
in_215,Inclusion,train,303,C:\Users\anmol\OneDrive\Desktop\Steel_Surface_Defect_NEU_DET-DATASET\SteelDefectX\train_by_class\Inclusion\in_215.jpg
in_216,Inclusion,train,304,C:\Users\anmol\OneDrive\Desktop\Steel_Surface_Defect_NEU_DET-DATASET\SteelDefectX\train_by_class\Inclusion\in_216.jpg
in_218,Inclusion,train,305,C:\Users\anmol\OneDrive\Desktop\Steel_Surface_Defect_NEU_DET-DATASET\SteelDefectX\train_by_class\Inclusion\in_218.jpg
in_220,Inclusion,train,306,C:\Users\anmol\OneDrive\Desktop\Steel_Surface_Defect_NEU_DET-DATASET\SteelDefectX\train_by_class\Inclusion\in_220.jpg
in_221,Inclusion,train,307,C:\Users\anmol\OneDrive\Desktop\Steel_Surface_Defect_NEU_DET-DATASET\SteelDefectX\train_by_class\Inclusion\in_221.jpg
in_223,Inclusion,train,308,C:\Users\anmol\OneDrive\Desktop\Steel_Surface_Defect_NEU_DET-DATASET\SteelDefectX\train_by_class\Inclusion\in_223.jpg
in_224,Inclusion,train,309,C:\Users\anmol\OneDrive\Desktop\Steel_Surface_Defect_NEU_DET-DATASET\SteelDefectX\train_by_class\Inclusion\in_224.jpg
in_226,Inclusion,train,311,C:\Users\anmol\OneDrive\Desktop\Steel_Surface_Defect_NEU_DET-DATASET\SteelDefectX\train_by_class\Inclusion\in_226.jpg
in_229,Inclusion,train,313,C:\Users\anmol\OneDrive\Desktop\Steel_Surface_Defect_NEU_DET-DATASET\SteelDefectX\train_by_class\Inclusion\in_229.jpg
in_231,Inclusion,train,315,C:\Users\anmol\OneDrive\Desktop\Steel_Surface_Defect_NEU_DET-DATASET\SteelDefectX\train_by_class\Inclusion\in_231.jpg
in_236,Inclusion,train,318,C:\Users\anmol\OneDrive\Desktop\Steel_Surface_Defect_NEU_DET-DATASET\SteelDefectX\train_by_class\Inclusion\in_236.jpg
in_238,Inclusion,train,319,C:\Users\anmol\OneDrive\Desktop\Steel_Surface_Defect_NEU_DET-DATASET\SteelDefectX\train_by_class\Inclusion\in_238.jpg
in_239,Inclusion,train,320,C:\Users\anmol\OneDrive\Desktop\Steel_Surface_Defect_NEU_DET-DATASET\SteelDefectX\train_by_class\Inclusion\in_239.jpg
in_24,Inclusion,train,321,C:\Users\anmol\OneDrive\Desktop\Steel_Surface_Defect_NEU_DET-DATASET\SteelDefectX\train_by_class\Inclusion\in_24.jpg
in_241,Inclusion,train,322,C:\Users\anmol\OneDrive\Desktop\Steel_Surface_Defect_NEU_DET-DATASET\SteelDefectX\train_by_class\Inclusion\in_241.jpg
in_243,Inclusion,train,324,C:\Users\anmol\OneDrive\Desktop\Steel_Surface_Defect_NEU_DET-DATASET\SteelDefectX\train_by_class\Inclusion\in_243.jpg
in_244,Inclusion,train,325,C:\Users\anmol\OneDrive\Desktop\Steel_Surface_Defect_NEU_DET-DATASET\SteelDefectX\train_by_class\Inclusion\in_244.jpg
in_245,Inclusion,train,326,C:\Users\anmol\OneDrive\Desktop\Steel_Surface_Defect_NEU_DET-DATASET\SteelDefectX\train_by_class\Inclusion\in_245.jpg
in_248,Inclusion,train,328,C:\Users\anmol\OneDrive\Desktop\Steel_Surface_Defect_NEU_DET-DATASET\SteelDefectX\train_by_class\Inclusion\in_248.jpg
in_251,Inclusion,train,331,C:\Users\anmol\OneDrive\Desktop\Steel_Surface_Defect_NEU_DET-DATASET\SteelDefectX\train_by_class\Inclusion\in_251.jpg
in_253,Inclusion,train,333,C:\Users\anmol\OneDrive\Desktop\Steel_Surface_Defect_NEU_DET-DATASET\SteelDefectX\train_by_class\Inclusion\in_253.jpg
in_258,Inclusion,train,335,C:\Users\anmol\OneDrive\Desktop\Steel_Surface_Defect_NEU_DET-DATASET\SteelDefectX\train_by_class\Inclusion\in_258.jpg
in_26,Inclusion,train,336,C:\Users\anmol\OneDrive\Desktop\Steel_Surface_Defect_NEU_DET-DATASET\SteelDefectX\train_by_class\Inclusion\in_26.jpg
in_260,Inclusion,train,337,C:\Users\anmol\OneDrive\Desktop\Steel_Surface_Defect_NEU_DET-DATASET\SteelDefectX\train_by_class\Inclusion\in_260.jpg
in_261,Inclusion,train,338,C:\Users\anmol\OneDrive\Desktop\Steel_Surface_Defect_NEU_DET-DATASET\SteelDefectX\train_by_class\Inclusion\in_261.jpg
in_263,Inclusion,train,339,C:\Users\anmol\OneDrive\Desktop\Steel_Surface_Defect_NEU_DET-DATASET\SteelDefectX\train_by_class\Inclusion\in_263.jpg
in_264,Inclusion,train,340,C:\Users\anmol\OneDrive\Desktop\Steel_Surface_Defect_NEU_DET-DATASET\SteelDefectX\train_by_class\Inclusion\in_264.jpg
in_266,Inclusion,train,342,C:\Users\anmol\OneDrive\Desktop\Steel_Surface_Defect_NEU_DET-DATASET\SteelDefectX\train_by_class\Inclusion\in_266.jpg
in_267,Inclusion,train,343,C:\Users\anmol\OneDrive\Desktop\Steel_Surface_Defect_NEU_DET-DATASET\SteelDefectX\train_by_class\Inclusion\in_267.jpg
in_273,Inclusion,train,347,C:\Users\anmol\OneDrive\Desktop\Steel_Surface_Defect_NEU_DET-DATASET\SteelDefectX\train_by_class\Inclusion\in_273.jpg
in_274,Inclusion,train,348,C:\Users\anmol\OneDrive\Desktop\Steel_Surface_Defect_NEU_DET-DATASET\SteelDefectX\train_by_class\Inclusion\in_274.jpg
in_275,Inclusion,train,349,C:\Users\anmol\OneDrive\Desktop\Steel_Surface_Defect_NEU_DET-DATASET\SteelDefectX\train_by_class\Inclusion\in_275.jpg
in_276,Inclusion,train,350,C:\Users\anmol\OneDrive\Desktop\Steel_Surface_Defect_NEU_DET-DATASET\SteelDefectX\train_by_class\Inclusion\in_276.jpg
in_278,Inclusion,train,351,C:\Users\anmol\OneDrive\Desktop\Steel_Surface_Defect_NEU_DET-DATASET\SteelDefectX\train_by_class\Inclusion\in_278.jpg
in_28,Inclusion,train,352,C:\Users\anmol\OneDrive\Desktop\Steel_Surface_Defect_NEU_DET-DATASET\SteelDefectX\train_by_class\Inclusion\in_28.jpg
in_280,Inclusion,train,353,C:\Users\anmol\OneDrive\Desktop\Steel_Surface_Defect_NEU_DET-DATASET\SteelDefectX\train_by_class\Inclusion\in_280.jpg
in_281,Inclusion,train,354,C:\Users\anmol\OneDrive\Desktop\Steel_Surface_Defect_NEU_DET-DATASET\SteelDefectX\train_by_class\Inclusion\in_281.jpg
in_286,Inclusion,train,357,C:\Users\anmol\OneDrive\Desktop\Steel_Surface_Defect_NEU_DET-DATASET\SteelDefectX\train_by_class\Inclusion\in_286.jpg
in_287,Inclusion,train,358,C:\Users\anmol\OneDrive\Desktop\Steel_Surface_Defect_NEU_DET-DATASET\SteelDefectX\train_by_class\Inclusion\in_287.jpg
in_290,Inclusion,train,361,C:\Users\anmol\OneDrive\Desktop\Steel_Surface_Defect_NEU_DET-DATASET\SteelDefectX\train_by_class\Inclusion\in_290.jpg
in_292,Inclusion,train,362,C:\Users\anmol\OneDrive\Desktop\Steel_Surface_Defect_NEU_DET-DATASET\SteelDefectX\train_by_class\Inclusion\in_292.jpg
in_293,Inclusion,train,363,C:\Users\anmol\OneDrive\Desktop\Steel_Surface_Defect_NEU_DET-DATASET\SteelDefectX\train_by_class\Inclusion\in_293.jpg
in_294,Inclusion,train,364,C:\Users\anmol\OneDrive\Desktop\Steel_Surface_Defect_NEU_DET-DATASET\SteelDefectX\train_by_class\Inclusion\in_294.jpg
in_296,Inclusion,train,365,C:\Users\anmol\OneDrive\Desktop\Steel_Surface_Defect_NEU_DET-DATASET\SteelDefectX\train_by_class\Inclusion\in_296.jpg
in_298,Inclusion,train,366,C:\Users\anmol\OneDrive\Desktop\Steel_Surface_Defect_NEU_DET-DATASET\SteelDefectX\train_by_class\Inclusion\in_298.jpg
in_300,Inclusion,train,369,C:\Users\anmol\OneDrive\Desktop\Steel_Surface_Defect_NEU_DET-DATASET\SteelDefectX\train_by_class\Inclusion\in_300.jpg
in_303,Inclusion,train,372,C:\Users\anmol\OneDrive\Desktop\Steel_Surface_Defect_NEU_DET-DATASET\SteelDefectX\train_by_class\Inclusion\in_303.jpg
in_304,Inclusion,train,373,C:\Users\anmol\OneDrive\Desktop\Steel_Surface_Defect_NEU_DET-DATASET\SteelDefectX\train_by_class\Inclusion\in_304.jpg
in_305,Inclusion,train,374,C:\Users\anmol\OneDrive\Desktop\Steel_Surface_Defect_NEU_DET-DATASET\SteelDefectX\train_by_class\Inclusion\in_305.jpg
in_306,Inclusion,train,375,C:\Users\anmol\OneDrive\Desktop\Steel_Surface_Defect_NEU_DET-DATASET\SteelDefectX\train_by_class\Inclusion\in_306.jpg
in_307,Inclusion,train,376,C:\Users\anmol\OneDrive\Desktop\Steel_Surface_Defect_NEU_DET-DATASET\SteelDefectX\train_by_class\Inclusion\in_307.jpg
in_308,Inclusion,train,377,C:\Users\anmol\OneDrive\Desktop\Steel_Surface_Defect_NEU_DET-DATASET\SteelDefectX\train_by_class\Inclusion\in_308.jpg
in_309,Inclusion,train,378,C:\Users\anmol\OneDrive\Desktop\Steel_Surface_Defect_NEU_DET-DATASET\SteelDefectX\train_by_class\Inclusion\in_309.jpg
in_31,Inclusion,train,379,C:\Users\anmol\OneDrive\Desktop\Steel_Surface_Defect_NEU_DET-DATASET\SteelDefectX\train_by_class\Inclusion\in_31.jpg
in_310,Inclusion,train,380,C:\Users\anmol\OneDrive\Desktop\Steel_Surface_Defect_NEU_DET-DATASET\SteelDefectX\train_by_class\Inclusion\in_310.jpg
in_312,Inclusion,train,382,C:\Users\anmol\OneDrive\Desktop\Steel_Surface_Defect_NEU_DET-DATASET\SteelDefectX\train_by_class\Inclusion\in_312.jpg
in_316,Inclusion,train,384,C:\Users\anmol\OneDrive\Desktop\Steel_Surface_Defect_NEU_DET-DATASET\SteelDefectX\train_by_class\Inclusion\in_316.jpg
in_317,Inclusion,train,385,C:\Users\anmol\OneDrive\Desktop\Steel_Surface_Defect_NEU_DET-DATASET\SteelDefectX\train_by_class\Inclusion\in_317.jpg
in_32,Inclusion,train,387,C:\Users\anmol\OneDrive\Desktop\Steel_Surface_Defect_NEU_DET-DATASET\SteelDefectX\train_by_class\Inclusion\in_32.jpg
in_320,Inclusion,train,388,C:\Users\anmol\OneDrive\Desktop\Steel_Surface_Defect_NEU_DET-DATASET\SteelDefectX\train_by_class\Inclusion\in_320.jpg
in_321,Inclusion,train,389,C:\Users\anmol\OneDrive\Desktop\Steel_Surface_Defect_NEU_DET-DATASET\SteelDefectX\train_by_class\Inclusion\in_321.jpg
in_323,Inclusion,train,391,C:\Users\anmol\OneDrive\Desktop\Steel_Surface_Defect_NEU_DET-DATASET\SteelDefectX\train_by_class\Inclusion\in_323.jpg
in_326,Inclusion,train,392,C:\Users\anmol\OneDrive\Desktop\Steel_Surface_Defect_NEU_DET-DATASET\SteelDefectX\train_by_class\Inclusion\in_326.jpg
in_330,Inclusion,train,396,C:\Users\anmol\OneDrive\Desktop\Steel_Surface_Defect_NEU_DET-DATASET\SteelDefectX\train_by_class\Inclusion\in_330.jpg
in_331,Inclusion,train,397,C:\Users\anmol\OneDrive\Desktop\Steel_Surface_Defect_NEU_DET-DATASET\SteelDefectX\train_by_class\Inclusion\in_331.jpg
in_333,Inclusion,train,398,C:\Users\anmol\OneDrive\Desktop\Steel_Surface_Defect_NEU_DET-DATASET\SteelDefectX\train_by_class\Inclusion\in_333.jpg
in_335,Inclusion,train,399,C:\Users\anmol\OneDrive\Desktop\Steel_Surface_Defect_NEU_DET-DATASET\SteelDefectX\train_by_class\Inclusion\in_335.jpg
in_337,Inclusion,train,401,C:\Users\anmol\OneDrive\Desktop\Steel_Surface_Defect_NEU_DET-DATASET\SteelDefectX\train_by_class\Inclusion\in_337.jpg
in_339,Inclusion,train,402,C:\Users\anmol\OneDrive\Desktop\Steel_Surface_Defect_NEU_DET-DATASET\SteelDefectX\train_by_class\Inclusion\in_339.jpg
in_340,Inclusion,train,403,C:\Users\anmol\OneDrive\Desktop\Steel_Surface_Defect_NEU_DET-DATASET\SteelDefectX\train_by_class\Inclusion\in_340.jpg
in_341,Inclusion,train,404,C:\Users\anmol\OneDrive\Desktop\Steel_Surface_Defect_NEU_DET-DATASET\SteelDefectX\train_by_class\Inclusion\in_341.jpg
in_344,Inclusion,train,406,C:\Users\anmol\OneDrive\Desktop\Steel_Surface_Defect_NEU_DET-DATASET\SteelDefectX\train_by_class\Inclusion\in_344.jpg
in_345,Inclusion,train,407,C:\Users\anmol\OneDrive\Desktop\Steel_Surface_Defect_NEU_DET-DATASET\SteelDefectX\train_by_class\Inclusion\in_345.jpg
in_346,Inclusion,train,408,C:\Users\anmol\OneDrive\Desktop\Steel_Surface_Defect_NEU_DET-DATASET\SteelDefectX\train_by_class\Inclusion\in_346.jpg
in_348,Inclusion,train,409,C:\Users\anmol\OneDrive\Desktop\Steel_Surface_Defect_NEU_DET-DATASET\SteelDefectX\train_by_class\Inclusion\in_348.jpg
in_349,Inclusion,train,410,C:\Users\anmol\OneDrive\Desktop\Steel_Surface_Defect_NEU_DET-DATASET\SteelDefectX\train_by_class\Inclusion\in_349.jpg
in_35,Inclusion,train,411,C:\Users\anmol\OneDrive\Desktop\Steel_Surface_Defect_NEU_DET-DATASET\SteelDefectX\train_by_class\Inclusion\in_35.jpg
in_351,Inclusion,train,413,C:\Users\anmol\OneDrive\Desktop\Steel_Surface_Defect_NEU_DET-DATASET\SteelDefectX\train_by_class\Inclusion\in_351.jpg
in_354,Inclusion,train,415,C:\Users\anmol\OneDrive\Desktop\Steel_Surface_Defect_NEU_DET-DATASET\SteelDefectX\train_by_class\Inclusion\in_354.jpg
in_356,Inclusion,train,417,C:\Users\anmol\OneDrive\Desktop\Steel_Surface_Defect_NEU_DET-DATASET\SteelDefectX\train_by_class\Inclusion\in_356.jpg
in_357,Inclusion,train,418,C:\Users\anmol\OneDrive\Desktop\Steel_Surface_Defect_NEU_DET-DATASET\SteelDefectX\train_by_class\Inclusion\in_357.jpg
in_358,Inclusion,train,419,C:\Users\anmol\OneDrive\Desktop\Steel_Surface_Defect_NEU_DET-DATASET\SteelDefectX\train_by_class\Inclusion\in_358.jpg
in_360,Inclusion,train,421,C:\Users\anmol\OneDrive\Desktop\Steel_Surface_Defect_NEU_DET-DATASET\SteelDefectX\train_by_class\Inclusion\in_360.jpg
in_361,Inclusion,train,422,C:\Users\anmol\OneDrive\Desktop\Steel_Surface_Defect_NEU_DET-DATASET\SteelDefectX\train_by_class\Inclusion\in_361.jpg
in_362,Inclusion,train,423,C:\Users\anmol\OneDrive\Desktop\Steel_Surface_Defect_NEU_DET-DATASET\SteelDefectX\train_by_class\Inclusion\in_362.jpg
in_363,Inclusion,train,424,C:\Users\anmol\OneDrive\Desktop\Steel_Surface_Defect_NEU_DET-DATASET\SteelDefectX\train_by_class\Inclusion\in_363.jpg
in_364,Inclusion,train,425,C:\Users\anmol\OneDrive\Desktop\Steel_Surface_Defect_NEU_DET-DATASET\SteelDefectX\train_by_class\Inclusion\in_364.jpg
in_365,Inclusion,train,426,C:\Users\anmol\OneDrive\Desktop\Steel_Surface_Defect_NEU_DET-DATASET\SteelDefectX\train_by_class\Inclusion\in_365.jpg
in_369,Inclusion,train,428,C:\Users\anmol\OneDrive\Desktop\Steel_Surface_Defect_NEU_DET-DATASET\SteelDefectX\train_by_class\Inclusion\in_369.jpg
in_37,Inclusion,train,429,C:\Users\anmol\OneDrive\Desktop\Steel_Surface_Defect_NEU_DET-DATASET\SteelDefectX\train_by_class\Inclusion\in_37.jpg
in_371,Inclusion,train,430,C:\Users\anmol\OneDrive\Desktop\Steel_Surface_Defect_NEU_DET-DATASET\SteelDefectX\train_by_class\Inclusion\in_371.jpg
in_374,Inclusion,train,433,C:\Users\anmol\OneDrive\Desktop\Steel_Surface_Defect_NEU_DET-DATASET\SteelDefectX\train_by_class\Inclusion\in_374.jpg
in_376,Inclusion,train,434,C:\Users\anmol\OneDrive\Desktop\Steel_Surface_Defect_NEU_DET-DATASET\SteelDefectX\train_by_class\Inclusion\in_376.jpg
in_377,Inclusion,train,435,C:\Users\anmol\OneDrive\Desktop\Steel_Surface_Defect_NEU_DET-DATASET\SteelDefectX\train_by_class\Inclusion\in_377.jpg
in_380,Inclusion,train,436,C:\Users\anmol\OneDrive\Desktop\Steel_Surface_Defect_NEU_DET-DATASET\SteelDefectX\train_by_class\Inclusion\in_380.jpg
in_383,Inclusion,train,438,C:\Users\anmol\OneDrive\Desktop\Steel_Surface_Defect_NEU_DET-DATASET\SteelDefectX\train_by_class\Inclusion\in_383.jpg
in_386,Inclusion,train,439,C:\Users\anmol\OneDrive\Desktop\Steel_Surface_Defect_NEU_DET-DATASET\SteelDefectX\train_by_class\Inclusion\in_386.jpg
in_387,Inclusion,train,440,C:\Users\anmol\OneDrive\Desktop\Steel_Surface_Defect_NEU_DET-DATASET\SteelDefectX\train_by_class\Inclusion\in_387.jpg
in_39,Inclusion,train,442,C:\Users\anmol\OneDrive\Desktop\Steel_Surface_Defect_NEU_DET-DATASET\SteelDefectX\train_by_class\Inclusion\in_39.jpg
in_392,Inclusion,train,443,C:\Users\anmol\OneDrive\Desktop\Steel_Surface_Defect_NEU_DET-DATASET\SteelDefectX\train_by_class\Inclusion\in_392.jpg
in_393,Inclusion,train,444,C:\Users\anmol\OneDrive\Desktop\Steel_Surface_Defect_NEU_DET-DATASET\SteelDefectX\train_by_class\Inclusion\in_393.jpg
in_398,Inclusion,train,447,C:\Users\anmol\OneDrive\Desktop\Steel_Surface_Defect_NEU_DET-DATASET\SteelDefectX\train_by_class\Inclusion\in_398.jpg
in_399,Inclusion,train,448,C:\Users\anmol\OneDrive\Desktop\Steel_Surface_Defect_NEU_DET-DATASET\SteelDefectX\train_by_class\Inclusion\in_399.jpg
in_401,Inclusion,train,449,C:\Users\anmol\OneDrive\Desktop\Steel_Surface_Defect_NEU_DET-DATASET\SteelDefectX\train_by_class\Inclusion\in_401.jpg
in_406,Inclusion,train,453,C:\Users\anmol\OneDrive\Desktop\Steel_Surface_Defect_NEU_DET-DATASET\SteelDefectX\train_by_class\Inclusion\in_406.jpg
in_41,Inclusion,train,455,C:\Users\anmol\OneDrive\Desktop\Steel_Surface_Defect_NEU_DET-DATASET\SteelDefectX\train_by_class\Inclusion\in_41.jpg
in_410,Inclusion,train,456,C:\Users\anmol\OneDrive\Desktop\Steel_Surface_Defect_NEU_DET-DATASET\SteelDefectX\train_by_class\Inclusion\in_410.jpg
in_412,Inclusion,train,458,C:\Users\anmol\OneDrive\Desktop\Steel_Surface_Defect_NEU_DET-DATASET\SteelDefectX\train_by_class\Inclusion\in_412.jpg
in_414,Inclusion,train,460,C:\Users\anmol\OneDrive\Desktop\Steel_Surface_Defect_NEU_DET-DATASET\SteelDefectX\train_by_class\Inclusion\in_414.jpg
in_415,Inclusion,train,461,C:\Users\anmol\OneDrive\Desktop\Steel_Surface_Defect_NEU_DET-DATASET\SteelDefectX\train_by_class\Inclusion\in_415.jpg
in_416,Inclusion,train,462,C:\Users\anmol\OneDrive\Desktop\Steel_Surface_Defect_NEU_DET-DATASET\SteelDefectX\train_by_class\Inclusion\in_416.jpg
in_418,Inclusion,train,464,C:\Users\anmol\OneDrive\Desktop\Steel_Surface_Defect_NEU_DET-DATASET\SteelDefectX\train_by_class\Inclusion\in_418.jpg
in_420,Inclusion,train,465,C:\Users\anmol\OneDrive\Desktop\Steel_Surface_Defect_NEU_DET-DATASET\SteelDefectX\train_by_class\Inclusion\in_420.jpg
in_423,Inclusion,train,466,C:\Users\anmol\OneDrive\Desktop\Steel_Surface_Defect_NEU_DET-DATASET\SteelDefectX\train_by_class\Inclusion\in_423.jpg
in_424,Inclusion,train,467,C:\Users\anmol\OneDrive\Desktop\Steel_Surface_Defect_NEU_DET-DATASET\SteelDefectX\train_by_class\Inclusion\in_424.jpg
in_425,Inclusion,train,468,C:\Users\anmol\OneDrive\Desktop\Steel_Surface_Defect_NEU_DET-DATASET\SteelDefectX\train_by_class\Inclusion\in_425.jpg
in_426,Inclusion,train,469,C:\Users\anmol\OneDrive\Desktop\Steel_Surface_Defect_NEU_DET-DATASET\SteelDefectX\train_by_class\Inclusion\in_426.jpg
in_427,Inclusion,train,470,C:\Users\anmol\OneDrive\Desktop\Steel_Surface_Defect_NEU_DET-DATASET\SteelDefectX\train_by_class\Inclusion\in_427.jpg
in_428,Inclusion,train,471,C:\Users\anmol\OneDrive\Desktop\Steel_Surface_Defect_NEU_DET-DATASET\SteelDefectX\train_by_class\Inclusion\in_428.jpg
in_431,Inclusion,train,472,C:\Users\anmol\OneDrive\Desktop\Steel_Surface_Defect_NEU_DET-DATASET\SteelDefectX\train_by_class\Inclusion\in_431.jpg
in_432,Inclusion,train,473,C:\Users\anmol\OneDrive\Desktop\Steel_Surface_Defect_NEU_DET-DATASET\SteelDefectX\train_by_class\Inclusion\in_432.jpg
in_433,Inclusion,train,474,C:\Users\anmol\OneDrive\Desktop\Steel_Surface_Defect_NEU_DET-DATASET\SteelDefectX\train_by_class\Inclusion\in_433.jpg
in_437,Inclusion,train,476,C:\Users\anmol\OneDrive\Desktop\Steel_Surface_Defect_NEU_DET-DATASET\SteelDefectX\train_by_class\Inclusion\in_437.jpg
in_438,Inclusion,train,477,C:\Users\anmol\OneDrive\Desktop\Steel_Surface_Defect_NEU_DET-DATASET\SteelDefectX\train_by_class\Inclusion\in_438.jpg
in_44,Inclusion,train,478,C:\Users\anmol\OneDrive\Desktop\Steel_Surface_Defect_NEU_DET-DATASET\SteelDefectX\train_by_class\Inclusion\in_44.jpg
in_440,Inclusion,train,479,C:\Users\anmol\OneDrive\Desktop\Steel_Surface_Defect_NEU_DET-DATASET\SteelDefectX\train_by_class\Inclusion\in_440.jpg
in_445,Inclusion,train,482,C:\Users\anmol\OneDrive\Desktop\Steel_Surface_Defect_NEU_DET-DATASET\SteelDefectX\train_by_class\Inclusion\in_445.jpg
in_446,Inclusion,train,483,C:\Users\anmol\OneDrive\Desktop\Steel_Surface_Defect_NEU_DET-DATASET\SteelDefectX\train_by_class\Inclusion\in_446.jpg
in_450,Inclusion,train,486,C:\Users\anmol\OneDrive\Desktop\Steel_Surface_Defect_NEU_DET-DATASET\SteelDefectX\train_by_class\Inclusion\in_450.jpg
in_454,Inclusion,train,488,C:\Users\anmol\OneDrive\Desktop\Steel_Surface_Defect_NEU_DET-DATASET\SteelDefectX\train_by_class\Inclusion\in_454.jpg
in_455,Inclusion,train,489,C:\Users\anmol\OneDrive\Desktop\Steel_Surface_Defect_NEU_DET-DATASET\SteelDefectX\train_by_class\Inclusion\in_455.jpg
in_456,Inclusion,train,490,C:\Users\anmol\OneDrive\Desktop\Steel_Surface_Defect_NEU_DET-DATASET\SteelDefectX\train_by_class\Inclusion\in_456.jpg
in_457,Inclusion,train,491,C:\Users\anmol\OneDrive\Desktop\Steel_Surface_Defect_NEU_DET-DATASET\SteelDefectX\train_by_class\Inclusion\in_457.jpg
in_460,Inclusion,train,495,C:\Users\anmol\OneDrive\Desktop\Steel_Surface_Defect_NEU_DET-DATASET\SteelDefectX\train_by_class\Inclusion\in_460.jpg
in_471,Inclusion,train,501,C:\Users\anmol\OneDrive\Desktop\Steel_Surface_Defect_NEU_DET-DATASET\SteelDefectX\train_by_class\Inclusion\in_471.jpg
in_472,Inclusion,train,502,C:\Users\anmol\OneDrive\Desktop\Steel_Surface_Defect_NEU_DET-DATASET\SteelDefectX\train_by_class\Inclusion\in_472.jpg
in_474,Inclusion,train,504,C:\Users\anmol\OneDrive\Desktop\Steel_Surface_Defect_NEU_DET-DATASET\SteelDefectX\train_by_class\Inclusion\in_474.jpg
in_476,Inclusion,train,505,C:\Users\anmol\OneDrive\Desktop\Steel_Surface_Defect_NEU_DET-DATASET\SteelDefectX\train_by_class\Inclusion\in_476.jpg
in_478,Inclusion,train,507,C:\Users\anmol\OneDrive\Desktop\Steel_Surface_Defect_NEU_DET-DATASET\SteelDefectX\train_by_class\Inclusion\in_478.jpg
in_479,Inclusion,train,508,C:\Users\anmol\OneDrive\Desktop\Steel_Surface_Defect_NEU_DET-DATASET\SteelDefectX\train_by_class\Inclusion\in_479.jpg
in_48,Inclusion,train,509,C:\Users\anmol\OneDrive\Desktop\Steel_Surface_Defect_NEU_DET-DATASET\SteelDefectX\train_by_class\Inclusion\in_48.jpg
in_481,Inclusion,train,510,C:\Users\anmol\OneDrive\Desktop\Steel_Surface_Defect_NEU_DET-DATASET\SteelDefectX\train_by_class\Inclusion\in_481.jpg
in_482,Inclusion,train,511,C:\Users\anmol\OneDrive\Desktop\Steel_Surface_Defect_NEU_DET-DATASET\SteelDefectX\train_by_class\Inclusion\in_482.jpg
in_484,Inclusion,train,512,C:\Users\anmol\OneDrive\Desktop\Steel_Surface_Defect_NEU_DET-DATASET\SteelDefectX\train_by_class\Inclusion\in_484.jpg
in_487,Inclusion,train,513,C:\Users\anmol\OneDrive\Desktop\Steel_Surface_Defect_NEU_DET-DATASET\SteelDefectX\train_by_class\Inclusion\in_487.jpg
in_49,Inclusion,train,514,C:\Users\anmol\OneDrive\Desktop\Steel_Surface_Defect_NEU_DET-DATASET\SteelDefectX\train_by_class\Inclusion\in_49.jpg
in_493,Inclusion,train,517,C:\Users\anmol\OneDrive\Desktop\Steel_Surface_Defect_NEU_DET-DATASET\SteelDefectX\train_by_class\Inclusion\in_493.jpg
in_494,Inclusion,train,518,C:\Users\anmol\OneDrive\Desktop\Steel_Surface_Defect_NEU_DET-DATASET\SteelDefectX\train_by_class\Inclusion\in_494.jpg
in_497,Inclusion,train,519,C:\Users\anmol\OneDrive\Desktop\Steel_Surface_Defect_NEU_DET-DATASET\SteelDefectX\train_by_class\Inclusion\in_497.jpg
in_498,Inclusion,train,520,C:\Users\anmol\OneDrive\Desktop\Steel_Surface_Defect_NEU_DET-DATASET\SteelDefectX\train_by_class\Inclusion\in_498.jpg
in_50,Inclusion,train,522,C:\Users\anmol\OneDrive\Desktop\Steel_Surface_Defect_NEU_DET-DATASET\SteelDefectX\train_by_class\Inclusion\in_50.jpg
in_503,Inclusion,train,523,C:\Users\anmol\OneDrive\Desktop\Steel_Surface_Defect_NEU_DET-DATASET\SteelDefectX\train_by_class\Inclusion\in_503.jpg
in_506,Inclusion,train,524,C:\Users\anmol\OneDrive\Desktop\Steel_Surface_Defect_NEU_DET-DATASET\SteelDefectX\train_by_class\Inclusion\in_506.jpg
in_508,Inclusion,train,525,C:\Users\anmol\OneDrive\Desktop\Steel_Surface_Defect_NEU_DET-DATASET\SteelDefectX\train_by_class\Inclusion\in_508.jpg
in_509,Inclusion,train,526,C:\Users\anmol\OneDrive\Desktop\Steel_Surface_Defect_NEU_DET-DATASET\SteelDefectX\train_by_class\Inclusion\in_509.jpg
in_51,Inclusion,train,527,C:\Users\anmol\OneDrive\Desktop\Steel_Surface_Defect_NEU_DET-DATASET\SteelDefectX\train_by_class\Inclusion\in_51.jpg
in_510,Inclusion,train,528,C:\Users\anmol\OneDrive\Desktop\Steel_Surface_Defect_NEU_DET-DATASET\SteelDefectX\train_by_class\Inclusion\in_510.jpg
in_513,Inclusion,train,529,C:\Users\anmol\OneDrive\Desktop\Steel_Surface_Defect_NEU_DET-DATASET\SteelDefectX\train_by_class\Inclusion\in_513.jpg
in_514,Inclusion,train,530,C:\Users\anmol\OneDrive\Desktop\Steel_Surface_Defect_NEU_DET-DATASET\SteelDefectX\train_by_class\Inclusion\in_514.jpg
in_515,Inclusion,train,531,C:\Users\anmol\OneDrive\Desktop\Steel_Surface_Defect_NEU_DET-DATASET\SteelDefectX\train_by_class\Inclusion\in_515.jpg
in_516,Inclusion,train,532,C:\Users\anmol\OneDrive\Desktop\Steel_Surface_Defect_NEU_DET-DATASET\SteelDefectX\train_by_class\Inclusion\in_516.jpg
in_517,Inclusion,train,533,C:\Users\anmol\OneDrive\Desktop\Steel_Surface_Defect_NEU_DET-DATASET\SteelDefectX\train_by_class\Inclusion\in_517.jpg
in_519,Inclusion,train,534,C:\Users\anmol\OneDrive\Desktop\Steel_Surface_Defect_NEU_DET-DATASET\SteelDefectX\train_by_class\Inclusion\in_519.jpg
in_521,Inclusion,train,535,C:\Users\anmol\OneDrive\Desktop\Steel_Surface_Defect_NEU_DET-DATASET\SteelDefectX\train_by_class\Inclusion\in_521.jpg
in_523,Inclusion,train,537,C:\Users\anmol\OneDrive\Desktop\Steel_Surface_Defect_NEU_DET-DATASET\SteelDefectX\train_by_class\Inclusion\in_523.jpg
in_526,Inclusion,train,538,C:\Users\anmol\OneDrive\Desktop\Steel_Surface_Defect_NEU_DET-DATASET\SteelDefectX\train_by_class\Inclusion\in_526.jpg
in_528,Inclusion,train,539,C:\Users\anmol\OneDrive\Desktop\Steel_Surface_Defect_NEU_DET-DATASET\SteelDefectX\train_by_class\Inclusion\in_528.jpg
in_529,Inclusion,train,540,C:\Users\anmol\OneDrive\Desktop\Steel_Surface_Defect_NEU_DET-DATASET\SteelDefectX\train_by_class\Inclusion\in_529.jpg
in_531,Inclusion,train,542,C:\Users\anmol\OneDrive\Desktop\Steel_Surface_Defect_NEU_DET-DATASET\SteelDefectX\train_by_class\Inclusion\in_531.jpg
in_532,Inclusion,train,543,C:\Users\anmol\OneDrive\Desktop\Steel_Surface_Defect_NEU_DET-DATASET\SteelDefectX\train_by_class\Inclusion\in_532.jpg
in_536,Inclusion,train,546,C:\Users\anmol\OneDrive\Desktop\Steel_Surface_Defect_NEU_DET-DATASET\SteelDefectX\train_by_class\Inclusion\in_536.jpg
in_537,Inclusion,train,547,C:\Users\anmol\OneDrive\Desktop\Steel_Surface_Defect_NEU_DET-DATASET\SteelDefectX\train_by_class\Inclusion\in_537.jpg
in_538,Inclusion,train,548,C:\Users\anmol\OneDrive\Desktop\Steel_Surface_Defect_NEU_DET-DATASET\SteelDefectX\train_by_class\Inclusion\in_538.jpg
in_540,Inclusion,train,550,C:\Users\anmol\OneDrive\Desktop\Steel_Surface_Defect_NEU_DET-DATASET\SteelDefectX\train_by_class\Inclusion\in_540.jpg
in_541,Inclusion,train,551,C:\Users\anmol\OneDrive\Desktop\Steel_Surface_Defect_NEU_DET-DATASET\SteelDefectX\train_by_class\Inclusion\in_541.jpg
in_542,Inclusion,train,552,C:\Users\anmol\OneDrive\Desktop\Steel_Surface_Defect_NEU_DET-DATASET\SteelDefectX\train_by_class\Inclusion\in_542.jpg
in_543,Inclusion,train,553,C:\Users\anmol\OneDrive\Desktop\Steel_Surface_Defect_NEU_DET-DATASET\SteelDefectX\train_by_class\Inclusion\in_543.jpg
in_547,Inclusion,train,554,C:\Users\anmol\OneDrive\Desktop\Steel_Surface_Defect_NEU_DET-DATASET\SteelDefectX\train_by_class\Inclusion\in_547.jpg
in_548,Inclusion,train,555,C:\Users\anmol\OneDrive\Desktop\Steel_Surface_Defect_NEU_DET-DATASET\SteelDefectX\train_by_class\Inclusion\in_548.jpg
in_549,Inclusion,train,556,C:\Users\anmol\OneDrive\Desktop\Steel_Surface_Defect_NEU_DET-DATASET\SteelDefectX\train_by_class\Inclusion\in_549.jpg
in_55,Inclusion,train,557,C:\Users\anmol\OneDrive\Desktop\Steel_Surface_Defect_NEU_DET-DATASET\SteelDefectX\train_by_class\Inclusion\in_55.jpg
in_552,Inclusion,train,559,C:\Users\anmol\OneDrive\Desktop\Steel_Surface_Defect_NEU_DET-DATASET\SteelDefectX\train_by_class\Inclusion\in_552.jpg
in_554,Inclusion,train,561,C:\Users\anmol\OneDrive\Desktop\Steel_Surface_Defect_NEU_DET-DATASET\SteelDefectX\train_by_class\Inclusion\in_554.jpg
in_559,Inclusion,train,564,C:\Users\anmol\OneDrive\Desktop\Steel_Surface_Defect_NEU_DET-DATASET\SteelDefectX\train_by_class\Inclusion\in_559.jpg
in_562,Inclusion,train,568,C:\Users\anmol\OneDrive\Desktop\Steel_Surface_Defect_NEU_DET-DATASET\SteelDefectX\train_by_class\Inclusion\in_562.jpg
in_563,Inclusion,train,569,C:\Users\anmol\OneDrive\Desktop\Steel_Surface_Defect_NEU_DET-DATASET\SteelDefectX\train_by_class\Inclusion\in_563.jpg
in_564,Inclusion,train,570,C:\Users\anmol\OneDrive\Desktop\Steel_Surface_Defect_NEU_DET-DATASET\SteelDefectX\train_by_class\Inclusion\in_564.jpg
in_566,Inclusion,train,571,C:\Users\anmol\OneDrive\Desktop\Steel_Surface_Defect_NEU_DET-DATASET\SteelDefectX\train_by_class\Inclusion\in_566.jpg
in_567,Inclusion,train,572,C:\Users\anmol\OneDrive\Desktop\Steel_Surface_Defect_NEU_DET-DATASET\SteelDefectX\train_by_class\Inclusion\in_567.jpg
in_568,Inclusion,train,573,C:\Users\anmol\OneDrive\Desktop\Steel_Surface_Defect_NEU_DET-DATASET\SteelDefectX\train_by_class\Inclusion\in_568.jpg
in_569,Inclusion,train,574,C:\Users\anmol\OneDrive\Desktop\Steel_Surface_Defect_NEU_DET-DATASET\SteelDefectX\train_by_class\Inclusion\in_569.jpg
in_57,Inclusion,train,575,C:\Users\anmol\OneDrive\Desktop\Steel_Surface_Defect_NEU_DET-DATASET\SteelDefectX\train_by_class\Inclusion\in_57.jpg
in_570,Inclusion,train,576,C:\Users\anmol\OneDrive\Desktop\Steel_Surface_Defect_NEU_DET-DATASET\SteelDefectX\train_by_class\Inclusion\in_570.jpg
in_571,Inclusion,train,577,C:\Users\anmol\OneDrive\Desktop\Steel_Surface_Defect_NEU_DET-DATASET\SteelDefectX\train_by_class\Inclusion\in_571.jpg
in_572,Inclusion,train,578,C:\Users\anmol\OneDrive\Desktop\Steel_Surface_Defect_NEU_DET-DATASET\SteelDefectX\train_by_class\Inclusion\in_572.jpg
in_574,Inclusion,train,579,C:\Users\anmol\OneDrive\Desktop\Steel_Surface_Defect_NEU_DET-DATASET\SteelDefectX\train_by_class\Inclusion\in_574.jpg
in_576,Inclusion,train,581,C:\Users\anmol\OneDrive\Desktop\Steel_Surface_Defect_NEU_DET-DATASET\SteelDefectX\train_by_class\Inclusion\in_576.jpg
in_578,Inclusion,train,583,C:\Users\anmol\OneDrive\Desktop\Steel_Surface_Defect_NEU_DET-DATASET\SteelDefectX\train_by_class\Inclusion\in_578.jpg
in_579,Inclusion,train,584,C:\Users\anmol\OneDrive\Desktop\Steel_Surface_Defect_NEU_DET-DATASET\SteelDefectX\train_by_class\Inclusion\in_579.jpg
in_580,Inclusion,train,585,C:\Users\anmol\OneDrive\Desktop\Steel_Surface_Defect_NEU_DET-DATASET\SteelDefectX\train_by_class\Inclusion\in_580.jpg
in_581,Inclusion,train,586,C:\Users\anmol\OneDrive\Desktop\Steel_Surface_Defect_NEU_DET-DATASET\SteelDefectX\train_by_class\Inclusion\in_581.jpg
in_582,Inclusion,train,587,C:\Users\anmol\OneDrive\Desktop\Steel_Surface_Defect_NEU_DET-DATASET\SteelDefectX\train_by_class\Inclusion\in_582.jpg
in_583,Inclusion,train,588,C:\Users\anmol\OneDrive\Desktop\Steel_Surface_Defect_NEU_DET-DATASET\SteelDefectX\train_by_class\Inclusion\in_583.jpg
in_588,Inclusion,train,591,C:\Users\anmol\OneDrive\Desktop\Steel_Surface_Defect_NEU_DET-DATASET\SteelDefectX\train_by_class\Inclusion\in_588.jpg
in_590,Inclusion,train,594,C:\Users\anmol\OneDrive\Desktop\Steel_Surface_Defect_NEU_DET-DATASET\SteelDefectX\train_by_class\Inclusion\in_590.jpg
in_591,Inclusion,train,595,C:\Users\anmol\OneDrive\Desktop\Steel_Surface_Defect_NEU_DET-DATASET\SteelDefectX\train_by_class\Inclusion\in_591.jpg
in_593,Inclusion,train,597,C:\Users\anmol\OneDrive\Desktop\Steel_Surface_Defect_NEU_DET-DATASET\SteelDefectX\train_by_class\Inclusion\in_593.jpg
in_595,Inclusion,train,598,C:\Users\anmol\OneDrive\Desktop\Steel_Surface_Defect_NEU_DET-DATASET\SteelDefectX\train_by_class\Inclusion\in_595.jpg
in_596,Inclusion,train,599,C:\Users\anmol\OneDrive\Desktop\Steel_Surface_Defect_NEU_DET-DATASET\SteelDefectX\train_by_class\Inclusion\in_596.jpg
in_597,Inclusion,train,600,C:\Users\anmol\OneDrive\Desktop\Steel_Surface_Defect_NEU_DET-DATASET\SteelDefectX\train_by_class\Inclusion\in_597.jpg
in_598,Inclusion,train,601,C:\Users\anmol\OneDrive\Desktop\Steel_Surface_Defect_NEU_DET-DATASET\SteelDefectX\train_by_class\Inclusion\in_598.jpg
in_600,Inclusion,train,602,C:\Users\anmol\OneDrive\Desktop\Steel_Surface_Defect_NEU_DET-DATASET\SteelDefectX\train_by_class\Inclusion\in_600.jpg
in_606,Inclusion,train,605,C:\Users\anmol\OneDrive\Desktop\Steel_Surface_Defect_NEU_DET-DATASET\SteelDefectX\train_by_class\Inclusion\in_606.jpg
in_607,Inclusion,train,606,C:\Users\anmol\OneDrive\Desktop\Steel_Surface_Defect_NEU_DET-DATASET\SteelDefectX\train_by_class\Inclusion\in_607.jpg
in_608,Inclusion,train,607,C:\Users\anmol\OneDrive\Desktop\Steel_Surface_Defect_NEU_DET-DATASET\SteelDefectX\train_by_class\Inclusion\in_608.jpg
in_61,Inclusion,train,608,C:\Users\anmol\OneDrive\Desktop\Steel_Surface_Defect_NEU_DET-DATASET\SteelDefectX\train_by_class\Inclusion\in_61.jpg
in_610,Inclusion,train,609,C:\Users\anmol\OneDrive\Desktop\Steel_Surface_Defect_NEU_DET-DATASET\SteelDefectX\train_by_class\Inclusion\in_610.jpg
in_611,Inclusion,train,610,C:\Users\anmol\OneDrive\Desktop\Steel_Surface_Defect_NEU_DET-DATASET\SteelDefectX\train_by_class\Inclusion\in_611.jpg
in_615,Inclusion,train,612,C:\Users\anmol\OneDrive\Desktop\Steel_Surface_Defect_NEU_DET-DATASET\SteelDefectX\train_by_class\Inclusion\in_615.jpg
in_617,Inclusion,train,614,C:\Users\anmol\OneDrive\Desktop\Steel_Surface_Defect_NEU_DET-DATASET\SteelDefectX\train_by_class\Inclusion\in_617.jpg
in_622,Inclusion,train,617,C:\Users\anmol\OneDrive\Desktop\Steel_Surface_Defect_NEU_DET-DATASET\SteelDefectX\train_by_class\Inclusion\in_622.jpg
in_625,Inclusion,train,618,C:\Users\anmol\OneDrive\Desktop\Steel_Surface_Defect_NEU_DET-DATASET\SteelDefectX\train_by_class\Inclusion\in_625.jpg
in_626,Inclusion,train,619,C:\Users\anmol\OneDrive\Desktop\Steel_Surface_Defect_NEU_DET-DATASET\SteelDefectX\train_by_class\Inclusion\in_626.jpg
in_628,Inclusion,train,621,C:\Users\anmol\OneDrive\Desktop\Steel_Surface_Defect_NEU_DET-DATASET\SteelDefectX\train_by_class\Inclusion\in_628.jpg
in_629,Inclusion,train,622,C:\Users\anmol\OneDrive\Desktop\Steel_Surface_Defect_NEU_DET-DATASET\SteelDefectX\train_by_class\Inclusion\in_629.jpg
in_631,Inclusion,train,623,C:\Users\anmol\OneDrive\Desktop\Steel_Surface_Defect_NEU_DET-DATASET\SteelDefectX\train_by_class\Inclusion\in_631.jpg
in_632,Inclusion,train,624,C:\Users\anmol\OneDrive\Desktop\Steel_Surface_Defect_NEU_DET-DATASET\SteelDefectX\train_by_class\Inclusion\in_632.jpg
in_633,Inclusion,train,625,C:\Users\anmol\OneDrive\Desktop\Steel_Surface_Defect_NEU_DET-DATASET\SteelDefectX\train_by_class\Inclusion\in_633.jpg
in_634,Inclusion,train,626,C:\Users\anmol\OneDrive\Desktop\Steel_Surface_Defect_NEU_DET-DATASET\SteelDefectX\train_by_class\Inclusion\in_634.jpg
in_635,Inclusion,train,627,C:\Users\anmol\OneDrive\Desktop\Steel_Surface_Defect_NEU_DET-DATASET\SteelDefectX\train_by_class\Inclusion\in_635.jpg
in_636,Inclusion,train,628,C:\Users\anmol\OneDrive\Desktop\Steel_Surface_Defect_NEU_DET-DATASET\SteelDefectX\train_by_class\Inclusion\in_636.jpg
in_638,Inclusion,train,629,C:\Users\anmol\OneDrive\Desktop\Steel_Surface_Defect_NEU_DET-DATASET\SteelDefectX\train_by_class\Inclusion\in_638.jpg
in_639,Inclusion,train,630,C:\Users\anmol\OneDrive\Desktop\Steel_Surface_Defect_NEU_DET-DATASET\SteelDefectX\train_by_class\Inclusion\in_639.jpg
in_641,Inclusion,train,632,C:\Users\anmol\OneDrive\Desktop\Steel_Surface_Defect_NEU_DET-DATASET\SteelDefectX\train_by_class\Inclusion\in_641.jpg
in_645,Inclusion,train,633,C:\Users\anmol\OneDrive\Desktop\Steel_Surface_Defect_NEU_DET-DATASET\SteelDefectX\train_by_class\Inclusion\in_645.jpg
in_646,Inclusion,train,634,C:\Users\anmol\OneDrive\Desktop\Steel_Surface_Defect_NEU_DET-DATASET\SteelDefectX\train_by_class\Inclusion\in_646.jpg
in_648,Inclusion,train,636,C:\Users\anmol\OneDrive\Desktop\Steel_Surface_Defect_NEU_DET-DATASET\SteelDefectX\train_by_class\Inclusion\in_648.jpg
in_649,Inclusion,train,637,C:\Users\anmol\OneDrive\Desktop\Steel_Surface_Defect_NEU_DET-DATASET\SteelDefectX\train_by_class\Inclusion\in_649.jpg
in_65,Inclusion,train,638,C:\Users\anmol\OneDrive\Desktop\Steel_Surface_Defect_NEU_DET-DATASET\SteelDefectX\train_by_class\Inclusion\in_65.jpg
in_650,Inclusion,train,639,C:\Users\anmol\OneDrive\Desktop\Steel_Surface_Defect_NEU_DET-DATASET\SteelDefectX\train_by_class\Inclusion\in_650.jpg
in_651,Inclusion,train,640,C:\Users\anmol\OneDrive\Desktop\Steel_Surface_Defect_NEU_DET-DATASET\SteelDefectX\train_by_class\Inclusion\in_651.jpg
in_653,Inclusion,train,641,C:\Users\anmol\OneDrive\Desktop\Steel_Surface_Defect_NEU_DET-DATASET\SteelDefectX\train_by_class\Inclusion\in_653.jpg
in_654,Inclusion,train,642,C:\Users\anmol\OneDrive\Desktop\Steel_Surface_Defect_NEU_DET-DATASET\SteelDefectX\train_by_class\Inclusion\in_654.jpg
in_655,Inclusion,train,643,C:\Users\anmol\OneDrive\Desktop\Steel_Surface_Defect_NEU_DET-DATASET\SteelDefectX\train_by_class\Inclusion\in_655.jpg
in_658,Inclusion,train,644,C:\Users\anmol\OneDrive\Desktop\Steel_Surface_Defect_NEU_DET-DATASET\SteelDefectX\train_by_class\Inclusion\in_658.jpg
in_659,Inclusion,train,645,C:\Users\anmol\OneDrive\Desktop\Steel_Surface_Defect_NEU_DET-DATASET\SteelDefectX\train_by_class\Inclusion\in_659.jpg
in_66,Inclusion,train,646,C:\Users\anmol\OneDrive\Desktop\Steel_Surface_Defect_NEU_DET-DATASET\SteelDefectX\train_by_class\Inclusion\in_66.jpg
in_660,Inclusion,train,647,C:\Users\anmol\OneDrive\Desktop\Steel_Surface_Defect_NEU_DET-DATASET\SteelDefectX\train_by_class\Inclusion\in_660.jpg
in_662,Inclusion,train,648,C:\Users\anmol\OneDrive\Desktop\Steel_Surface_Defect_NEU_DET-DATASET\SteelDefectX\train_by_class\Inclusion\in_662.jpg
in_665,Inclusion,train,650,C:\Users\anmol\OneDrive\Desktop\Steel_Surface_Defect_NEU_DET-DATASET\SteelDefectX\train_by_class\Inclusion\in_665.jpg
in_667,Inclusion,train,652,C:\Users\anmol\OneDrive\Desktop\Steel_Surface_Defect_NEU_DET-DATASET\SteelDefectX\train_by_class\Inclusion\in_667.jpg
in_669,Inclusion,train,654,C:\Users\anmol\OneDrive\Desktop\Steel_Surface_Defect_NEU_DET-DATASET\SteelDefectX\train_by_class\Inclusion\in_669.jpg
in_67,Inclusion,train,655,C:\Users\anmol\OneDrive\Desktop\Steel_Surface_Defect_NEU_DET-DATASET\SteelDefectX\train_by_class\Inclusion\in_67.jpg
in_670,Inclusion,train,656,C:\Users\anmol\OneDrive\Desktop\Steel_Surface_Defect_NEU_DET-DATASET\SteelDefectX\train_by_class\Inclusion\in_670.jpg
in_671,Inclusion,train,657,C:\Users\anmol\OneDrive\Desktop\Steel_Surface_Defect_NEU_DET-DATASET\SteelDefectX\train_by_class\Inclusion\in_671.jpg
in_677,Inclusion,train,661,C:\Users\anmol\OneDrive\Desktop\Steel_Surface_Defect_NEU_DET-DATASET\SteelDefectX\train_by_class\Inclusion\in_677.jpg
in_678,Inclusion,train,662,C:\Users\anmol\OneDrive\Desktop\Steel_Surface_Defect_NEU_DET-DATASET\SteelDefectX\train_by_class\Inclusion\in_678.jpg
in_68,Inclusion,train,663,C:\Users\anmol\OneDrive\Desktop\Steel_Surface_Defect_NEU_DET-DATASET\SteelDefectX\train_by_class\Inclusion\in_68.jpg
in_681,Inclusion,train,665,C:\Users\anmol\OneDrive\Desktop\Steel_Surface_Defect_NEU_DET-DATASET\SteelDefectX\train_by_class\Inclusion\in_681.jpg
in_682,Inclusion,train,666,C:\Users\anmol\OneDrive\Desktop\Steel_Surface_Defect_NEU_DET-DATASET\SteelDefectX\train_by_class\Inclusion\in_682.jpg
in_686,Inclusion,train,668,C:\Users\anmol\OneDrive\Desktop\Steel_Surface_Defect_NEU_DET-DATASET\SteelDefectX\train_by_class\Inclusion\in_686.jpg
in_687,Inclusion,train,669,C:\Users\anmol\OneDrive\Desktop\Steel_Surface_Defect_NEU_DET-DATASET\SteelDefectX\train_by_class\Inclusion\in_687.jpg
in_688,Inclusion,train,670,C:\Users\anmol\OneDrive\Desktop\Steel_Surface_Defect_NEU_DET-DATASET\SteelDefectX\train_by_class\Inclusion\in_688.jpg
in_69,Inclusion,train,671,C:\Users\anmol\OneDrive\Desktop\Steel_Surface_Defect_NEU_DET-DATASET\SteelDefectX\train_by_class\Inclusion\in_69.jpg
in_694,Inclusion,train,674,C:\Users\anmol\OneDrive\Desktop\Steel_Surface_Defect_NEU_DET-DATASET\SteelDefectX\train_by_class\Inclusion\in_694.jpg
in_695,Inclusion,train,675,C:\Users\anmol\OneDrive\Desktop\Steel_Surface_Defect_NEU_DET-DATASET\SteelDefectX\train_by_class\Inclusion\in_695.jpg
in_699,Inclusion,train,676,C:\Users\anmol\OneDrive\Desktop\Steel_Surface_Defect_NEU_DET-DATASET\SteelDefectX\train_by_class\Inclusion\in_699.jpg
in_701,Inclusion,train,679,C:\Users\anmol\OneDrive\Desktop\Steel_Surface_Defect_NEU_DET-DATASET\SteelDefectX\train_by_class\Inclusion\in_701.jpg
in_704,Inclusion,train,681,C:\Users\anmol\OneDrive\Desktop\Steel_Surface_Defect_NEU_DET-DATASET\SteelDefectX\train_by_class\Inclusion\in_704.jpg
in_706,Inclusion,train,682,C:\Users\anmol\OneDrive\Desktop\Steel_Surface_Defect_NEU_DET-DATASET\SteelDefectX\train_by_class\Inclusion\in_706.jpg
in_707,Inclusion,train,683,C:\Users\anmol\OneDrive\Desktop\Steel_Surface_Defect_NEU_DET-DATASET\SteelDefectX\train_by_class\Inclusion\in_707.jpg
in_708,Inclusion,train,684,C:\Users\anmol\OneDrive\Desktop\Steel_Surface_Defect_NEU_DET-DATASET\SteelDefectX\train_by_class\Inclusion\in_708.jpg
in_709,Inclusion,train,685,C:\Users\anmol\OneDrive\Desktop\Steel_Surface_Defect_NEU_DET-DATASET\SteelDefectX\train_by_class\Inclusion\in_709.jpg
in_711,Inclusion,train,687,C:\Users\anmol\OneDrive\Desktop\Steel_Surface_Defect_NEU_DET-DATASET\SteelDefectX\train_by_class\Inclusion\in_711.jpg
in_712,Inclusion,train,688,C:\Users\anmol\OneDrive\Desktop\Steel_Surface_Defect_NEU_DET-DATASET\SteelDefectX\train_by_class\Inclusion\in_712.jpg
in_713,Inclusion,train,689,C:\Users\anmol\OneDrive\Desktop\Steel_Surface_Defect_NEU_DET-DATASET\SteelDefectX\train_by_class\Inclusion\in_713.jpg
in_715,Inclusion,train,690,C:\Users\anmol\OneDrive\Desktop\Steel_Surface_Defect_NEU_DET-DATASET\SteelDefectX\train_by_class\Inclusion\in_715.jpg
in_719,Inclusion,train,692,C:\Users\anmol\OneDrive\Desktop\Steel_Surface_Defect_NEU_DET-DATASET\SteelDefectX\train_by_class\Inclusion\in_719.jpg
in_722,Inclusion,train,694,C:\Users\anmol\OneDrive\Desktop\Steel_Surface_Defect_NEU_DET-DATASET\SteelDefectX\train_by_class\Inclusion\in_722.jpg
in_727,Inclusion,train,697,C:\Users\anmol\OneDrive\Desktop\Steel_Surface_Defect_NEU_DET-DATASET\SteelDefectX\train_by_class\Inclusion\in_727.jpg
in_730,Inclusion,train,701,C:\Users\anmol\OneDrive\Desktop\Steel_Surface_Defect_NEU_DET-DATASET\SteelDefectX\train_by_class\Inclusion\in_730.jpg
in_731,Inclusion,train,702,C:\Users\anmol\OneDrive\Desktop\Steel_Surface_Defect_NEU_DET-DATASET\SteelDefectX\train_by_class\Inclusion\in_731.jpg
in_732,Inclusion,train,703,C:\Users\anmol\OneDrive\Desktop\Steel_Surface_Defect_NEU_DET-DATASET\SteelDefectX\train_by_class\Inclusion\in_732.jpg
in_734,Inclusion,train,704,C:\Users\anmol\OneDrive\Desktop\Steel_Surface_Defect_NEU_DET-DATASET\SteelDefectX\train_by_class\Inclusion\in_734.jpg
in_736,Inclusion,train,705,C:\Users\anmol\OneDrive\Desktop\Steel_Surface_Defect_NEU_DET-DATASET\SteelDefectX\train_by_class\Inclusion\in_736.jpg
in_741,Inclusion,train,707,C:\Users\anmol\OneDrive\Desktop\Steel_Surface_Defect_NEU_DET-DATASET\SteelDefectX\train_by_class\Inclusion\in_741.jpg
in_743,Inclusion,train,708,C:\Users\anmol\OneDrive\Desktop\Steel_Surface_Defect_NEU_DET-DATASET\SteelDefectX\train_by_class\Inclusion\in_743.jpg
in_745,Inclusion,train,709,C:\Users\anmol\OneDrive\Desktop\Steel_Surface_Defect_NEU_DET-DATASET\SteelDefectX\train_by_class\Inclusion\in_745.jpg
in_746,Inclusion,train,710,C:\Users\anmol\OneDrive\Desktop\Steel_Surface_Defect_NEU_DET-DATASET\SteelDefectX\train_by_class\Inclusion\in_746.jpg
in_748,Inclusion,train,712,C:\Users\anmol\OneDrive\Desktop\Steel_Surface_Defect_NEU_DET-DATASET\SteelDefectX\train_by_class\Inclusion\in_748.jpg
in_75,Inclusion,train,713,C:\Users\anmol\OneDrive\Desktop\Steel_Surface_Defect_NEU_DET-DATASET\SteelDefectX\train_by_class\Inclusion\in_75.jpg
in_751,Inclusion,train,715,C:\Users\anmol\OneDrive\Desktop\Steel_Surface_Defect_NEU_DET-DATASET\SteelDefectX\train_by_class\Inclusion\in_751.jpg
in_752,Inclusion,train,716,C:\Users\anmol\OneDrive\Desktop\Steel_Surface_Defect_NEU_DET-DATASET\SteelDefectX\train_by_class\Inclusion\in_752.jpg
in_755,Inclusion,train,718,C:\Users\anmol\OneDrive\Desktop\Steel_Surface_Defect_NEU_DET-DATASET\SteelDefectX\train_by_class\Inclusion\in_755.jpg
in_756,Inclusion,train,719,C:\Users\anmol\OneDrive\Desktop\Steel_Surface_Defect_NEU_DET-DATASET\SteelDefectX\train_by_class\Inclusion\in_756.jpg
in_76,Inclusion,train,721,C:\Users\anmol\OneDrive\Desktop\Steel_Surface_Defect_NEU_DET-DATASET\SteelDefectX\train_by_class\Inclusion\in_76.jpg
in_763,Inclusion,train,725,C:\Users\anmol\OneDrive\Desktop\Steel_Surface_Defect_NEU_DET-DATASET\SteelDefectX\train_by_class\Inclusion\in_763.jpg
in_767,Inclusion,train,726,C:\Users\anmol\OneDrive\Desktop\Steel_Surface_Defect_NEU_DET-DATASET\SteelDefectX\train_by_class\Inclusion\in_767.jpg
in_769,Inclusion,train,727,C:\Users\anmol\OneDrive\Desktop\Steel_Surface_Defect_NEU_DET-DATASET\SteelDefectX\train_by_class\Inclusion\in_769.jpg
in_771,Inclusion,train,729,C:\Users\anmol\OneDrive\Desktop\Steel_Surface_Defect_NEU_DET-DATASET\SteelDefectX\train_by_class\Inclusion\in_771.jpg
in_772,Inclusion,train,730,C:\Users\anmol\OneDrive\Desktop\Steel_Surface_Defect_NEU_DET-DATASET\SteelDefectX\train_by_class\Inclusion\in_772.jpg
in_774,Inclusion,train,731,C:\Users\anmol\OneDrive\Desktop\Steel_Surface_Defect_NEU_DET-DATASET\SteelDefectX\train_by_class\Inclusion\in_774.jpg
in_779,Inclusion,train,734,C:\Users\anmol\OneDrive\Desktop\Steel_Surface_Defect_NEU_DET-DATASET\SteelDefectX\train_by_class\Inclusion\in_779.jpg
in_78,Inclusion,train,735,C:\Users\anmol\OneDrive\Desktop\Steel_Surface_Defect_NEU_DET-DATASET\SteelDefectX\train_by_class\Inclusion\in_78.jpg
in_780,Inclusion,train,736,C:\Users\anmol\OneDrive\Desktop\Steel_Surface_Defect_NEU_DET-DATASET\SteelDefectX\train_by_class\Inclusion\in_780.jpg
in_781,Inclusion,train,737,C:\Users\anmol\OneDrive\Desktop\Steel_Surface_Defect_NEU_DET-DATASET\SteelDefectX\train_by_class\Inclusion\in_781.jpg
in_783,Inclusion,train,739,C:\Users\anmol\OneDrive\Desktop\Steel_Surface_Defect_NEU_DET-DATASET\SteelDefectX\train_by_class\Inclusion\in_783.jpg
in_784,Inclusion,train,740,C:\Users\anmol\OneDrive\Desktop\Steel_Surface_Defect_NEU_DET-DATASET\SteelDefectX\train_by_class\Inclusion\in_784.jpg
in_785,Inclusion,train,741,C:\Users\anmol\OneDrive\Desktop\Steel_Surface_Defect_NEU_DET-DATASET\SteelDefectX\train_by_class\Inclusion\in_785.jpg
in_786,Inclusion,train,742,C:\Users\anmol\OneDrive\Desktop\Steel_Surface_Defect_NEU_DET-DATASET\SteelDefectX\train_by_class\Inclusion\in_786.jpg
in_794,Inclusion,train,747,C:\Users\anmol\OneDrive\Desktop\Steel_Surface_Defect_NEU_DET-DATASET\SteelDefectX\train_by_class\Inclusion\in_794.jpg
in_80,Inclusion,train,748,C:\Users\anmol\OneDrive\Desktop\Steel_Surface_Defect_NEU_DET-DATASET\SteelDefectX\train_by_class\Inclusion\in_80.jpg
in_81,Inclusion,train,749,C:\Users\anmol\OneDrive\Desktop\Steel_Surface_Defect_NEU_DET-DATASET\SteelDefectX\train_by_class\Inclusion\in_81.jpg
in_82,Inclusion,train,750,C:\Users\anmol\OneDrive\Desktop\Steel_Surface_Defect_NEU_DET-DATASET\SteelDefectX\train_by_class\Inclusion\in_82.jpg
in_87,Inclusion,train,754,C:\Users\anmol\OneDrive\Desktop\Steel_Surface_Defect_NEU_DET-DATASET\SteelDefectX\train_by_class\Inclusion\in_87.jpg
in_88,Inclusion,train,755,C:\Users\anmol\OneDrive\Desktop\Steel_Surface_Defect_NEU_DET-DATASET\SteelDefectX\train_by_class\Inclusion\in_88.jpg
in_90,Inclusion,train,757,C:\Users\anmol\OneDrive\Desktop\Steel_Surface_Defect_NEU_DET-DATASET\SteelDefectX\train_by_class\Inclusion\in_90.jpg
in_91,Inclusion,train,758,C:\Users\anmol\OneDrive\Desktop\Steel_Surface_Defect_NEU_DET-DATASET\SteelDefectX\train_by_class\Inclusion\in_91.jpg
in_93,Inclusion,train,760,C:\Users\anmol\OneDrive\Desktop\Steel_Surface_Defect_NEU_DET-DATASET\SteelDefectX\train_by_class\Inclusion\in_93.jpg
in_95,Inclusion,train,762,C:\Users\anmol\OneDrive\Desktop\Steel_Surface_Defect_NEU_DET-DATASET\SteelDefectX\train_by_class\Inclusion\in_95.jpg
in_96,Inclusion,train,763,C:\Users\anmol\OneDrive\Desktop\Steel_Surface_Defect_NEU_DET-DATASET\SteelDefectX\train_by_class\Inclusion\in_96.jpg
in_99,Inclusion,train,766,C:\Users\anmol\OneDrive\Desktop\Steel_Surface_Defect_NEU_DET-DATASET\SteelDefectX\train_by_class\Inclusion\in_99.jpg
in_09,Inclusion,val,214,C:\Users\anmol\OneDrive\Desktop\Steel_Surface_Defect_NEU_DET-DATASET\SteelDefectX\train_by_class\Inclusion\in_09.jpg
in_102,Inclusion,val,217,C:\Users\anmol\OneDrive\Desktop\Steel_Surface_Defect_NEU_DET-DATASET\SteelDefectX\train_by_class\Inclusion\in_102.jpg
in_108,Inclusion,val,221,C:\Users\anmol\OneDrive\Desktop\Steel_Surface_Defect_NEU_DET-DATASET\SteelDefectX\train_by_class\Inclusion\in_108.jpg
in_171,Inclusion,val,268,C:\Users\anmol\OneDrive\Desktop\Steel_Surface_Defect_NEU_DET-DATASET\SteelDefectX\train_by_class\Inclusion\in_171.jpg
in_181,Inclusion,val,276,C:\Users\anmol\OneDrive\Desktop\Steel_Surface_Defect_NEU_DET-DATASET\SteelDefectX\train_by_class\Inclusion\in_181.jpg
in_196,Inclusion,val,289,C:\Users\anmol\OneDrive\Desktop\Steel_Surface_Defect_NEU_DET-DATASET\SteelDefectX\train_by_class\Inclusion\in_196.jpg
in_204,Inclusion,val,298,C:\Users\anmol\OneDrive\Desktop\Steel_Surface_Defect_NEU_DET-DATASET\SteelDefectX\train_by_class\Inclusion\in_204.jpg
in_235,Inclusion,val,317,C:\Users\anmol\OneDrive\Desktop\Steel_Surface_Defect_NEU_DET-DATASET\SteelDefectX\train_by_class\Inclusion\in_235.jpg
in_242,Inclusion,val,323,C:\Users\anmol\OneDrive\Desktop\Steel_Surface_Defect_NEU_DET-DATASET\SteelDefectX\train_by_class\Inclusion\in_242.jpg
in_269,Inclusion,val,344,C:\Users\anmol\OneDrive\Desktop\Steel_Surface_Defect_NEU_DET-DATASET\SteelDefectX\train_by_class\Inclusion\in_269.jpg
in_288,Inclusion,val,359,C:\Users\anmol\OneDrive\Desktop\Steel_Surface_Defect_NEU_DET-DATASET\SteelDefectX\train_by_class\Inclusion\in_288.jpg
in_302,Inclusion,val,371,C:\Users\anmol\OneDrive\Desktop\Steel_Surface_Defect_NEU_DET-DATASET\SteelDefectX\train_by_class\Inclusion\in_302.jpg
in_311,Inclusion,val,381,C:\Users\anmol\OneDrive\Desktop\Steel_Surface_Defect_NEU_DET-DATASET\SteelDefectX\train_by_class\Inclusion\in_311.jpg
in_313,Inclusion,val,383,C:\Users\anmol\OneDrive\Desktop\Steel_Surface_Defect_NEU_DET-DATASET\SteelDefectX\train_by_class\Inclusion\in_313.jpg
in_328,Inclusion,val,394,C:\Users\anmol\OneDrive\Desktop\Steel_Surface_Defect_NEU_DET-DATASET\SteelDefectX\train_by_class\Inclusion\in_328.jpg
in_336,Inclusion,val,400,C:\Users\anmol\OneDrive\Desktop\Steel_Surface_Defect_NEU_DET-DATASET\SteelDefectX\train_by_class\Inclusion\in_336.jpg
in_373,Inclusion,val,432,C:\Users\anmol\OneDrive\Desktop\Steel_Surface_Defect_NEU_DET-DATASET\SteelDefectX\train_by_class\Inclusion\in_373.jpg
in_382,Inclusion,val,437,C:\Users\anmol\OneDrive\Desktop\Steel_Surface_Defect_NEU_DET-DATASET\SteelDefectX\train_by_class\Inclusion\in_382.jpg
in_396,Inclusion,val,446,C:\Users\anmol\OneDrive\Desktop\Steel_Surface_Defect_NEU_DET-DATASET\SteelDefectX\train_by_class\Inclusion\in_396.jpg
in_441,Inclusion,val,480,C:\Users\anmol\OneDrive\Desktop\Steel_Surface_Defect_NEU_DET-DATASET\SteelDefectX\train_by_class\Inclusion\in_441.jpg
in_442,Inclusion,val,481,C:\Users\anmol\OneDrive\Desktop\Steel_Surface_Defect_NEU_DET-DATASET\SteelDefectX\train_by_class\Inclusion\in_442.jpg
in_447,Inclusion,val,484,C:\Users\anmol\OneDrive\Desktop\Steel_Surface_Defect_NEU_DET-DATASET\SteelDefectX\train_by_class\Inclusion\in_447.jpg
in_459,Inclusion,val,493,C:\Users\anmol\OneDrive\Desktop\Steel_Surface_Defect_NEU_DET-DATASET\SteelDefectX\train_by_class\Inclusion\in_459.jpg
in_46,Inclusion,val,494,C:\Users\anmol\OneDrive\Desktop\Steel_Surface_Defect_NEU_DET-DATASET\SteelDefectX\train_by_class\Inclusion\in_46.jpg
in_477,Inclusion,val,506,C:\Users\anmol\OneDrive\Desktop\Steel_Surface_Defect_NEU_DET-DATASET\SteelDefectX\train_by_class\Inclusion\in_477.jpg
in_490,Inclusion,val,515,C:\Users\anmol\OneDrive\Desktop\Steel_Surface_Defect_NEU_DET-DATASET\SteelDefectX\train_by_class\Inclusion\in_490.jpg
in_535,Inclusion,val,545,C:\Users\anmol\OneDrive\Desktop\Steel_Surface_Defect_NEU_DET-DATASET\SteelDefectX\train_by_class\Inclusion\in_535.jpg
in_553,Inclusion,val,560,C:\Users\anmol\OneDrive\Desktop\Steel_Surface_Defect_NEU_DET-DATASET\SteelDefectX\train_by_class\Inclusion\in_553.jpg
in_558,Inclusion,val,563,C:\Users\anmol\OneDrive\Desktop\Steel_Surface_Defect_NEU_DET-DATASET\SteelDefectX\train_by_class\Inclusion\in_558.jpg
in_560,Inclusion,val,566,C:\Users\anmol\OneDrive\Desktop\Steel_Surface_Defect_NEU_DET-DATASET\SteelDefectX\train_by_class\Inclusion\in_560.jpg
in_561,Inclusion,val,567,C:\Users\anmol\OneDrive\Desktop\Steel_Surface_Defect_NEU_DET-DATASET\SteelDefectX\train_by_class\Inclusion\in_561.jpg
in_575,Inclusion,val,580,C:\Users\anmol\OneDrive\Desktop\Steel_Surface_Defect_NEU_DET-DATASET\SteelDefectX\train_by_class\Inclusion\in_575.jpg
in_584,Inclusion,val,589,C:\Users\anmol\OneDrive\Desktop\Steel_Surface_Defect_NEU_DET-DATASET\SteelDefectX\train_by_class\Inclusion\in_584.jpg
in_59,Inclusion,val,593,C:\Users\anmol\OneDrive\Desktop\Steel_Surface_Defect_NEU_DET-DATASET\SteelDefectX\train_by_class\Inclusion\in_59.jpg
in_602,Inclusion,val,603,C:\Users\anmol\OneDrive\Desktop\Steel_Surface_Defect_NEU_DET-DATASET\SteelDefectX\train_by_class\Inclusion\in_602.jpg
in_613,Inclusion,val,611,C:\Users\anmol\OneDrive\Desktop\Steel_Surface_Defect_NEU_DET-DATASET\SteelDefectX\train_by_class\Inclusion\in_613.jpg
in_616,Inclusion,val,613,C:\Users\anmol\OneDrive\Desktop\Steel_Surface_Defect_NEU_DET-DATASET\SteelDefectX\train_by_class\Inclusion\in_616.jpg
in_619,Inclusion,val,615,C:\Users\anmol\OneDrive\Desktop\Steel_Surface_Defect_NEU_DET-DATASET\SteelDefectX\train_by_class\Inclusion\in_619.jpg
in_640,Inclusion,val,631,C:\Users\anmol\OneDrive\Desktop\Steel_Surface_Defect_NEU_DET-DATASET\SteelDefectX\train_by_class\Inclusion\in_640.jpg
in_664,Inclusion,val,649,C:\Users\anmol\OneDrive\Desktop\Steel_Surface_Defect_NEU_DET-DATASET\SteelDefectX\train_by_class\Inclusion\in_664.jpg
in_666,Inclusion,val,651,C:\Users\anmol\OneDrive\Desktop\Steel_Surface_Defect_NEU_DET-DATASET\SteelDefectX\train_by_class\Inclusion\in_666.jpg
in_672,Inclusion,val,658,C:\Users\anmol\OneDrive\Desktop\Steel_Surface_Defect_NEU_DET-DATASET\SteelDefectX\train_by_class\Inclusion\in_672.jpg
in_680,Inclusion,val,664,C:\Users\anmol\OneDrive\Desktop\Steel_Surface_Defect_NEU_DET-DATASET\SteelDefectX\train_by_class\Inclusion\in_680.jpg
in_684,Inclusion,val,667,C:\Users\anmol\OneDrive\Desktop\Steel_Surface_Defect_NEU_DET-DATASET\SteelDefectX\train_by_class\Inclusion\in_684.jpg
in_692,Inclusion,val,673,C:\Users\anmol\OneDrive\Desktop\Steel_Surface_Defect_NEU_DET-DATASET\SteelDefectX\train_by_class\Inclusion\in_692.jpg
in_703,Inclusion,val,680,C:\Users\anmol\OneDrive\Desktop\Steel_Surface_Defect_NEU_DET-DATASET\SteelDefectX\train_by_class\Inclusion\in_703.jpg
in_729,Inclusion,val,699,C:\Users\anmol\OneDrive\Desktop\Steel_Surface_Defect_NEU_DET-DATASET\SteelDefectX\train_by_class\Inclusion\in_729.jpg
in_754,Inclusion,val,717,C:\Users\anmol\OneDrive\Desktop\Steel_Surface_Defect_NEU_DET-DATASET\SteelDefectX\train_by_class\Inclusion\in_754.jpg
in_758,Inclusion,val,720,C:\Users\anmol\OneDrive\Desktop\Steel_Surface_Defect_NEU_DET-DATASET\SteelDefectX\train_by_class\Inclusion\in_758.jpg
in_761,Inclusion,val,723,C:\Users\anmol\OneDrive\Desktop\Steel_Surface_Defect_NEU_DET-DATASET\SteelDefectX\train_by_class\Inclusion\in_761.jpg
in_778,Inclusion,val,733,C:\Users\anmol\OneDrive\Desktop\Steel_Surface_Defect_NEU_DET-DATASET\SteelDefectX\train_by_class\Inclusion\in_778.jpg
in_788,Inclusion,val,743,C:\Users\anmol\OneDrive\Desktop\Steel_Surface_Defect_NEU_DET-DATASET\SteelDefectX\train_by_class\Inclusion\in_788.jpg
in_84,Inclusion,val,752,C:\Users\anmol\OneDrive\Desktop\Steel_Surface_Defect_NEU_DET-DATASET\SteelDefectX\train_by_class\Inclusion\in_84.jpg
in_85,Inclusion,val,753,C:\Users\anmol\OneDrive\Desktop\Steel_Surface_Defect_NEU_DET-DATASET\SteelDefectX\train_by_class\Inclusion\in_85.jpg
in_97,Inclusion,val,764,C:\Users\anmol\OneDrive\Desktop\Steel_Surface_Defect_NEU_DET-DATASET\SteelDefectX\train_by_class\Inclusion\in_97.jpg
in_98,Inclusion,val,765,C:\Users\anmol\OneDrive\Desktop\Steel_Surface_Defect_NEU_DET-DATASET\SteelDefectX\train_by_class\Inclusion\in_98.jpg
pa_05,Patches,test,770,C:\Users\anmol\OneDrive\Desktop\Steel_Surface_Defect_NEU_DET-DATASET\SteelDefectX\train_by_class\Patches\pa_05.jpg
pa_06,Patches,test,771,C:\Users\anmol\OneDrive\Desktop\Steel_Surface_Defect_NEU_DET-DATASET\SteelDefectX\train_by_class\Patches\pa_06.jpg
pa_114,Patches,test,786,C:\Users\anmol\OneDrive\Desktop\Steel_Surface_Defect_NEU_DET-DATASET\SteelDefectX\train_by_class\Patches\pa_114.jpg
pa_121,Patches,test,791,C:\Users\anmol\OneDrive\Desktop\Steel_Surface_Defect_NEU_DET-DATASET\SteelDefectX\train_by_class\Patches\pa_121.jpg
pa_128,Patches,test,794,C:\Users\anmol\OneDrive\Desktop\Steel_Surface_Defect_NEU_DET-DATASET\SteelDefectX\train_by_class\Patches\pa_128.jpg
pa_155,Patches,test,808,C:\Users\anmol\OneDrive\Desktop\Steel_Surface_Defect_NEU_DET-DATASET\SteelDefectX\train_by_class\Patches\pa_155.jpg
pa_159,Patches,test,812,C:\Users\anmol\OneDrive\Desktop\Steel_Surface_Defect_NEU_DET-DATASET\SteelDefectX\train_by_class\Patches\pa_159.jpg
pa_164,Patches,test,816,C:\Users\anmol\OneDrive\Desktop\Steel_Surface_Defect_NEU_DET-DATASET\SteelDefectX\train_by_class\Patches\pa_164.jpg
pa_171,Patches,test,821,C:\Users\anmol\OneDrive\Desktop\Steel_Surface_Defect_NEU_DET-DATASET\SteelDefectX\train_by_class\Patches\pa_171.jpg
pa_173,Patches,test,823,C:\Users\anmol\OneDrive\Desktop\Steel_Surface_Defect_NEU_DET-DATASET\SteelDefectX\train_by_class\Patches\pa_173.jpg
pa_184,Patches,test,829,C:\Users\anmol\OneDrive\Desktop\Steel_Surface_Defect_NEU_DET-DATASET\SteelDefectX\train_by_class\Patches\pa_184.jpg
pa_185,Patches,test,830,C:\Users\anmol\OneDrive\Desktop\Steel_Surface_Defect_NEU_DET-DATASET\SteelDefectX\train_by_class\Patches\pa_185.jpg
pa_187,Patches,test,832,C:\Users\anmol\OneDrive\Desktop\Steel_Surface_Defect_NEU_DET-DATASET\SteelDefectX\train_by_class\Patches\pa_187.jpg
pa_189,Patches,test,834,C:\Users\anmol\OneDrive\Desktop\Steel_Surface_Defect_NEU_DET-DATASET\SteelDefectX\train_by_class\Patches\pa_189.jpg
pa_190,Patches,test,835,C:\Users\anmol\OneDrive\Desktop\Steel_Surface_Defect_NEU_DET-DATASET\SteelDefectX\train_by_class\Patches\pa_190.jpg
pa_191,Patches,test,836,C:\Users\anmol\OneDrive\Desktop\Steel_Surface_Defect_NEU_DET-DATASET\SteelDefectX\train_by_class\Patches\pa_191.jpg
pa_203,Patches,test,846,C:\Users\anmol\OneDrive\Desktop\Steel_Surface_Defect_NEU_DET-DATASET\SteelDefectX\train_by_class\Patches\pa_203.jpg
pa_215,Patches,test,855,C:\Users\anmol\OneDrive\Desktop\Steel_Surface_Defect_NEU_DET-DATASET\SteelDefectX\train_by_class\Patches\pa_215.jpg
pa_216,Patches,test,856,C:\Users\anmol\OneDrive\Desktop\Steel_Surface_Defect_NEU_DET-DATASET\SteelDefectX\train_by_class\Patches\pa_216.jpg
pa_231,Patches,test,866,C:\Users\anmol\OneDrive\Desktop\Steel_Surface_Defect_NEU_DET-DATASET\SteelDefectX\train_by_class\Patches\pa_231.jpg
pa_235,Patches,test,869,C:\Users\anmol\OneDrive\Desktop\Steel_Surface_Defect_NEU_DET-DATASET\SteelDefectX\train_by_class\Patches\pa_235.jpg
pa_24,Patches,test,872,C:\Users\anmol\OneDrive\Desktop\Steel_Surface_Defect_NEU_DET-DATASET\SteelDefectX\train_by_class\Patches\pa_24.jpg
pa_248,Patches,test,878,C:\Users\anmol\OneDrive\Desktop\Steel_Surface_Defect_NEU_DET-DATASET\SteelDefectX\train_by_class\Patches\pa_248.jpg
pa_250,Patches,test,879,C:\Users\anmol\OneDrive\Desktop\Steel_Surface_Defect_NEU_DET-DATASET\SteelDefectX\train_by_class\Patches\pa_250.jpg
pa_253,Patches,test,882,C:\Users\anmol\OneDrive\Desktop\Steel_Surface_Defect_NEU_DET-DATASET\SteelDefectX\train_by_class\Patches\pa_253.jpg
pa_256,Patches,test,884,C:\Users\anmol\OneDrive\Desktop\Steel_Surface_Defect_NEU_DET-DATASET\SteelDefectX\train_by_class\Patches\pa_256.jpg
pa_257,Patches,test,885,C:\Users\anmol\OneDrive\Desktop\Steel_Surface_Defect_NEU_DET-DATASET\SteelDefectX\train_by_class\Patches\pa_257.jpg
pa_258,Patches,test,886,C:\Users\anmol\OneDrive\Desktop\Steel_Surface_Defect_NEU_DET-DATASET\SteelDefectX\train_by_class\Patches\pa_258.jpg
pa_272,Patches,test,899,C:\Users\anmol\OneDrive\Desktop\Steel_Surface_Defect_NEU_DET-DATASET\SteelDefectX\train_by_class\Patches\pa_272.jpg
pa_282,Patches,test,904,C:\Users\anmol\OneDrive\Desktop\Steel_Surface_Defect_NEU_DET-DATASET\SteelDefectX\train_by_class\Patches\pa_282.jpg
pa_284,Patches,test,906,C:\Users\anmol\OneDrive\Desktop\Steel_Surface_Defect_NEU_DET-DATASET\SteelDefectX\train_by_class\Patches\pa_284.jpg
pa_285,Patches,test,907,C:\Users\anmol\OneDrive\Desktop\Steel_Surface_Defect_NEU_DET-DATASET\SteelDefectX\train_by_class\Patches\pa_285.jpg
pa_29,Patches,test,911,C:\Users\anmol\OneDrive\Desktop\Steel_Surface_Defect_NEU_DET-DATASET\SteelDefectX\train_by_class\Patches\pa_29.jpg
pa_32,Patches,test,921,C:\Users\anmol\OneDrive\Desktop\Steel_Surface_Defect_NEU_DET-DATASET\SteelDefectX\train_by_class\Patches\pa_32.jpg
pa_43,Patches,test,928,C:\Users\anmol\OneDrive\Desktop\Steel_Surface_Defect_NEU_DET-DATASET\SteelDefectX\train_by_class\Patches\pa_43.jpg
pa_49,Patches,test,932,C:\Users\anmol\OneDrive\Desktop\Steel_Surface_Defect_NEU_DET-DATASET\SteelDefectX\train_by_class\Patches\pa_49.jpg
pa_56,Patches,test,938,C:\Users\anmol\OneDrive\Desktop\Steel_Surface_Defect_NEU_DET-DATASET\SteelDefectX\train_by_class\Patches\pa_56.jpg
pa_66,Patches,test,948,C:\Users\anmol\OneDrive\Desktop\Steel_Surface_Defect_NEU_DET-DATASET\SteelDefectX\train_by_class\Patches\pa_66.jpg
pa_70,Patches,test,952,C:\Users\anmol\OneDrive\Desktop\Steel_Surface_Defect_NEU_DET-DATASET\SteelDefectX\train_by_class\Patches\pa_70.jpg
pa_72,Patches,test,953,C:\Users\anmol\OneDrive\Desktop\Steel_Surface_Defect_NEU_DET-DATASET\SteelDefectX\train_by_class\Patches\pa_72.jpg
pa_83,Patches,test,963,C:\Users\anmol\OneDrive\Desktop\Steel_Surface_Defect_NEU_DET-DATASET\SteelDefectX\train_by_class\Patches\pa_83.jpg
pa_92,Patches,test,971,C:\Users\anmol\OneDrive\Desktop\Steel_Surface_Defect_NEU_DET-DATASET\SteelDefectX\train_by_class\Patches\pa_92.jpg
pa_01,Patches,train,767,C:\Users\anmol\OneDrive\Desktop\Steel_Surface_Defect_NEU_DET-DATASET\SteelDefectX\train_by_class\Patches\pa_01.jpg
pa_02,Patches,train,768,C:\Users\anmol\OneDrive\Desktop\Steel_Surface_Defect_NEU_DET-DATASET\SteelDefectX\train_by_class\Patches\pa_02.jpg
pa_04,Patches,train,769,C:\Users\anmol\OneDrive\Desktop\Steel_Surface_Defect_NEU_DET-DATASET\SteelDefectX\train_by_class\Patches\pa_04.jpg
pa_07,Patches,train,772,C:\Users\anmol\OneDrive\Desktop\Steel_Surface_Defect_NEU_DET-DATASET\SteelDefectX\train_by_class\Patches\pa_07.jpg
pa_101,Patches,train,773,C:\Users\anmol\OneDrive\Desktop\Steel_Surface_Defect_NEU_DET-DATASET\SteelDefectX\train_by_class\Patches\pa_101.jpg
pa_102,Patches,train,774,C:\Users\anmol\OneDrive\Desktop\Steel_Surface_Defect_NEU_DET-DATASET\SteelDefectX\train_by_class\Patches\pa_102.jpg
pa_103,Patches,train,775,C:\Users\anmol\OneDrive\Desktop\Steel_Surface_Defect_NEU_DET-DATASET\SteelDefectX\train_by_class\Patches\pa_103.jpg
pa_104,Patches,train,776,C:\Users\anmol\OneDrive\Desktop\Steel_Surface_Defect_NEU_DET-DATASET\SteelDefectX\train_by_class\Patches\pa_104.jpg
pa_105,Patches,train,777,C:\Users\anmol\OneDrive\Desktop\Steel_Surface_Defect_NEU_DET-DATASET\SteelDefectX\train_by_class\Patches\pa_105.jpg
pa_106,Patches,train,778,C:\Users\anmol\OneDrive\Desktop\Steel_Surface_Defect_NEU_DET-DATASET\SteelDefectX\train_by_class\Patches\pa_106.jpg
pa_107,Patches,train,779,C:\Users\anmol\OneDrive\Desktop\Steel_Surface_Defect_NEU_DET-DATASET\SteelDefectX\train_by_class\Patches\pa_107.jpg
pa_11,Patches,train,781,C:\Users\anmol\OneDrive\Desktop\Steel_Surface_Defect_NEU_DET-DATASET\SteelDefectX\train_by_class\Patches\pa_11.jpg
pa_111,Patches,train,783,C:\Users\anmol\OneDrive\Desktop\Steel_Surface_Defect_NEU_DET-DATASET\SteelDefectX\train_by_class\Patches\pa_111.jpg
pa_112,Patches,train,784,C:\Users\anmol\OneDrive\Desktop\Steel_Surface_Defect_NEU_DET-DATASET\SteelDefectX\train_by_class\Patches\pa_112.jpg
pa_113,Patches,train,785,C:\Users\anmol\OneDrive\Desktop\Steel_Surface_Defect_NEU_DET-DATASET\SteelDefectX\train_by_class\Patches\pa_113.jpg
pa_116,Patches,train,787,C:\Users\anmol\OneDrive\Desktop\Steel_Surface_Defect_NEU_DET-DATASET\SteelDefectX\train_by_class\Patches\pa_116.jpg
pa_12,Patches,train,789,C:\Users\anmol\OneDrive\Desktop\Steel_Surface_Defect_NEU_DET-DATASET\SteelDefectX\train_by_class\Patches\pa_12.jpg
pa_120,Patches,train,790,C:\Users\anmol\OneDrive\Desktop\Steel_Surface_Defect_NEU_DET-DATASET\SteelDefectX\train_by_class\Patches\pa_120.jpg
pa_123,Patches,train,792,C:\Users\anmol\OneDrive\Desktop\Steel_Surface_Defect_NEU_DET-DATASET\SteelDefectX\train_by_class\Patches\pa_123.jpg
pa_135,Patches,train,795,C:\Users\anmol\OneDrive\Desktop\Steel_Surface_Defect_NEU_DET-DATASET\SteelDefectX\train_by_class\Patches\pa_135.jpg
pa_137,Patches,train,796,C:\Users\anmol\OneDrive\Desktop\Steel_Surface_Defect_NEU_DET-DATASET\SteelDefectX\train_by_class\Patches\pa_137.jpg
pa_139,Patches,train,797,C:\Users\anmol\OneDrive\Desktop\Steel_Surface_Defect_NEU_DET-DATASET\SteelDefectX\train_by_class\Patches\pa_139.jpg
pa_14,Patches,train,798,C:\Users\anmol\OneDrive\Desktop\Steel_Surface_Defect_NEU_DET-DATASET\SteelDefectX\train_by_class\Patches\pa_14.jpg
pa_140,Patches,train,799,C:\Users\anmol\OneDrive\Desktop\Steel_Surface_Defect_NEU_DET-DATASET\SteelDefectX\train_by_class\Patches\pa_140.jpg
pa_141,Patches,train,800,C:\Users\anmol\OneDrive\Desktop\Steel_Surface_Defect_NEU_DET-DATASET\SteelDefectX\train_by_class\Patches\pa_141.jpg
pa_142,Patches,train,801,C:\Users\anmol\OneDrive\Desktop\Steel_Surface_Defect_NEU_DET-DATASET\SteelDefectX\train_by_class\Patches\pa_142.jpg
pa_143,Patches,train,802,C:\Users\anmol\OneDrive\Desktop\Steel_Surface_Defect_NEU_DET-DATASET\SteelDefectX\train_by_class\Patches\pa_143.jpg
pa_144,Patches,train,803,C:\Users\anmol\OneDrive\Desktop\Steel_Surface_Defect_NEU_DET-DATASET\SteelDefectX\train_by_class\Patches\pa_144.jpg
pa_145,Patches,train,804,C:\Users\anmol\OneDrive\Desktop\Steel_Surface_Defect_NEU_DET-DATASET\SteelDefectX\train_by_class\Patches\pa_145.jpg
pa_15,Patches,train,806,C:\Users\anmol\OneDrive\Desktop\Steel_Surface_Defect_NEU_DET-DATASET\SteelDefectX\train_by_class\Patches\pa_15.jpg
pa_154,Patches,train,807,C:\Users\anmol\OneDrive\Desktop\Steel_Surface_Defect_NEU_DET-DATASET\SteelDefectX\train_by_class\Patches\pa_154.jpg
pa_16,Patches,train,813,C:\Users\anmol\OneDrive\Desktop\Steel_Surface_Defect_NEU_DET-DATASET\SteelDefectX\train_by_class\Patches\pa_16.jpg
pa_162,Patches,train,814,C:\Users\anmol\OneDrive\Desktop\Steel_Surface_Defect_NEU_DET-DATASET\SteelDefectX\train_by_class\Patches\pa_162.jpg
pa_163,Patches,train,815,C:\Users\anmol\OneDrive\Desktop\Steel_Surface_Defect_NEU_DET-DATASET\SteelDefectX\train_by_class\Patches\pa_163.jpg
pa_165,Patches,train,817,C:\Users\anmol\OneDrive\Desktop\Steel_Surface_Defect_NEU_DET-DATASET\SteelDefectX\train_by_class\Patches\pa_165.jpg
pa_168,Patches,train,818,C:\Users\anmol\OneDrive\Desktop\Steel_Surface_Defect_NEU_DET-DATASET\SteelDefectX\train_by_class\Patches\pa_168.jpg
pa_17,Patches,train,819,C:\Users\anmol\OneDrive\Desktop\Steel_Surface_Defect_NEU_DET-DATASET\SteelDefectX\train_by_class\Patches\pa_17.jpg
pa_172,Patches,train,822,C:\Users\anmol\OneDrive\Desktop\Steel_Surface_Defect_NEU_DET-DATASET\SteelDefectX\train_by_class\Patches\pa_172.jpg
pa_175,Patches,train,824,C:\Users\anmol\OneDrive\Desktop\Steel_Surface_Defect_NEU_DET-DATASET\SteelDefectX\train_by_class\Patches\pa_175.jpg
pa_178,Patches,train,825,C:\Users\anmol\OneDrive\Desktop\Steel_Surface_Defect_NEU_DET-DATASET\SteelDefectX\train_by_class\Patches\pa_178.jpg
pa_179,Patches,train,826,C:\Users\anmol\OneDrive\Desktop\Steel_Surface_Defect_NEU_DET-DATASET\SteelDefectX\train_by_class\Patches\pa_179.jpg
pa_181,Patches,train,827,C:\Users\anmol\OneDrive\Desktop\Steel_Surface_Defect_NEU_DET-DATASET\SteelDefectX\train_by_class\Patches\pa_181.jpg
pa_182,Patches,train,828,C:\Users\anmol\OneDrive\Desktop\Steel_Surface_Defect_NEU_DET-DATASET\SteelDefectX\train_by_class\Patches\pa_182.jpg
pa_186,Patches,train,831,C:\Users\anmol\OneDrive\Desktop\Steel_Surface_Defect_NEU_DET-DATASET\SteelDefectX\train_by_class\Patches\pa_186.jpg
pa_188,Patches,train,833,C:\Users\anmol\OneDrive\Desktop\Steel_Surface_Defect_NEU_DET-DATASET\SteelDefectX\train_by_class\Patches\pa_188.jpg
pa_192,Patches,train,837,C:\Users\anmol\OneDrive\Desktop\Steel_Surface_Defect_NEU_DET-DATASET\SteelDefectX\train_by_class\Patches\pa_192.jpg
pa_193,Patches,train,838,C:\Users\anmol\OneDrive\Desktop\Steel_Surface_Defect_NEU_DET-DATASET\SteelDefectX\train_by_class\Patches\pa_193.jpg
pa_195,Patches,train,839,C:\Users\anmol\OneDrive\Desktop\Steel_Surface_Defect_NEU_DET-DATASET\SteelDefectX\train_by_class\Patches\pa_195.jpg
pa_196,Patches,train,840,C:\Users\anmol\OneDrive\Desktop\Steel_Surface_Defect_NEU_DET-DATASET\SteelDefectX\train_by_class\Patches\pa_196.jpg
pa_197,Patches,train,841,C:\Users\anmol\OneDrive\Desktop\Steel_Surface_Defect_NEU_DET-DATASET\SteelDefectX\train_by_class\Patches\pa_197.jpg
pa_198,Patches,train,842,C:\Users\anmol\OneDrive\Desktop\Steel_Surface_Defect_NEU_DET-DATASET\SteelDefectX\train_by_class\Patches\pa_198.jpg
pa_200,Patches,train,843,C:\Users\anmol\OneDrive\Desktop\Steel_Surface_Defect_NEU_DET-DATASET\SteelDefectX\train_by_class\Patches\pa_200.jpg
pa_201,Patches,train,844,C:\Users\anmol\OneDrive\Desktop\Steel_Surface_Defect_NEU_DET-DATASET\SteelDefectX\train_by_class\Patches\pa_201.jpg
pa_206,Patches,train,847,C:\Users\anmol\OneDrive\Desktop\Steel_Surface_Defect_NEU_DET-DATASET\SteelDefectX\train_by_class\Patches\pa_206.jpg
pa_207,Patches,train,848,C:\Users\anmol\OneDrive\Desktop\Steel_Surface_Defect_NEU_DET-DATASET\SteelDefectX\train_by_class\Patches\pa_207.jpg
pa_208,Patches,train,849,C:\Users\anmol\OneDrive\Desktop\Steel_Surface_Defect_NEU_DET-DATASET\SteelDefectX\train_by_class\Patches\pa_208.jpg
pa_209,Patches,train,850,C:\Users\anmol\OneDrive\Desktop\Steel_Surface_Defect_NEU_DET-DATASET\SteelDefectX\train_by_class\Patches\pa_209.jpg
pa_21,Patches,train,851,C:\Users\anmol\OneDrive\Desktop\Steel_Surface_Defect_NEU_DET-DATASET\SteelDefectX\train_by_class\Patches\pa_21.jpg
pa_212,Patches,train,852,C:\Users\anmol\OneDrive\Desktop\Steel_Surface_Defect_NEU_DET-DATASET\SteelDefectX\train_by_class\Patches\pa_212.jpg
pa_213,Patches,train,853,C:\Users\anmol\OneDrive\Desktop\Steel_Surface_Defect_NEU_DET-DATASET\SteelDefectX\train_by_class\Patches\pa_213.jpg
pa_214,Patches,train,854,C:\Users\anmol\OneDrive\Desktop\Steel_Surface_Defect_NEU_DET-DATASET\SteelDefectX\train_by_class\Patches\pa_214.jpg
pa_217,Patches,train,857,C:\Users\anmol\OneDrive\Desktop\Steel_Surface_Defect_NEU_DET-DATASET\SteelDefectX\train_by_class\Patches\pa_217.jpg
pa_218,Patches,train,858,C:\Users\anmol\OneDrive\Desktop\Steel_Surface_Defect_NEU_DET-DATASET\SteelDefectX\train_by_class\Patches\pa_218.jpg
pa_221,Patches,train,859,C:\Users\anmol\OneDrive\Desktop\Steel_Surface_Defect_NEU_DET-DATASET\SteelDefectX\train_by_class\Patches\pa_221.jpg
pa_222,Patches,train,860,C:\Users\anmol\OneDrive\Desktop\Steel_Surface_Defect_NEU_DET-DATASET\SteelDefectX\train_by_class\Patches\pa_222.jpg
pa_223,Patches,train,861,C:\Users\anmol\OneDrive\Desktop\Steel_Surface_Defect_NEU_DET-DATASET\SteelDefectX\train_by_class\Patches\pa_223.jpg
pa_224,Patches,train,862,C:\Users\anmol\OneDrive\Desktop\Steel_Surface_Defect_NEU_DET-DATASET\SteelDefectX\train_by_class\Patches\pa_224.jpg
pa_225,Patches,train,863,C:\Users\anmol\OneDrive\Desktop\Steel_Surface_Defect_NEU_DET-DATASET\SteelDefectX\train_by_class\Patches\pa_225.jpg
pa_226,Patches,train,864,C:\Users\anmol\OneDrive\Desktop\Steel_Surface_Defect_NEU_DET-DATASET\SteelDefectX\train_by_class\Patches\pa_226.jpg
pa_23,Patches,train,865,C:\Users\anmol\OneDrive\Desktop\Steel_Surface_Defect_NEU_DET-DATASET\SteelDefectX\train_by_class\Patches\pa_23.jpg
pa_232,Patches,train,867,C:\Users\anmol\OneDrive\Desktop\Steel_Surface_Defect_NEU_DET-DATASET\SteelDefectX\train_by_class\Patches\pa_232.jpg
pa_233,Patches,train,868,C:\Users\anmol\OneDrive\Desktop\Steel_Surface_Defect_NEU_DET-DATASET\SteelDefectX\train_by_class\Patches\pa_233.jpg
pa_236,Patches,train,870,C:\Users\anmol\OneDrive\Desktop\Steel_Surface_Defect_NEU_DET-DATASET\SteelDefectX\train_by_class\Patches\pa_236.jpg
pa_237,Patches,train,871,C:\Users\anmol\OneDrive\Desktop\Steel_Surface_Defect_NEU_DET-DATASET\SteelDefectX\train_by_class\Patches\pa_237.jpg
pa_240,Patches,train,873,C:\Users\anmol\OneDrive\Desktop\Steel_Surface_Defect_NEU_DET-DATASET\SteelDefectX\train_by_class\Patches\pa_240.jpg
pa_241,Patches,train,874,C:\Users\anmol\OneDrive\Desktop\Steel_Surface_Defect_NEU_DET-DATASET\SteelDefectX\train_by_class\Patches\pa_241.jpg
pa_243,Patches,train,875,C:\Users\anmol\OneDrive\Desktop\Steel_Surface_Defect_NEU_DET-DATASET\SteelDefectX\train_by_class\Patches\pa_243.jpg
pa_244,Patches,train,876,C:\Users\anmol\OneDrive\Desktop\Steel_Surface_Defect_NEU_DET-DATASET\SteelDefectX\train_by_class\Patches\pa_244.jpg
pa_246,Patches,train,877,C:\Users\anmol\OneDrive\Desktop\Steel_Surface_Defect_NEU_DET-DATASET\SteelDefectX\train_by_class\Patches\pa_246.jpg
pa_252,Patches,train,881,C:\Users\anmol\OneDrive\Desktop\Steel_Surface_Defect_NEU_DET-DATASET\SteelDefectX\train_by_class\Patches\pa_252.jpg
pa_255,Patches,train,883,C:\Users\anmol\OneDrive\Desktop\Steel_Surface_Defect_NEU_DET-DATASET\SteelDefectX\train_by_class\Patches\pa_255.jpg
pa_259,Patches,train,887,C:\Users\anmol\OneDrive\Desktop\Steel_Surface_Defect_NEU_DET-DATASET\SteelDefectX\train_by_class\Patches\pa_259.jpg
pa_26,Patches,train,888,C:\Users\anmol\OneDrive\Desktop\Steel_Surface_Defect_NEU_DET-DATASET\SteelDefectX\train_by_class\Patches\pa_26.jpg
pa_260,Patches,train,889,C:\Users\anmol\OneDrive\Desktop\Steel_Surface_Defect_NEU_DET-DATASET\SteelDefectX\train_by_class\Patches\pa_260.jpg
pa_261,Patches,train,890,C:\Users\anmol\OneDrive\Desktop\Steel_Surface_Defect_NEU_DET-DATASET\SteelDefectX\train_by_class\Patches\pa_261.jpg
pa_262,Patches,train,891,C:\Users\anmol\OneDrive\Desktop\Steel_Surface_Defect_NEU_DET-DATASET\SteelDefectX\train_by_class\Patches\pa_262.jpg
pa_266,Patches,train,894,C:\Users\anmol\OneDrive\Desktop\Steel_Surface_Defect_NEU_DET-DATASET\SteelDefectX\train_by_class\Patches\pa_266.jpg
pa_269,Patches,train,895,C:\Users\anmol\OneDrive\Desktop\Steel_Surface_Defect_NEU_DET-DATASET\SteelDefectX\train_by_class\Patches\pa_269.jpg
pa_27,Patches,train,896,C:\Users\anmol\OneDrive\Desktop\Steel_Surface_Defect_NEU_DET-DATASET\SteelDefectX\train_by_class\Patches\pa_27.jpg
pa_270,Patches,train,897,C:\Users\anmol\OneDrive\Desktop\Steel_Surface_Defect_NEU_DET-DATASET\SteelDefectX\train_by_class\Patches\pa_270.jpg
pa_271,Patches,train,898,C:\Users\anmol\OneDrive\Desktop\Steel_Surface_Defect_NEU_DET-DATASET\SteelDefectX\train_by_class\Patches\pa_271.jpg
pa_274,Patches,train,900,C:\Users\anmol\OneDrive\Desktop\Steel_Surface_Defect_NEU_DET-DATASET\SteelDefectX\train_by_class\Patches\pa_274.jpg
pa_275,Patches,train,901,C:\Users\anmol\OneDrive\Desktop\Steel_Surface_Defect_NEU_DET-DATASET\SteelDefectX\train_by_class\Patches\pa_275.jpg
pa_277,Patches,train,902,C:\Users\anmol\OneDrive\Desktop\Steel_Surface_Defect_NEU_DET-DATASET\SteelDefectX\train_by_class\Patches\pa_277.jpg
pa_28,Patches,train,903,C:\Users\anmol\OneDrive\Desktop\Steel_Surface_Defect_NEU_DET-DATASET\SteelDefectX\train_by_class\Patches\pa_28.jpg
pa_283,Patches,train,905,C:\Users\anmol\OneDrive\Desktop\Steel_Surface_Defect_NEU_DET-DATASET\SteelDefectX\train_by_class\Patches\pa_283.jpg
pa_286,Patches,train,908,C:\Users\anmol\OneDrive\Desktop\Steel_Surface_Defect_NEU_DET-DATASET\SteelDefectX\train_by_class\Patches\pa_286.jpg
pa_287,Patches,train,909,C:\Users\anmol\OneDrive\Desktop\Steel_Surface_Defect_NEU_DET-DATASET\SteelDefectX\train_by_class\Patches\pa_287.jpg
pa_288,Patches,train,910,C:\Users\anmol\OneDrive\Desktop\Steel_Surface_Defect_NEU_DET-DATASET\SteelDefectX\train_by_class\Patches\pa_288.jpg
pa_290,Patches,train,912,C:\Users\anmol\OneDrive\Desktop\Steel_Surface_Defect_NEU_DET-DATASET\SteelDefectX\train_by_class\Patches\pa_290.jpg
pa_292,Patches,train,913,C:\Users\anmol\OneDrive\Desktop\Steel_Surface_Defect_NEU_DET-DATASET\SteelDefectX\train_by_class\Patches\pa_292.jpg
pa_293,Patches,train,914,C:\Users\anmol\OneDrive\Desktop\Steel_Surface_Defect_NEU_DET-DATASET\SteelDefectX\train_by_class\Patches\pa_293.jpg
pa_295,Patches,train,915,C:\Users\anmol\OneDrive\Desktop\Steel_Surface_Defect_NEU_DET-DATASET\SteelDefectX\train_by_class\Patches\pa_295.jpg
pa_299,Patches,train,918,C:\Users\anmol\OneDrive\Desktop\Steel_Surface_Defect_NEU_DET-DATASET\SteelDefectX\train_by_class\Patches\pa_299.jpg
pa_30,Patches,train,919,C:\Users\anmol\OneDrive\Desktop\Steel_Surface_Defect_NEU_DET-DATASET\SteelDefectX\train_by_class\Patches\pa_30.jpg
pa_31,Patches,train,920,C:\Users\anmol\OneDrive\Desktop\Steel_Surface_Defect_NEU_DET-DATASET\SteelDefectX\train_by_class\Patches\pa_31.jpg
pa_33,Patches,train,922,C:\Users\anmol\OneDrive\Desktop\Steel_Surface_Defect_NEU_DET-DATASET\SteelDefectX\train_by_class\Patches\pa_33.jpg
pa_34,Patches,train,923,C:\Users\anmol\OneDrive\Desktop\Steel_Surface_Defect_NEU_DET-DATASET\SteelDefectX\train_by_class\Patches\pa_34.jpg
pa_36,Patches,train,924,C:\Users\anmol\OneDrive\Desktop\Steel_Surface_Defect_NEU_DET-DATASET\SteelDefectX\train_by_class\Patches\pa_36.jpg
pa_38,Patches,train,925,C:\Users\anmol\OneDrive\Desktop\Steel_Surface_Defect_NEU_DET-DATASET\SteelDefectX\train_by_class\Patches\pa_38.jpg
pa_40,Patches,train,926,C:\Users\anmol\OneDrive\Desktop\Steel_Surface_Defect_NEU_DET-DATASET\SteelDefectX\train_by_class\Patches\pa_40.jpg
pa_41,Patches,train,927,C:\Users\anmol\OneDrive\Desktop\Steel_Surface_Defect_NEU_DET-DATASET\SteelDefectX\train_by_class\Patches\pa_41.jpg
pa_44,Patches,train,929,C:\Users\anmol\OneDrive\Desktop\Steel_Surface_Defect_NEU_DET-DATASET\SteelDefectX\train_by_class\Patches\pa_44.jpg
pa_46,Patches,train,930,C:\Users\anmol\OneDrive\Desktop\Steel_Surface_Defect_NEU_DET-DATASET\SteelDefectX\train_by_class\Patches\pa_46.jpg
pa_47,Patches,train,931,C:\Users\anmol\OneDrive\Desktop\Steel_Surface_Defect_NEU_DET-DATASET\SteelDefectX\train_by_class\Patches\pa_47.jpg
pa_53,Patches,train,935,C:\Users\anmol\OneDrive\Desktop\Steel_Surface_Defect_NEU_DET-DATASET\SteelDefectX\train_by_class\Patches\pa_53.jpg
pa_54,Patches,train,936,C:\Users\anmol\OneDrive\Desktop\Steel_Surface_Defect_NEU_DET-DATASET\SteelDefectX\train_by_class\Patches\pa_54.jpg
pa_55,Patches,train,937,C:\Users\anmol\OneDrive\Desktop\Steel_Surface_Defect_NEU_DET-DATASET\SteelDefectX\train_by_class\Patches\pa_55.jpg
pa_58,Patches,train,940,C:\Users\anmol\OneDrive\Desktop\Steel_Surface_Defect_NEU_DET-DATASET\SteelDefectX\train_by_class\Patches\pa_58.jpg
pa_59,Patches,train,941,C:\Users\anmol\OneDrive\Desktop\Steel_Surface_Defect_NEU_DET-DATASET\SteelDefectX\train_by_class\Patches\pa_59.jpg
pa_60,Patches,train,942,C:\Users\anmol\OneDrive\Desktop\Steel_Surface_Defect_NEU_DET-DATASET\SteelDefectX\train_by_class\Patches\pa_60.jpg
pa_61,Patches,train,943,C:\Users\anmol\OneDrive\Desktop\Steel_Surface_Defect_NEU_DET-DATASET\SteelDefectX\train_by_class\Patches\pa_61.jpg
pa_62,Patches,train,944,C:\Users\anmol\OneDrive\Desktop\Steel_Surface_Defect_NEU_DET-DATASET\SteelDefectX\train_by_class\Patches\pa_62.jpg
pa_63,Patches,train,945,C:\Users\anmol\OneDrive\Desktop\Steel_Surface_Defect_NEU_DET-DATASET\SteelDefectX\train_by_class\Patches\pa_63.jpg
pa_64,Patches,train,946,C:\Users\anmol\OneDrive\Desktop\Steel_Surface_Defect_NEU_DET-DATASET\SteelDefectX\train_by_class\Patches\pa_64.jpg
pa_65,Patches,train,947,C:\Users\anmol\OneDrive\Desktop\Steel_Surface_Defect_NEU_DET-DATASET\SteelDefectX\train_by_class\Patches\pa_65.jpg
pa_67,Patches,train,949,C:\Users\anmol\OneDrive\Desktop\Steel_Surface_Defect_NEU_DET-DATASET\SteelDefectX\train_by_class\Patches\pa_67.jpg
pa_68,Patches,train,950,C:\Users\anmol\OneDrive\Desktop\Steel_Surface_Defect_NEU_DET-DATASET\SteelDefectX\train_by_class\Patches\pa_68.jpg
pa_69,Patches,train,951,C:\Users\anmol\OneDrive\Desktop\Steel_Surface_Defect_NEU_DET-DATASET\SteelDefectX\train_by_class\Patches\pa_69.jpg
pa_74,Patches,train,954,C:\Users\anmol\OneDrive\Desktop\Steel_Surface_Defect_NEU_DET-DATASET\SteelDefectX\train_by_class\Patches\pa_74.jpg
pa_75,Patches,train,955,C:\Users\anmol\OneDrive\Desktop\Steel_Surface_Defect_NEU_DET-DATASET\SteelDefectX\train_by_class\Patches\pa_75.jpg
pa_76,Patches,train,956,C:\Users\anmol\OneDrive\Desktop\Steel_Surface_Defect_NEU_DET-DATASET\SteelDefectX\train_by_class\Patches\pa_76.jpg
pa_78,Patches,train,958,C:\Users\anmol\OneDrive\Desktop\Steel_Surface_Defect_NEU_DET-DATASET\SteelDefectX\train_by_class\Patches\pa_78.jpg
pa_80,Patches,train,960,C:\Users\anmol\OneDrive\Desktop\Steel_Surface_Defect_NEU_DET-DATASET\SteelDefectX\train_by_class\Patches\pa_80.jpg
pa_81,Patches,train,961,C:\Users\anmol\OneDrive\Desktop\Steel_Surface_Defect_NEU_DET-DATASET\SteelDefectX\train_by_class\Patches\pa_81.jpg
pa_82,Patches,train,962,C:\Users\anmol\OneDrive\Desktop\Steel_Surface_Defect_NEU_DET-DATASET\SteelDefectX\train_by_class\Patches\pa_82.jpg
pa_84,Patches,train,964,C:\Users\anmol\OneDrive\Desktop\Steel_Surface_Defect_NEU_DET-DATASET\SteelDefectX\train_by_class\Patches\pa_84.jpg
pa_85,Patches,train,965,C:\Users\anmol\OneDrive\Desktop\Steel_Surface_Defect_NEU_DET-DATASET\SteelDefectX\train_by_class\Patches\pa_85.jpg
pa_86,Patches,train,966,C:\Users\anmol\OneDrive\Desktop\Steel_Surface_Defect_NEU_DET-DATASET\SteelDefectX\train_by_class\Patches\pa_86.jpg
pa_88,Patches,train,967,C:\Users\anmol\OneDrive\Desktop\Steel_Surface_Defect_NEU_DET-DATASET\SteelDefectX\train_by_class\Patches\pa_88.jpg
pa_89,Patches,train,968,C:\Users\anmol\OneDrive\Desktop\Steel_Surface_Defect_NEU_DET-DATASET\SteelDefectX\train_by_class\Patches\pa_89.jpg
pa_90,Patches,train,969,C:\Users\anmol\OneDrive\Desktop\Steel_Surface_Defect_NEU_DET-DATASET\SteelDefectX\train_by_class\Patches\pa_90.jpg
pa_91,Patches,train,970,C:\Users\anmol\OneDrive\Desktop\Steel_Surface_Defect_NEU_DET-DATASET\SteelDefectX\train_by_class\Patches\pa_91.jpg
pa_94,Patches,train,973,C:\Users\anmol\OneDrive\Desktop\Steel_Surface_Defect_NEU_DET-DATASET\SteelDefectX\train_by_class\Patches\pa_94.jpg
pa_96,Patches,train,974,C:\Users\anmol\OneDrive\Desktop\Steel_Surface_Defect_NEU_DET-DATASET\SteelDefectX\train_by_class\Patches\pa_96.jpg
pa_97,Patches,train,975,C:\Users\anmol\OneDrive\Desktop\Steel_Surface_Defect_NEU_DET-DATASET\SteelDefectX\train_by_class\Patches\pa_97.jpg
pa_99,Patches,train,976,C:\Users\anmol\OneDrive\Desktop\Steel_Surface_Defect_NEU_DET-DATASET\SteelDefectX\train_by_class\Patches\pa_99.jpg
pa_109,Patches,val,780,C:\Users\anmol\OneDrive\Desktop\Steel_Surface_Defect_NEU_DET-DATASET\SteelDefectX\train_by_class\Patches\pa_109.jpg
pa_110,Patches,val,782,C:\Users\anmol\OneDrive\Desktop\Steel_Surface_Defect_NEU_DET-DATASET\SteelDefectX\train_by_class\Patches\pa_110.jpg
pa_119,Patches,val,788,C:\Users\anmol\OneDrive\Desktop\Steel_Surface_Defect_NEU_DET-DATASET\SteelDefectX\train_by_class\Patches\pa_119.jpg
pa_124,Patches,val,793,C:\Users\anmol\OneDrive\Desktop\Steel_Surface_Defect_NEU_DET-DATASET\SteelDefectX\train_by_class\Patches\pa_124.jpg
pa_146,Patches,val,805,C:\Users\anmol\OneDrive\Desktop\Steel_Surface_Defect_NEU_DET-DATASET\SteelDefectX\train_by_class\Patches\pa_146.jpg
pa_156,Patches,val,809,C:\Users\anmol\OneDrive\Desktop\Steel_Surface_Defect_NEU_DET-DATASET\SteelDefectX\train_by_class\Patches\pa_156.jpg
pa_157,Patches,val,810,C:\Users\anmol\OneDrive\Desktop\Steel_Surface_Defect_NEU_DET-DATASET\SteelDefectX\train_by_class\Patches\pa_157.jpg
pa_158,Patches,val,811,C:\Users\anmol\OneDrive\Desktop\Steel_Surface_Defect_NEU_DET-DATASET\SteelDefectX\train_by_class\Patches\pa_158.jpg
pa_170,Patches,val,820,C:\Users\anmol\OneDrive\Desktop\Steel_Surface_Defect_NEU_DET-DATASET\SteelDefectX\train_by_class\Patches\pa_170.jpg
pa_202,Patches,val,845,C:\Users\anmol\OneDrive\Desktop\Steel_Surface_Defect_NEU_DET-DATASET\SteelDefectX\train_by_class\Patches\pa_202.jpg
pa_251,Patches,val,880,C:\Users\anmol\OneDrive\Desktop\Steel_Surface_Defect_NEU_DET-DATASET\SteelDefectX\train_by_class\Patches\pa_251.jpg
pa_263,Patches,val,892,C:\Users\anmol\OneDrive\Desktop\Steel_Surface_Defect_NEU_DET-DATASET\SteelDefectX\train_by_class\Patches\pa_263.jpg
pa_264,Patches,val,893,C:\Users\anmol\OneDrive\Desktop\Steel_Surface_Defect_NEU_DET-DATASET\SteelDefectX\train_by_class\Patches\pa_264.jpg
pa_296,Patches,val,916,C:\Users\anmol\OneDrive\Desktop\Steel_Surface_Defect_NEU_DET-DATASET\SteelDefectX\train_by_class\Patches\pa_296.jpg
pa_298,Patches,val,917,C:\Users\anmol\OneDrive\Desktop\Steel_Surface_Defect_NEU_DET-DATASET\SteelDefectX\train_by_class\Patches\pa_298.jpg
pa_51,Patches,val,933,C:\Users\anmol\OneDrive\Desktop\Steel_Surface_Defect_NEU_DET-DATASET\SteelDefectX\train_by_class\Patches\pa_51.jpg
pa_52,Patches,val,934,C:\Users\anmol\OneDrive\Desktop\Steel_Surface_Defect_NEU_DET-DATASET\SteelDefectX\train_by_class\Patches\pa_52.jpg
pa_57,Patches,val,939,C:\Users\anmol\OneDrive\Desktop\Steel_Surface_Defect_NEU_DET-DATASET\SteelDefectX\train_by_class\Patches\pa_57.jpg
pa_77,Patches,val,957,C:\Users\anmol\OneDrive\Desktop\Steel_Surface_Defect_NEU_DET-DATASET\SteelDefectX\train_by_class\Patches\pa_77.jpg
pa_79,Patches,val,959,C:\Users\anmol\OneDrive\Desktop\Steel_Surface_Defect_NEU_DET-DATASET\SteelDefectX\train_by_class\Patches\pa_79.jpg
pa_93,Patches,val,972,C:\Users\anmol\OneDrive\Desktop\Steel_Surface_Defect_NEU_DET-DATASET\SteelDefectX\train_by_class\Patches\pa_93.jpg
ps_06,Pitted surface,test,981,C:\Users\anmol\OneDrive\Desktop\Steel_Surface_Defect_NEU_DET-DATASET\SteelDefectX\train_by_class\Pitted surface\ps_06.jpg
ps_106,Pitted surface,test,990,C:\Users\anmol\OneDrive\Desktop\Steel_Surface_Defect_NEU_DET-DATASET\SteelDefectX\train_by_class\Pitted surface\ps_106.jpg
ps_12,Pitted surface,test,1003,C:\Users\anmol\OneDrive\Desktop\Steel_Surface_Defect_NEU_DET-DATASET\SteelDefectX\train_by_class\Pitted surface\ps_12.jpg
ps_122,Pitted surface,test,1006,C:\Users\anmol\OneDrive\Desktop\Steel_Surface_Defect_NEU_DET-DATASET\SteelDefectX\train_by_class\Pitted surface\ps_122.jpg
ps_123,Pitted surface,test,1007,C:\Users\anmol\OneDrive\Desktop\Steel_Surface_Defect_NEU_DET-DATASET\SteelDefectX\train_by_class\Pitted surface\ps_123.jpg
ps_124,Pitted surface,test,1008,C:\Users\anmol\OneDrive\Desktop\Steel_Surface_Defect_NEU_DET-DATASET\SteelDefectX\train_by_class\Pitted surface\ps_124.jpg
ps_133,Pitted surface,test,1014,C:\Users\anmol\OneDrive\Desktop\Steel_Surface_Defect_NEU_DET-DATASET\SteelDefectX\train_by_class\Pitted surface\ps_133.jpg
ps_137,Pitted surface,test,1017,C:\Users\anmol\OneDrive\Desktop\Steel_Surface_Defect_NEU_DET-DATASET\SteelDefectX\train_by_class\Pitted surface\ps_137.jpg
ps_144,Pitted surface,test,1024,C:\Users\anmol\OneDrive\Desktop\Steel_Surface_Defect_NEU_DET-DATASET\SteelDefectX\train_by_class\Pitted surface\ps_144.jpg
ps_149,Pitted surface,test,1027,C:\Users\anmol\OneDrive\Desktop\Steel_Surface_Defect_NEU_DET-DATASET\SteelDefectX\train_by_class\Pitted surface\ps_149.jpg
ps_15,Pitted surface,test,1028,C:\Users\anmol\OneDrive\Desktop\Steel_Surface_Defect_NEU_DET-DATASET\SteelDefectX\train_by_class\Pitted surface\ps_15.jpg
ps_155,Pitted surface,test,1033,C:\Users\anmol\OneDrive\Desktop\Steel_Surface_Defect_NEU_DET-DATASET\SteelDefectX\train_by_class\Pitted surface\ps_155.jpg
ps_156,Pitted surface,test,1034,C:\Users\anmol\OneDrive\Desktop\Steel_Surface_Defect_NEU_DET-DATASET\SteelDefectX\train_by_class\Pitted surface\ps_156.jpg
ps_17,Pitted surface,test,1043,C:\Users\anmol\OneDrive\Desktop\Steel_Surface_Defect_NEU_DET-DATASET\SteelDefectX\train_by_class\Pitted surface\ps_17.jpg
ps_183,Pitted surface,test,1052,C:\Users\anmol\OneDrive\Desktop\Steel_Surface_Defect_NEU_DET-DATASET\SteelDefectX\train_by_class\Pitted surface\ps_183.jpg
ps_188,Pitted surface,test,1056,C:\Users\anmol\OneDrive\Desktop\Steel_Surface_Defect_NEU_DET-DATASET\SteelDefectX\train_by_class\Pitted surface\ps_188.jpg
ps_19,Pitted surface,test,1058,C:\Users\anmol\OneDrive\Desktop\Steel_Surface_Defect_NEU_DET-DATASET\SteelDefectX\train_by_class\Pitted surface\ps_19.jpg
ps_206,Pitted surface,test,1071,C:\Users\anmol\OneDrive\Desktop\Steel_Surface_Defect_NEU_DET-DATASET\SteelDefectX\train_by_class\Pitted surface\ps_206.jpg
ps_207,Pitted surface,test,990,C:\Users\anmol\OneDrive\Desktop\Steel_Surface_Defect_NEU_DET-DATASET\SteelDefectX\train_by_class\Pitted surface\ps_207.jpg
ps_212,Pitted surface,test,1076,C:\Users\anmol\OneDrive\Desktop\Steel_Surface_Defect_NEU_DET-DATASET\SteelDefectX\train_by_class\Pitted surface\ps_212.jpg
ps_214,Pitted surface,test,1077,C:\Users\anmol\OneDrive\Desktop\Steel_Surface_Defect_NEU_DET-DATASET\SteelDefectX\train_by_class\Pitted surface\ps_214.jpg
ps_217,Pitted surface,test,1078,C:\Users\anmol\OneDrive\Desktop\Steel_Surface_Defect_NEU_DET-DATASET\SteelDefectX\train_by_class\Pitted surface\ps_217.jpg
ps_222,Pitted surface,test,990,C:\Users\anmol\OneDrive\Desktop\Steel_Surface_Defect_NEU_DET-DATASET\SteelDefectX\train_by_class\Pitted surface\ps_222.jpg
ps_228,Pitted surface,test,1087,C:\Users\anmol\OneDrive\Desktop\Steel_Surface_Defect_NEU_DET-DATASET\SteelDefectX\train_by_class\Pitted surface\ps_228.jpg
ps_230,Pitted surface,test,1089,C:\Users\anmol\OneDrive\Desktop\Steel_Surface_Defect_NEU_DET-DATASET\SteelDefectX\train_by_class\Pitted surface\ps_230.jpg
ps_235,Pitted surface,test,1092,C:\Users\anmol\OneDrive\Desktop\Steel_Surface_Defect_NEU_DET-DATASET\SteelDefectX\train_by_class\Pitted surface\ps_235.jpg
ps_250,Pitted surface,test,1103,C:\Users\anmol\OneDrive\Desktop\Steel_Surface_Defect_NEU_DET-DATASET\SteelDefectX\train_by_class\Pitted surface\ps_250.jpg
ps_252,Pitted surface,test,1105,C:\Users\anmol\OneDrive\Desktop\Steel_Surface_Defect_NEU_DET-DATASET\SteelDefectX\train_by_class\Pitted surface\ps_252.jpg
ps_263,Pitted surface,test,1111,C:\Users\anmol\OneDrive\Desktop\Steel_Surface_Defect_NEU_DET-DATASET\SteelDefectX\train_by_class\Pitted surface\ps_263.jpg
ps_268,Pitted surface,test,1115,C:\Users\anmol\OneDrive\Desktop\Steel_Surface_Defect_NEU_DET-DATASET\SteelDefectX\train_by_class\Pitted surface\ps_268.jpg
ps_27,Pitted surface,test,1117,C:\Users\anmol\OneDrive\Desktop\Steel_Surface_Defect_NEU_DET-DATASET\SteelDefectX\train_by_class\Pitted surface\ps_27.jpg
ps_294,Pitted surface,test,1131,C:\Users\anmol\OneDrive\Desktop\Steel_Surface_Defect_NEU_DET-DATASET\SteelDefectX\train_by_class\Pitted surface\ps_294.jpg
ps_295,Pitted surface,test,1132,C:\Users\anmol\OneDrive\Desktop\Steel_Surface_Defect_NEU_DET-DATASET\SteelDefectX\train_by_class\Pitted surface\ps_295.jpg
ps_297,Pitted surface,test,1134,C:\Users\anmol\OneDrive\Desktop\Steel_Surface_Defect_NEU_DET-DATASET\SteelDefectX\train_by_class\Pitted surface\ps_297.jpg
ps_300,Pitted surface,test,1137,C:\Users\anmol\OneDrive\Desktop\Steel_Surface_Defect_NEU_DET-DATASET\SteelDefectX\train_by_class\Pitted surface\ps_300.jpg
ps_41,Pitted surface,test,1142,C:\Users\anmol\OneDrive\Desktop\Steel_Surface_Defect_NEU_DET-DATASET\SteelDefectX\train_by_class\Pitted surface\ps_41.jpg
ps_43,Pitted surface,test,1144,C:\Users\anmol\OneDrive\Desktop\Steel_Surface_Defect_NEU_DET-DATASET\SteelDefectX\train_by_class\Pitted surface\ps_43.jpg
ps_52,Pitted surface,test,1151,C:\Users\anmol\OneDrive\Desktop\Steel_Surface_Defect_NEU_DET-DATASET\SteelDefectX\train_by_class\Pitted surface\ps_52.jpg
ps_58,Pitted surface,test,1157,C:\Users\anmol\OneDrive\Desktop\Steel_Surface_Defect_NEU_DET-DATASET\SteelDefectX\train_by_class\Pitted surface\ps_58.jpg
ps_65,Pitted surface,test,1162,C:\Users\anmol\OneDrive\Desktop\Steel_Surface_Defect_NEU_DET-DATASET\SteelDefectX\train_by_class\Pitted surface\ps_65.jpg
ps_71,Pitted surface,test,1166,C:\Users\anmol\OneDrive\Desktop\Steel_Surface_Defect_NEU_DET-DATASET\SteelDefectX\train_by_class\Pitted surface\ps_71.jpg
ps_88,Pitted surface,test,1177,C:\Users\anmol\OneDrive\Desktop\Steel_Surface_Defect_NEU_DET-DATASET\SteelDefectX\train_by_class\Pitted surface\ps_88.jpg
ps_02,Pitted surface,train,977,C:\Users\anmol\OneDrive\Desktop\Steel_Surface_Defect_NEU_DET-DATASET\SteelDefectX\train_by_class\Pitted surface\ps_02.jpg
ps_04,Pitted surface,train,979,C:\Users\anmol\OneDrive\Desktop\Steel_Surface_Defect_NEU_DET-DATASET\SteelDefectX\train_by_class\Pitted surface\ps_04.jpg
ps_05,Pitted surface,train,980,C:\Users\anmol\OneDrive\Desktop\Steel_Surface_Defect_NEU_DET-DATASET\SteelDefectX\train_by_class\Pitted surface\ps_05.jpg
ps_07,Pitted surface,train,982,C:\Users\anmol\OneDrive\Desktop\Steel_Surface_Defect_NEU_DET-DATASET\SteelDefectX\train_by_class\Pitted surface\ps_07.jpg
ps_08,Pitted surface,train,983,C:\Users\anmol\OneDrive\Desktop\Steel_Surface_Defect_NEU_DET-DATASET\SteelDefectX\train_by_class\Pitted surface\ps_08.jpg
ps_09,Pitted surface,train,984,C:\Users\anmol\OneDrive\Desktop\Steel_Surface_Defect_NEU_DET-DATASET\SteelDefectX\train_by_class\Pitted surface\ps_09.jpg
ps_101,Pitted surface,train,986,C:\Users\anmol\OneDrive\Desktop\Steel_Surface_Defect_NEU_DET-DATASET\SteelDefectX\train_by_class\Pitted surface\ps_101.jpg
ps_103,Pitted surface,train,987,C:\Users\anmol\OneDrive\Desktop\Steel_Surface_Defect_NEU_DET-DATASET\SteelDefectX\train_by_class\Pitted surface\ps_103.jpg
ps_104,Pitted surface,train,988,C:\Users\anmol\OneDrive\Desktop\Steel_Surface_Defect_NEU_DET-DATASET\SteelDefectX\train_by_class\Pitted surface\ps_104.jpg
ps_105,Pitted surface,train,989,C:\Users\anmol\OneDrive\Desktop\Steel_Surface_Defect_NEU_DET-DATASET\SteelDefectX\train_by_class\Pitted surface\ps_105.jpg
ps_107,Pitted surface,train,991,C:\Users\anmol\OneDrive\Desktop\Steel_Surface_Defect_NEU_DET-DATASET\SteelDefectX\train_by_class\Pitted surface\ps_107.jpg
ps_109,Pitted surface,train,992,C:\Users\anmol\OneDrive\Desktop\Steel_Surface_Defect_NEU_DET-DATASET\SteelDefectX\train_by_class\Pitted surface\ps_109.jpg
ps_11,Pitted surface,train,993,C:\Users\anmol\OneDrive\Desktop\Steel_Surface_Defect_NEU_DET-DATASET\SteelDefectX\train_by_class\Pitted surface\ps_11.jpg
ps_110,Pitted surface,train,994,C:\Users\anmol\OneDrive\Desktop\Steel_Surface_Defect_NEU_DET-DATASET\SteelDefectX\train_by_class\Pitted surface\ps_110.jpg
ps_111,Pitted surface,train,995,C:\Users\anmol\OneDrive\Desktop\Steel_Surface_Defect_NEU_DET-DATASET\SteelDefectX\train_by_class\Pitted surface\ps_111.jpg
ps_112,Pitted surface,train,996,C:\Users\anmol\OneDrive\Desktop\Steel_Surface_Defect_NEU_DET-DATASET\SteelDefectX\train_by_class\Pitted surface\ps_112.jpg
ps_113,Pitted surface,train,997,C:\Users\anmol\OneDrive\Desktop\Steel_Surface_Defect_NEU_DET-DATASET\SteelDefectX\train_by_class\Pitted surface\ps_113.jpg
ps_115,Pitted surface,train,999,C:\Users\anmol\OneDrive\Desktop\Steel_Surface_Defect_NEU_DET-DATASET\SteelDefectX\train_by_class\Pitted surface\ps_115.jpg
ps_116,Pitted surface,train,1000,C:\Users\anmol\OneDrive\Desktop\Steel_Surface_Defect_NEU_DET-DATASET\SteelDefectX\train_by_class\Pitted surface\ps_116.jpg
ps_117,Pitted surface,train,1001,C:\Users\anmol\OneDrive\Desktop\Steel_Surface_Defect_NEU_DET-DATASET\SteelDefectX\train_by_class\Pitted surface\ps_117.jpg
ps_119,Pitted surface,train,1002,C:\Users\anmol\OneDrive\Desktop\Steel_Surface_Defect_NEU_DET-DATASET\SteelDefectX\train_by_class\Pitted surface\ps_119.jpg
ps_120,Pitted surface,train,1004,C:\Users\anmol\OneDrive\Desktop\Steel_Surface_Defect_NEU_DET-DATASET\SteelDefectX\train_by_class\Pitted surface\ps_120.jpg
ps_121,Pitted surface,train,1005,C:\Users\anmol\OneDrive\Desktop\Steel_Surface_Defect_NEU_DET-DATASET\SteelDefectX\train_by_class\Pitted surface\ps_121.jpg
ps_126,Pitted surface,train,1009,C:\Users\anmol\OneDrive\Desktop\Steel_Surface_Defect_NEU_DET-DATASET\SteelDefectX\train_by_class\Pitted surface\ps_126.jpg
ps_13,Pitted surface,train,1010,C:\Users\anmol\OneDrive\Desktop\Steel_Surface_Defect_NEU_DET-DATASET\SteelDefectX\train_by_class\Pitted surface\ps_13.jpg
ps_130,Pitted surface,train,1011,C:\Users\anmol\OneDrive\Desktop\Steel_Surface_Defect_NEU_DET-DATASET\SteelDefectX\train_by_class\Pitted surface\ps_130.jpg
ps_131,Pitted surface,train,1012,C:\Users\anmol\OneDrive\Desktop\Steel_Surface_Defect_NEU_DET-DATASET\SteelDefectX\train_by_class\Pitted surface\ps_131.jpg
ps_135,Pitted surface,train,1015,C:\Users\anmol\OneDrive\Desktop\Steel_Surface_Defect_NEU_DET-DATASET\SteelDefectX\train_by_class\Pitted surface\ps_135.jpg
ps_136,Pitted surface,train,1016,C:\Users\anmol\OneDrive\Desktop\Steel_Surface_Defect_NEU_DET-DATASET\SteelDefectX\train_by_class\Pitted surface\ps_136.jpg
ps_138,Pitted surface,train,1018,C:\Users\anmol\OneDrive\Desktop\Steel_Surface_Defect_NEU_DET-DATASET\SteelDefectX\train_by_class\Pitted surface\ps_138.jpg
ps_139,Pitted surface,train,1019,C:\Users\anmol\OneDrive\Desktop\Steel_Surface_Defect_NEU_DET-DATASET\SteelDefectX\train_by_class\Pitted surface\ps_139.jpg
ps_14,Pitted surface,train,1020,C:\Users\anmol\OneDrive\Desktop\Steel_Surface_Defect_NEU_DET-DATASET\SteelDefectX\train_by_class\Pitted surface\ps_14.jpg
ps_140,Pitted surface,train,1021,C:\Users\anmol\OneDrive\Desktop\Steel_Surface_Defect_NEU_DET-DATASET\SteelDefectX\train_by_class\Pitted surface\ps_140.jpg
ps_142,Pitted surface,train,1022,C:\Users\anmol\OneDrive\Desktop\Steel_Surface_Defect_NEU_DET-DATASET\SteelDefectX\train_by_class\Pitted surface\ps_142.jpg
ps_143,Pitted surface,train,1023,C:\Users\anmol\OneDrive\Desktop\Steel_Surface_Defect_NEU_DET-DATASET\SteelDefectX\train_by_class\Pitted surface\ps_143.jpg
ps_147,Pitted surface,train,1025,C:\Users\anmol\OneDrive\Desktop\Steel_Surface_Defect_NEU_DET-DATASET\SteelDefectX\train_by_class\Pitted surface\ps_147.jpg
ps_148,Pitted surface,train,1026,C:\Users\anmol\OneDrive\Desktop\Steel_Surface_Defect_NEU_DET-DATASET\SteelDefectX\train_by_class\Pitted surface\ps_148.jpg
ps_150,Pitted surface,train,1029,C:\Users\anmol\OneDrive\Desktop\Steel_Surface_Defect_NEU_DET-DATASET\SteelDefectX\train_by_class\Pitted surface\ps_150.jpg
ps_151,Pitted surface,train,1030,C:\Users\anmol\OneDrive\Desktop\Steel_Surface_Defect_NEU_DET-DATASET\SteelDefectX\train_by_class\Pitted surface\ps_151.jpg
ps_152,Pitted surface,train,1031,C:\Users\anmol\OneDrive\Desktop\Steel_Surface_Defect_NEU_DET-DATASET\SteelDefectX\train_by_class\Pitted surface\ps_152.jpg
ps_154,Pitted surface,train,1032,C:\Users\anmol\OneDrive\Desktop\Steel_Surface_Defect_NEU_DET-DATASET\SteelDefectX\train_by_class\Pitted surface\ps_154.jpg
ps_157,Pitted surface,train,1035,C:\Users\anmol\OneDrive\Desktop\Steel_Surface_Defect_NEU_DET-DATASET\SteelDefectX\train_by_class\Pitted surface\ps_157.jpg
ps_158,Pitted surface,train,1036,C:\Users\anmol\OneDrive\Desktop\Steel_Surface_Defect_NEU_DET-DATASET\SteelDefectX\train_by_class\Pitted surface\ps_158.jpg
ps_161,Pitted surface,train,1038,C:\Users\anmol\OneDrive\Desktop\Steel_Surface_Defect_NEU_DET-DATASET\SteelDefectX\train_by_class\Pitted surface\ps_161.jpg
ps_164,Pitted surface,train,1039,C:\Users\anmol\OneDrive\Desktop\Steel_Surface_Defect_NEU_DET-DATASET\SteelDefectX\train_by_class\Pitted surface\ps_164.jpg
ps_166,Pitted surface,train,1040,C:\Users\anmol\OneDrive\Desktop\Steel_Surface_Defect_NEU_DET-DATASET\SteelDefectX\train_by_class\Pitted surface\ps_166.jpg
ps_167,Pitted surface,train,1041,C:\Users\anmol\OneDrive\Desktop\Steel_Surface_Defect_NEU_DET-DATASET\SteelDefectX\train_by_class\Pitted surface\ps_167.jpg
ps_168,Pitted surface,train,1042,C:\Users\anmol\OneDrive\Desktop\Steel_Surface_Defect_NEU_DET-DATASET\SteelDefectX\train_by_class\Pitted surface\ps_168.jpg
ps_170,Pitted surface,train,1044,C:\Users\anmol\OneDrive\Desktop\Steel_Surface_Defect_NEU_DET-DATASET\SteelDefectX\train_by_class\Pitted surface\ps_170.jpg
ps_171,Pitted surface,train,1045,C:\Users\anmol\OneDrive\Desktop\Steel_Surface_Defect_NEU_DET-DATASET\SteelDefectX\train_by_class\Pitted surface\ps_171.jpg
ps_174,Pitted surface,train,1047,C:\Users\anmol\OneDrive\Desktop\Steel_Surface_Defect_NEU_DET-DATASET\SteelDefectX\train_by_class\Pitted surface\ps_174.jpg
ps_177,Pitted surface,train,1048,C:\Users\anmol\OneDrive\Desktop\Steel_Surface_Defect_NEU_DET-DATASET\SteelDefectX\train_by_class\Pitted surface\ps_177.jpg
ps_179,Pitted surface,train,1050,C:\Users\anmol\OneDrive\Desktop\Steel_Surface_Defect_NEU_DET-DATASET\SteelDefectX\train_by_class\Pitted surface\ps_179.jpg
ps_182,Pitted surface,train,1051,C:\Users\anmol\OneDrive\Desktop\Steel_Surface_Defect_NEU_DET-DATASET\SteelDefectX\train_by_class\Pitted surface\ps_182.jpg
ps_184,Pitted surface,train,1053,C:\Users\anmol\OneDrive\Desktop\Steel_Surface_Defect_NEU_DET-DATASET\SteelDefectX\train_by_class\Pitted surface\ps_184.jpg
ps_185,Pitted surface,train,1054,C:\Users\anmol\OneDrive\Desktop\Steel_Surface_Defect_NEU_DET-DATASET\SteelDefectX\train_by_class\Pitted surface\ps_185.jpg
ps_186,Pitted surface,train,1055,C:\Users\anmol\OneDrive\Desktop\Steel_Surface_Defect_NEU_DET-DATASET\SteelDefectX\train_by_class\Pitted surface\ps_186.jpg
ps_193,Pitted surface,train,1060,C:\Users\anmol\OneDrive\Desktop\Steel_Surface_Defect_NEU_DET-DATASET\SteelDefectX\train_by_class\Pitted surface\ps_193.jpg
ps_195,Pitted surface,train,1061,C:\Users\anmol\OneDrive\Desktop\Steel_Surface_Defect_NEU_DET-DATASET\SteelDefectX\train_by_class\Pitted surface\ps_195.jpg
ps_196,Pitted surface,train,1062,C:\Users\anmol\OneDrive\Desktop\Steel_Surface_Defect_NEU_DET-DATASET\SteelDefectX\train_by_class\Pitted surface\ps_196.jpg
ps_197,Pitted surface,train,1063,C:\Users\anmol\OneDrive\Desktop\Steel_Surface_Defect_NEU_DET-DATASET\SteelDefectX\train_by_class\Pitted surface\ps_197.jpg
ps_199,Pitted surface,train,1065,C:\Users\anmol\OneDrive\Desktop\Steel_Surface_Defect_NEU_DET-DATASET\SteelDefectX\train_by_class\Pitted surface\ps_199.jpg
ps_202,Pitted surface,train,1067,C:\Users\anmol\OneDrive\Desktop\Steel_Surface_Defect_NEU_DET-DATASET\SteelDefectX\train_by_class\Pitted surface\ps_202.jpg
ps_203,Pitted surface,train,1068,C:\Users\anmol\OneDrive\Desktop\Steel_Surface_Defect_NEU_DET-DATASET\SteelDefectX\train_by_class\Pitted surface\ps_203.jpg
ps_204,Pitted surface,train,1069,C:\Users\anmol\OneDrive\Desktop\Steel_Surface_Defect_NEU_DET-DATASET\SteelDefectX\train_by_class\Pitted surface\ps_204.jpg
ps_205,Pitted surface,train,1070,C:\Users\anmol\OneDrive\Desktop\Steel_Surface_Defect_NEU_DET-DATASET\SteelDefectX\train_by_class\Pitted surface\ps_205.jpg
ps_208,Pitted surface,train,1072,C:\Users\anmol\OneDrive\Desktop\Steel_Surface_Defect_NEU_DET-DATASET\SteelDefectX\train_by_class\Pitted surface\ps_208.jpg
ps_209,Pitted surface,train,1073,C:\Users\anmol\OneDrive\Desktop\Steel_Surface_Defect_NEU_DET-DATASET\SteelDefectX\train_by_class\Pitted surface\ps_209.jpg
ps_21,Pitted surface,train,1074,C:\Users\anmol\OneDrive\Desktop\Steel_Surface_Defect_NEU_DET-DATASET\SteelDefectX\train_by_class\Pitted surface\ps_21.jpg
ps_210,Pitted surface,train,1075,C:\Users\anmol\OneDrive\Desktop\Steel_Surface_Defect_NEU_DET-DATASET\SteelDefectX\train_by_class\Pitted surface\ps_210.jpg
ps_218,Pitted surface,train,1079,C:\Users\anmol\OneDrive\Desktop\Steel_Surface_Defect_NEU_DET-DATASET\SteelDefectX\train_by_class\Pitted surface\ps_218.jpg
ps_22,Pitted surface,train,1080,C:\Users\anmol\OneDrive\Desktop\Steel_Surface_Defect_NEU_DET-DATASET\SteelDefectX\train_by_class\Pitted surface\ps_22.jpg
ps_220,Pitted surface,train,1081,C:\Users\anmol\OneDrive\Desktop\Steel_Surface_Defect_NEU_DET-DATASET\SteelDefectX\train_by_class\Pitted surface\ps_220.jpg
ps_221,Pitted surface,train,1082,C:\Users\anmol\OneDrive\Desktop\Steel_Surface_Defect_NEU_DET-DATASET\SteelDefectX\train_by_class\Pitted surface\ps_221.jpg
ps_223,Pitted surface,train,1083,C:\Users\anmol\OneDrive\Desktop\Steel_Surface_Defect_NEU_DET-DATASET\SteelDefectX\train_by_class\Pitted surface\ps_223.jpg
ps_225,Pitted surface,train,1085,C:\Users\anmol\OneDrive\Desktop\Steel_Surface_Defect_NEU_DET-DATASET\SteelDefectX\train_by_class\Pitted surface\ps_225.jpg
ps_226,Pitted surface,train,1086,C:\Users\anmol\OneDrive\Desktop\Steel_Surface_Defect_NEU_DET-DATASET\SteelDefectX\train_by_class\Pitted surface\ps_226.jpg
ps_229,Pitted surface,train,1088,C:\Users\anmol\OneDrive\Desktop\Steel_Surface_Defect_NEU_DET-DATASET\SteelDefectX\train_by_class\Pitted surface\ps_229.jpg
ps_232,Pitted surface,train,1091,C:\Users\anmol\OneDrive\Desktop\Steel_Surface_Defect_NEU_DET-DATASET\SteelDefectX\train_by_class\Pitted surface\ps_232.jpg
ps_237,Pitted surface,train,1093,C:\Users\anmol\OneDrive\Desktop\Steel_Surface_Defect_NEU_DET-DATASET\SteelDefectX\train_by_class\Pitted surface\ps_237.jpg
ps_239,Pitted surface,train,1095,C:\Users\anmol\OneDrive\Desktop\Steel_Surface_Defect_NEU_DET-DATASET\SteelDefectX\train_by_class\Pitted surface\ps_239.jpg
ps_240,Pitted surface,train,1096,C:\Users\anmol\OneDrive\Desktop\Steel_Surface_Defect_NEU_DET-DATASET\SteelDefectX\train_by_class\Pitted surface\ps_240.jpg
ps_241,Pitted surface,train,1097,C:\Users\anmol\OneDrive\Desktop\Steel_Surface_Defect_NEU_DET-DATASET\SteelDefectX\train_by_class\Pitted surface\ps_241.jpg
ps_243,Pitted surface,train,1098,C:\Users\anmol\OneDrive\Desktop\Steel_Surface_Defect_NEU_DET-DATASET\SteelDefectX\train_by_class\Pitted surface\ps_243.jpg
ps_244,Pitted surface,train,1099,C:\Users\anmol\OneDrive\Desktop\Steel_Surface_Defect_NEU_DET-DATASET\SteelDefectX\train_by_class\Pitted surface\ps_244.jpg
ps_247,Pitted surface,train,1100,C:\Users\anmol\OneDrive\Desktop\Steel_Surface_Defect_NEU_DET-DATASET\SteelDefectX\train_by_class\Pitted surface\ps_247.jpg
ps_248,Pitted surface,train,1101,C:\Users\anmol\OneDrive\Desktop\Steel_Surface_Defect_NEU_DET-DATASET\SteelDefectX\train_by_class\Pitted surface\ps_248.jpg
ps_25,Pitted surface,train,1102,C:\Users\anmol\OneDrive\Desktop\Steel_Surface_Defect_NEU_DET-DATASET\SteelDefectX\train_by_class\Pitted surface\ps_25.jpg
ps_251,Pitted surface,train,1104,C:\Users\anmol\OneDrive\Desktop\Steel_Surface_Defect_NEU_DET-DATASET\SteelDefectX\train_by_class\Pitted surface\ps_251.jpg
ps_253,Pitted surface,train,1106,C:\Users\anmol\OneDrive\Desktop\Steel_Surface_Defect_NEU_DET-DATASET\SteelDefectX\train_by_class\Pitted surface\ps_253.jpg
ps_255,Pitted surface,train,1107,C:\Users\anmol\OneDrive\Desktop\Steel_Surface_Defect_NEU_DET-DATASET\SteelDefectX\train_by_class\Pitted surface\ps_255.jpg
ps_258,Pitted surface,train,1108,C:\Users\anmol\OneDrive\Desktop\Steel_Surface_Defect_NEU_DET-DATASET\SteelDefectX\train_by_class\Pitted surface\ps_258.jpg
ps_259,Pitted surface,train,1109,C:\Users\anmol\OneDrive\Desktop\Steel_Surface_Defect_NEU_DET-DATASET\SteelDefectX\train_by_class\Pitted surface\ps_259.jpg
ps_262,Pitted surface,train,1110,C:\Users\anmol\OneDrive\Desktop\Steel_Surface_Defect_NEU_DET-DATASET\SteelDefectX\train_by_class\Pitted surface\ps_262.jpg
ps_264,Pitted surface,train,1112,C:\Users\anmol\OneDrive\Desktop\Steel_Surface_Defect_NEU_DET-DATASET\SteelDefectX\train_by_class\Pitted surface\ps_264.jpg
ps_266,Pitted surface,train,1113,C:\Users\anmol\OneDrive\Desktop\Steel_Surface_Defect_NEU_DET-DATASET\SteelDefectX\train_by_class\Pitted surface\ps_266.jpg
ps_267,Pitted surface,train,1114,C:\Users\anmol\OneDrive\Desktop\Steel_Surface_Defect_NEU_DET-DATASET\SteelDefectX\train_by_class\Pitted surface\ps_267.jpg
ps_269,Pitted surface,train,1116,C:\Users\anmol\OneDrive\Desktop\Steel_Surface_Defect_NEU_DET-DATASET\SteelDefectX\train_by_class\Pitted surface\ps_269.jpg
ps_270,Pitted surface,train,1118,C:\Users\anmol\OneDrive\Desktop\Steel_Surface_Defect_NEU_DET-DATASET\SteelDefectX\train_by_class\Pitted surface\ps_270.jpg
ps_271,Pitted surface,train,1119,C:\Users\anmol\OneDrive\Desktop\Steel_Surface_Defect_NEU_DET-DATASET\SteelDefectX\train_by_class\Pitted surface\ps_271.jpg
ps_274,Pitted surface,train,1120,C:\Users\anmol\OneDrive\Desktop\Steel_Surface_Defect_NEU_DET-DATASET\SteelDefectX\train_by_class\Pitted surface\ps_274.jpg
ps_278,Pitted surface,train,1122,C:\Users\anmol\OneDrive\Desktop\Steel_Surface_Defect_NEU_DET-DATASET\SteelDefectX\train_by_class\Pitted surface\ps_278.jpg
ps_279,Pitted surface,train,1123,C:\Users\anmol\OneDrive\Desktop\Steel_Surface_Defect_NEU_DET-DATASET\SteelDefectX\train_by_class\Pitted surface\ps_279.jpg
ps_281,Pitted surface,train,1124,C:\Users\anmol\OneDrive\Desktop\Steel_Surface_Defect_NEU_DET-DATASET\SteelDefectX\train_by_class\Pitted surface\ps_281.jpg
ps_282,Pitted surface,train,1125,C:\Users\anmol\OneDrive\Desktop\Steel_Surface_Defect_NEU_DET-DATASET\SteelDefectX\train_by_class\Pitted surface\ps_282.jpg
ps_283,Pitted surface,train,1126,C:\Users\anmol\OneDrive\Desktop\Steel_Surface_Defect_NEU_DET-DATASET\SteelDefectX\train_by_class\Pitted surface\ps_283.jpg
ps_286,Pitted surface,train,1127,C:\Users\anmol\OneDrive\Desktop\Steel_Surface_Defect_NEU_DET-DATASET\SteelDefectX\train_by_class\Pitted surface\ps_286.jpg
ps_29,Pitted surface,train,1129,C:\Users\anmol\OneDrive\Desktop\Steel_Surface_Defect_NEU_DET-DATASET\SteelDefectX\train_by_class\Pitted surface\ps_29.jpg
ps_290,Pitted surface,train,1130,C:\Users\anmol\OneDrive\Desktop\Steel_Surface_Defect_NEU_DET-DATASET\SteelDefectX\train_by_class\Pitted surface\ps_290.jpg
ps_296,Pitted surface,train,1133,C:\Users\anmol\OneDrive\Desktop\Steel_Surface_Defect_NEU_DET-DATASET\SteelDefectX\train_by_class\Pitted surface\ps_296.jpg
ps_298,Pitted surface,train,1135,C:\Users\anmol\OneDrive\Desktop\Steel_Surface_Defect_NEU_DET-DATASET\SteelDefectX\train_by_class\Pitted surface\ps_298.jpg
ps_30,Pitted surface,train,1136,C:\Users\anmol\OneDrive\Desktop\Steel_Surface_Defect_NEU_DET-DATASET\SteelDefectX\train_by_class\Pitted surface\ps_30.jpg
ps_37,Pitted surface,train,1140,C:\Users\anmol\OneDrive\Desktop\Steel_Surface_Defect_NEU_DET-DATASET\SteelDefectX\train_by_class\Pitted surface\ps_37.jpg
ps_40,Pitted surface,train,1141,C:\Users\anmol\OneDrive\Desktop\Steel_Surface_Defect_NEU_DET-DATASET\SteelDefectX\train_by_class\Pitted surface\ps_40.jpg
ps_42,Pitted surface,train,1143,C:\Users\anmol\OneDrive\Desktop\Steel_Surface_Defect_NEU_DET-DATASET\SteelDefectX\train_by_class\Pitted surface\ps_42.jpg
ps_44,Pitted surface,train,1145,C:\Users\anmol\OneDrive\Desktop\Steel_Surface_Defect_NEU_DET-DATASET\SteelDefectX\train_by_class\Pitted surface\ps_44.jpg
ps_45,Pitted surface,train,1146,C:\Users\anmol\OneDrive\Desktop\Steel_Surface_Defect_NEU_DET-DATASET\SteelDefectX\train_by_class\Pitted surface\ps_45.jpg
ps_46,Pitted surface,train,1147,C:\Users\anmol\OneDrive\Desktop\Steel_Surface_Defect_NEU_DET-DATASET\SteelDefectX\train_by_class\Pitted surface\ps_46.jpg
ps_48,Pitted surface,train,1148,C:\Users\anmol\OneDrive\Desktop\Steel_Surface_Defect_NEU_DET-DATASET\SteelDefectX\train_by_class\Pitted surface\ps_48.jpg
ps_50,Pitted surface,train,1149,C:\Users\anmol\OneDrive\Desktop\Steel_Surface_Defect_NEU_DET-DATASET\SteelDefectX\train_by_class\Pitted surface\ps_50.jpg
ps_51,Pitted surface,train,1150,C:\Users\anmol\OneDrive\Desktop\Steel_Surface_Defect_NEU_DET-DATASET\SteelDefectX\train_by_class\Pitted surface\ps_51.jpg
ps_53,Pitted surface,train,1152,C:\Users\anmol\OneDrive\Desktop\Steel_Surface_Defect_NEU_DET-DATASET\SteelDefectX\train_by_class\Pitted surface\ps_53.jpg
ps_54,Pitted surface,train,1153,C:\Users\anmol\OneDrive\Desktop\Steel_Surface_Defect_NEU_DET-DATASET\SteelDefectX\train_by_class\Pitted surface\ps_54.jpg
ps_55,Pitted surface,train,1154,C:\Users\anmol\OneDrive\Desktop\Steel_Surface_Defect_NEU_DET-DATASET\SteelDefectX\train_by_class\Pitted surface\ps_55.jpg
ps_56,Pitted surface,train,1155,C:\Users\anmol\OneDrive\Desktop\Steel_Surface_Defect_NEU_DET-DATASET\SteelDefectX\train_by_class\Pitted surface\ps_56.jpg
ps_57,Pitted surface,train,1156,C:\Users\anmol\OneDrive\Desktop\Steel_Surface_Defect_NEU_DET-DATASET\SteelDefectX\train_by_class\Pitted surface\ps_57.jpg
ps_59,Pitted surface,train,1158,C:\Users\anmol\OneDrive\Desktop\Steel_Surface_Defect_NEU_DET-DATASET\SteelDefectX\train_by_class\Pitted surface\ps_59.jpg
ps_61,Pitted surface,train,1159,C:\Users\anmol\OneDrive\Desktop\Steel_Surface_Defect_NEU_DET-DATASET\SteelDefectX\train_by_class\Pitted surface\ps_61.jpg
ps_62,Pitted surface,train,1160,C:\Users\anmol\OneDrive\Desktop\Steel_Surface_Defect_NEU_DET-DATASET\SteelDefectX\train_by_class\Pitted surface\ps_62.jpg
ps_64,Pitted surface,train,1161,C:\Users\anmol\OneDrive\Desktop\Steel_Surface_Defect_NEU_DET-DATASET\SteelDefectX\train_by_class\Pitted surface\ps_64.jpg
ps_66,Pitted surface,train,1163,C:\Users\anmol\OneDrive\Desktop\Steel_Surface_Defect_NEU_DET-DATASET\SteelDefectX\train_by_class\Pitted surface\ps_66.jpg
ps_68,Pitted surface,train,1164,C:\Users\anmol\OneDrive\Desktop\Steel_Surface_Defect_NEU_DET-DATASET\SteelDefectX\train_by_class\Pitted surface\ps_68.jpg
ps_72,Pitted surface,train,1167,C:\Users\anmol\OneDrive\Desktop\Steel_Surface_Defect_NEU_DET-DATASET\SteelDefectX\train_by_class\Pitted surface\ps_72.jpg
ps_75,Pitted surface,train,1168,C:\Users\anmol\OneDrive\Desktop\Steel_Surface_Defect_NEU_DET-DATASET\SteelDefectX\train_by_class\Pitted surface\ps_75.jpg
ps_77,Pitted surface,train,1170,C:\Users\anmol\OneDrive\Desktop\Steel_Surface_Defect_NEU_DET-DATASET\SteelDefectX\train_by_class\Pitted surface\ps_77.jpg
ps_79,Pitted surface,train,1171,C:\Users\anmol\OneDrive\Desktop\Steel_Surface_Defect_NEU_DET-DATASET\SteelDefectX\train_by_class\Pitted surface\ps_79.jpg
ps_80,Pitted surface,train,1172,C:\Users\anmol\OneDrive\Desktop\Steel_Surface_Defect_NEU_DET-DATASET\SteelDefectX\train_by_class\Pitted surface\ps_80.jpg
ps_81,Pitted surface,train,1173,C:\Users\anmol\OneDrive\Desktop\Steel_Surface_Defect_NEU_DET-DATASET\SteelDefectX\train_by_class\Pitted surface\ps_81.jpg
ps_83,Pitted surface,train,1175,C:\Users\anmol\OneDrive\Desktop\Steel_Surface_Defect_NEU_DET-DATASET\SteelDefectX\train_by_class\Pitted surface\ps_83.jpg
ps_87,Pitted surface,train,1176,C:\Users\anmol\OneDrive\Desktop\Steel_Surface_Defect_NEU_DET-DATASET\SteelDefectX\train_by_class\Pitted surface\ps_87.jpg
ps_89,Pitted surface,train,1178,C:\Users\anmol\OneDrive\Desktop\Steel_Surface_Defect_NEU_DET-DATASET\SteelDefectX\train_by_class\Pitted surface\ps_89.jpg
ps_90,Pitted surface,train,1179,C:\Users\anmol\OneDrive\Desktop\Steel_Surface_Defect_NEU_DET-DATASET\SteelDefectX\train_by_class\Pitted surface\ps_90.jpg
ps_91,Pitted surface,train,1180,C:\Users\anmol\OneDrive\Desktop\Steel_Surface_Defect_NEU_DET-DATASET\SteelDefectX\train_by_class\Pitted surface\ps_91.jpg
ps_94,Pitted surface,train,1181,C:\Users\anmol\OneDrive\Desktop\Steel_Surface_Defect_NEU_DET-DATASET\SteelDefectX\train_by_class\Pitted surface\ps_94.jpg
ps_95,Pitted surface,train,1182,C:\Users\anmol\OneDrive\Desktop\Steel_Surface_Defect_NEU_DET-DATASET\SteelDefectX\train_by_class\Pitted surface\ps_95.jpg
ps_96,Pitted surface,train,1183,C:\Users\anmol\OneDrive\Desktop\Steel_Surface_Defect_NEU_DET-DATASET\SteelDefectX\train_by_class\Pitted surface\ps_96.jpg
ps_97,Pitted surface,train,1184,C:\Users\anmol\OneDrive\Desktop\Steel_Surface_Defect_NEU_DET-DATASET\SteelDefectX\train_by_class\Pitted surface\ps_97.jpg
ps_03,Pitted surface,val,978,C:\Users\anmol\OneDrive\Desktop\Steel_Surface_Defect_NEU_DET-DATASET\SteelDefectX\train_by_class\Pitted surface\ps_03.jpg
ps_100,Pitted surface,val,985,C:\Users\anmol\OneDrive\Desktop\Steel_Surface_Defect_NEU_DET-DATASET\SteelDefectX\train_by_class\Pitted surface\ps_100.jpg
ps_114,Pitted surface,val,998,C:\Users\anmol\OneDrive\Desktop\Steel_Surface_Defect_NEU_DET-DATASET\SteelDefectX\train_by_class\Pitted surface\ps_114.jpg
ps_132,Pitted surface,val,1013,C:\Users\anmol\OneDrive\Desktop\Steel_Surface_Defect_NEU_DET-DATASET\SteelDefectX\train_by_class\Pitted surface\ps_132.jpg
ps_159,Pitted surface,val,1037,C:\Users\anmol\OneDrive\Desktop\Steel_Surface_Defect_NEU_DET-DATASET\SteelDefectX\train_by_class\Pitted surface\ps_159.jpg
ps_172,Pitted surface,val,1046,C:\Users\anmol\OneDrive\Desktop\Steel_Surface_Defect_NEU_DET-DATASET\SteelDefectX\train_by_class\Pitted surface\ps_172.jpg
ps_178,Pitted surface,val,1049,C:\Users\anmol\OneDrive\Desktop\Steel_Surface_Defect_NEU_DET-DATASET\SteelDefectX\train_by_class\Pitted surface\ps_178.jpg
ps_189,Pitted surface,val,1057,C:\Users\anmol\OneDrive\Desktop\Steel_Surface_Defect_NEU_DET-DATASET\SteelDefectX\train_by_class\Pitted surface\ps_189.jpg
ps_190,Pitted surface,val,1059,C:\Users\anmol\OneDrive\Desktop\Steel_Surface_Defect_NEU_DET-DATASET\SteelDefectX\train_by_class\Pitted surface\ps_190.jpg
ps_198,Pitted surface,val,1064,C:\Users\anmol\OneDrive\Desktop\Steel_Surface_Defect_NEU_DET-DATASET\SteelDefectX\train_by_class\Pitted surface\ps_198.jpg
ps_201,Pitted surface,val,1066,C:\Users\anmol\OneDrive\Desktop\Steel_Surface_Defect_NEU_DET-DATASET\SteelDefectX\train_by_class\Pitted surface\ps_201.jpg
ps_224,Pitted surface,val,1084,C:\Users\anmol\OneDrive\Desktop\Steel_Surface_Defect_NEU_DET-DATASET\SteelDefectX\train_by_class\Pitted surface\ps_224.jpg
ps_231,Pitted surface,val,1090,C:\Users\anmol\OneDrive\Desktop\Steel_Surface_Defect_NEU_DET-DATASET\SteelDefectX\train_by_class\Pitted surface\ps_231.jpg
ps_238,Pitted surface,val,1094,C:\Users\anmol\OneDrive\Desktop\Steel_Surface_Defect_NEU_DET-DATASET\SteelDefectX\train_by_class\Pitted surface\ps_238.jpg
ps_276,Pitted surface,val,1121,C:\Users\anmol\OneDrive\Desktop\Steel_Surface_Defect_NEU_DET-DATASET\SteelDefectX\train_by_class\Pitted surface\ps_276.jpg
ps_287,Pitted surface,val,1128,C:\Users\anmol\OneDrive\Desktop\Steel_Surface_Defect_NEU_DET-DATASET\SteelDefectX\train_by_class\Pitted surface\ps_287.jpg
ps_35,Pitted surface,val,1138,C:\Users\anmol\OneDrive\Desktop\Steel_Surface_Defect_NEU_DET-DATASET\SteelDefectX\train_by_class\Pitted surface\ps_35.jpg
ps_36,Pitted surface,val,1139,C:\Users\anmol\OneDrive\Desktop\Steel_Surface_Defect_NEU_DET-DATASET\SteelDefectX\train_by_class\Pitted surface\ps_36.jpg
ps_70,Pitted surface,val,1165,C:\Users\anmol\OneDrive\Desktop\Steel_Surface_Defect_NEU_DET-DATASET\SteelDefectX\train_by_class\Pitted surface\ps_70.jpg
ps_76,Pitted surface,val,1169,C:\Users\anmol\OneDrive\Desktop\Steel_Surface_Defect_NEU_DET-DATASET\SteelDefectX\train_by_class\Pitted surface\ps_76.jpg
ps_82,Pitted surface,val,1174,C:\Users\anmol\OneDrive\Desktop\Steel_Surface_Defect_NEU_DET-DATASET\SteelDefectX\train_by_class\Pitted surface\ps_82.jpg
rs_03,Rolled in scale,test,1186,C:\Users\anmol\OneDrive\Desktop\Steel_Surface_Defect_NEU_DET-DATASET\SteelDefectX\train_by_class\Rolled in scale\rs_03.jpg
rs_106,Rolled in scale,test,1195,C:\Users\anmol\OneDrive\Desktop\Steel_Surface_Defect_NEU_DET-DATASET\SteelDefectX\train_by_class\Rolled in scale\rs_106.jpg
rs_110,Rolled in scale,test,1196,C:\Users\anmol\OneDrive\Desktop\Steel_Surface_Defect_NEU_DET-DATASET\SteelDefectX\train_by_class\Rolled in scale\rs_110.jpg
rs_114,Rolled in scale,test,1200,C:\Users\anmol\OneDrive\Desktop\Steel_Surface_Defect_NEU_DET-DATASET\SteelDefectX\train_by_class\Rolled in scale\rs_114.jpg
rs_12,Rolled in scale,test,1204,C:\Users\anmol\OneDrive\Desktop\Steel_Surface_Defect_NEU_DET-DATASET\SteelDefectX\train_by_class\Rolled in scale\rs_12.jpg
rs_120,Rolled in scale,test,1205,C:\Users\anmol\OneDrive\Desktop\Steel_Surface_Defect_NEU_DET-DATASET\SteelDefectX\train_by_class\Rolled in scale\rs_120.jpg
rs_128,Rolled in scale,test,1209,C:\Users\anmol\OneDrive\Desktop\Steel_Surface_Defect_NEU_DET-DATASET\SteelDefectX\train_by_class\Rolled in scale\rs_128.jpg
rs_136,Rolled in scale,test,1215,C:\Users\anmol\OneDrive\Desktop\Steel_Surface_Defect_NEU_DET-DATASET\SteelDefectX\train_by_class\Rolled in scale\rs_136.jpg
rs_156,Rolled in scale,test,1230,C:\Users\anmol\OneDrive\Desktop\Steel_Surface_Defect_NEU_DET-DATASET\SteelDefectX\train_by_class\Rolled in scale\rs_156.jpg
rs_164,Rolled in scale,test,1238,C:\Users\anmol\OneDrive\Desktop\Steel_Surface_Defect_NEU_DET-DATASET\SteelDefectX\train_by_class\Rolled in scale\rs_164.jpg
rs_165,Rolled in scale,test,1239,C:\Users\anmol\OneDrive\Desktop\Steel_Surface_Defect_NEU_DET-DATASET\SteelDefectX\train_by_class\Rolled in scale\rs_165.jpg
rs_166,Rolled in scale,test,1240,C:\Users\anmol\OneDrive\Desktop\Steel_Surface_Defect_NEU_DET-DATASET\SteelDefectX\train_by_class\Rolled in scale\rs_166.jpg
rs_197,Rolled in scale,test,1261,C:\Users\anmol\OneDrive\Desktop\Steel_Surface_Defect_NEU_DET-DATASET\SteelDefectX\train_by_class\Rolled in scale\rs_197.jpg
rs_20,Rolled in scale,test,1264,C:\Users\anmol\OneDrive\Desktop\Steel_Surface_Defect_NEU_DET-DATASET\SteelDefectX\train_by_class\Rolled in scale\rs_20.jpg
rs_205,Rolled in scale,test,1268,C:\Users\anmol\OneDrive\Desktop\Steel_Surface_Defect_NEU_DET-DATASET\SteelDefectX\train_by_class\Rolled in scale\rs_205.jpg
rs_214,Rolled in scale,test,1274,C:\Users\anmol\OneDrive\Desktop\Steel_Surface_Defect_NEU_DET-DATASET\SteelDefectX\train_by_class\Rolled in scale\rs_214.jpg
rs_218,Rolled in scale,test,1278,C:\Users\anmol\OneDrive\Desktop\Steel_Surface_Defect_NEU_DET-DATASET\SteelDefectX\train_by_class\Rolled in scale\rs_218.jpg
rs_221,Rolled in scale,test,1281,C:\Users\anmol\OneDrive\Desktop\Steel_Surface_Defect_NEU_DET-DATASET\SteelDefectX\train_by_class\Rolled in scale\rs_221.jpg
rs_223,Rolled in scale,test,1283,C:\Users\anmol\OneDrive\Desktop\Steel_Surface_Defect_NEU_DET-DATASET\SteelDefectX\train_by_class\Rolled in scale\rs_223.jpg
rs_225,Rolled in scale,test,1285,C:\Users\anmol\OneDrive\Desktop\Steel_Surface_Defect_NEU_DET-DATASET\SteelDefectX\train_by_class\Rolled in scale\rs_225.jpg
rs_228,Rolled in scale,test,1288,C:\Users\anmol\OneDrive\Desktop\Steel_Surface_Defect_NEU_DET-DATASET\SteelDefectX\train_by_class\Rolled in scale\rs_228.jpg
rs_229,Rolled in scale,test,1289,C:\Users\anmol\OneDrive\Desktop\Steel_Surface_Defect_NEU_DET-DATASET\SteelDefectX\train_by_class\Rolled in scale\rs_229.jpg
rs_230,Rolled in scale,test,1291,C:\Users\anmol\OneDrive\Desktop\Steel_Surface_Defect_NEU_DET-DATASET\SteelDefectX\train_by_class\Rolled in scale\rs_230.jpg
rs_233,Rolled in scale,test,1293,C:\Users\anmol\OneDrive\Desktop\Steel_Surface_Defect_NEU_DET-DATASET\SteelDefectX\train_by_class\Rolled in scale\rs_233.jpg
rs_239,Rolled in scale,test,1295,C:\Users\anmol\OneDrive\Desktop\Steel_Surface_Defect_NEU_DET-DATASET\SteelDefectX\train_by_class\Rolled in scale\rs_239.jpg
rs_242,Rolled in scale,test,1298,C:\Users\anmol\OneDrive\Desktop\Steel_Surface_Defect_NEU_DET-DATASET\SteelDefectX\train_by_class\Rolled in scale\rs_242.jpg
rs_246,Rolled in scale,test,1302,C:\Users\anmol\OneDrive\Desktop\Steel_Surface_Defect_NEU_DET-DATASET\SteelDefectX\train_by_class\Rolled in scale\rs_246.jpg
rs_249,Rolled in scale,test,1303,C:\Users\anmol\OneDrive\Desktop\Steel_Surface_Defect_NEU_DET-DATASET\SteelDefectX\train_by_class\Rolled in scale\rs_249.jpg
rs_26,Rolled in scale,test,1310,C:\Users\anmol\OneDrive\Desktop\Steel_Surface_Defect_NEU_DET-DATASET\SteelDefectX\train_by_class\Rolled in scale\rs_26.jpg
rs_269,Rolled in scale,test,1318,C:\Users\anmol\OneDrive\Desktop\Steel_Surface_Defect_NEU_DET-DATASET\SteelDefectX\train_by_class\Rolled in scale\rs_269.jpg
rs_285,Rolled in scale,test,1331,C:\Users\anmol\OneDrive\Desktop\Steel_Surface_Defect_NEU_DET-DATASET\SteelDefectX\train_by_class\Rolled in scale\rs_285.jpg
rs_287,Rolled in scale,test,1332,C:\Users\anmol\OneDrive\Desktop\Steel_Surface_Defect_NEU_DET-DATASET\SteelDefectX\train_by_class\Rolled in scale\rs_287.jpg
rs_35,Rolled in scale,test,1347,C:\Users\anmol\OneDrive\Desktop\Steel_Surface_Defect_NEU_DET-DATASET\SteelDefectX\train_by_class\Rolled in scale\rs_35.jpg
rs_43,Rolled in scale,test,1353,C:\Users\anmol\OneDrive\Desktop\Steel_Surface_Defect_NEU_DET-DATASET\SteelDefectX\train_by_class\Rolled in scale\rs_43.jpg
rs_52,Rolled in scale,test,1358,C:\Users\anmol\OneDrive\Desktop\Steel_Surface_Defect_NEU_DET-DATASET\SteelDefectX\train_by_class\Rolled in scale\rs_52.jpg
rs_54,Rolled in scale,test,1360,C:\Users\anmol\OneDrive\Desktop\Steel_Surface_Defect_NEU_DET-DATASET\SteelDefectX\train_by_class\Rolled in scale\rs_54.jpg
rs_58,Rolled in scale,test,1363,C:\Users\anmol\OneDrive\Desktop\Steel_Surface_Defect_NEU_DET-DATASET\SteelDefectX\train_by_class\Rolled in scale\rs_58.jpg
rs_62,Rolled in scale,test,1365,C:\Users\anmol\OneDrive\Desktop\Steel_Surface_Defect_NEU_DET-DATASET\SteelDefectX\train_by_class\Rolled in scale\rs_62.jpg
rs_68,Rolled in scale,test,1371,C:\Users\anmol\OneDrive\Desktop\Steel_Surface_Defect_NEU_DET-DATASET\SteelDefectX\train_by_class\Rolled in scale\rs_68.jpg
rs_71,Rolled in scale,test,1373,C:\Users\anmol\OneDrive\Desktop\Steel_Surface_Defect_NEU_DET-DATASET\SteelDefectX\train_by_class\Rolled in scale\rs_71.jpg
rs_86,Rolled in scale,test,1384,C:\Users\anmol\OneDrive\Desktop\Steel_Surface_Defect_NEU_DET-DATASET\SteelDefectX\train_by_class\Rolled in scale\rs_86.jpg
rs_93,Rolled in scale,test,1390,C:\Users\anmol\OneDrive\Desktop\Steel_Surface_Defect_NEU_DET-DATASET\SteelDefectX\train_by_class\Rolled in scale\rs_93.jpg
rs_02,Rolled in scale,train,1185,C:\Users\anmol\OneDrive\Desktop\Steel_Surface_Defect_NEU_DET-DATASET\SteelDefectX\train_by_class\Rolled in scale\rs_02.jpg
rs_04,Rolled in scale,train,1187,C:\Users\anmol\OneDrive\Desktop\Steel_Surface_Defect_NEU_DET-DATASET\SteelDefectX\train_by_class\Rolled in scale\rs_04.jpg
rs_07,Rolled in scale,train,1188,C:\Users\anmol\OneDrive\Desktop\Steel_Surface_Defect_NEU_DET-DATASET\SteelDefectX\train_by_class\Rolled in scale\rs_07.jpg
rs_08,Rolled in scale,train,1189,C:\Users\anmol\OneDrive\Desktop\Steel_Surface_Defect_NEU_DET-DATASET\SteelDefectX\train_by_class\Rolled in scale\rs_08.jpg
rs_09,Rolled in scale,train,1190,C:\Users\anmol\OneDrive\Desktop\Steel_Surface_Defect_NEU_DET-DATASET\SteelDefectX\train_by_class\Rolled in scale\rs_09.jpg
rs_101,Rolled in scale,train,1191,C:\Users\anmol\OneDrive\Desktop\Steel_Surface_Defect_NEU_DET-DATASET\SteelDefectX\train_by_class\Rolled in scale\rs_101.jpg
rs_102,Rolled in scale,train,1192,C:\Users\anmol\OneDrive\Desktop\Steel_Surface_Defect_NEU_DET-DATASET\SteelDefectX\train_by_class\Rolled in scale\rs_102.jpg
rs_104,Rolled in scale,train,1193,C:\Users\anmol\OneDrive\Desktop\Steel_Surface_Defect_NEU_DET-DATASET\SteelDefectX\train_by_class\Rolled in scale\rs_104.jpg
rs_105,Rolled in scale,train,1194,C:\Users\anmol\OneDrive\Desktop\Steel_Surface_Defect_NEU_DET-DATASET\SteelDefectX\train_by_class\Rolled in scale\rs_105.jpg
rs_113,Rolled in scale,train,1199,C:\Users\anmol\OneDrive\Desktop\Steel_Surface_Defect_NEU_DET-DATASET\SteelDefectX\train_by_class\Rolled in scale\rs_113.jpg
rs_116,Rolled in scale,train,1201,C:\Users\anmol\OneDrive\Desktop\Steel_Surface_Defect_NEU_DET-DATASET\SteelDefectX\train_by_class\Rolled in scale\rs_116.jpg
rs_117,Rolled in scale,train,1202,C:\Users\anmol\OneDrive\Desktop\Steel_Surface_Defect_NEU_DET-DATASET\SteelDefectX\train_by_class\Rolled in scale\rs_117.jpg
rs_118,Rolled in scale,train,1203,C:\Users\anmol\OneDrive\Desktop\Steel_Surface_Defect_NEU_DET-DATASET\SteelDefectX\train_by_class\Rolled in scale\rs_118.jpg
rs_121,Rolled in scale,train,1206,C:\Users\anmol\OneDrive\Desktop\Steel_Surface_Defect_NEU_DET-DATASET\SteelDefectX\train_by_class\Rolled in scale\rs_121.jpg
rs_125,Rolled in scale,train,1207,C:\Users\anmol\OneDrive\Desktop\Steel_Surface_Defect_NEU_DET-DATASET\SteelDefectX\train_by_class\Rolled in scale\rs_125.jpg
rs_130,Rolled in scale,train,1210,C:\Users\anmol\OneDrive\Desktop\Steel_Surface_Defect_NEU_DET-DATASET\SteelDefectX\train_by_class\Rolled in scale\rs_130.jpg
rs_131,Rolled in scale,train,1211,C:\Users\anmol\OneDrive\Desktop\Steel_Surface_Defect_NEU_DET-DATASET\SteelDefectX\train_by_class\Rolled in scale\rs_131.jpg
rs_134,Rolled in scale,train,1213,C:\Users\anmol\OneDrive\Desktop\Steel_Surface_Defect_NEU_DET-DATASET\SteelDefectX\train_by_class\Rolled in scale\rs_134.jpg
rs_135,Rolled in scale,train,1214,C:\Users\anmol\OneDrive\Desktop\Steel_Surface_Defect_NEU_DET-DATASET\SteelDefectX\train_by_class\Rolled in scale\rs_135.jpg
rs_137,Rolled in scale,train,1216,C:\Users\anmol\OneDrive\Desktop\Steel_Surface_Defect_NEU_DET-DATASET\SteelDefectX\train_by_class\Rolled in scale\rs_137.jpg
rs_14,Rolled in scale,train,1218,C:\Users\anmol\OneDrive\Desktop\Steel_Surface_Defect_NEU_DET-DATASET\SteelDefectX\train_by_class\Rolled in scale\rs_14.jpg
rs_142,Rolled in scale,train,1219,C:\Users\anmol\OneDrive\Desktop\Steel_Surface_Defect_NEU_DET-DATASET\SteelDefectX\train_by_class\Rolled in scale\rs_142.jpg
rs_143,Rolled in scale,train,1220,C:\Users\anmol\OneDrive\Desktop\Steel_Surface_Defect_NEU_DET-DATASET\SteelDefectX\train_by_class\Rolled in scale\rs_143.jpg
rs_144,Rolled in scale,train,1221,C:\Users\anmol\OneDrive\Desktop\Steel_Surface_Defect_NEU_DET-DATASET\SteelDefectX\train_by_class\Rolled in scale\rs_144.jpg
rs_145,Rolled in scale,train,1222,C:\Users\anmol\OneDrive\Desktop\Steel_Surface_Defect_NEU_DET-DATASET\SteelDefectX\train_by_class\Rolled in scale\rs_145.jpg
rs_146,Rolled in scale,train,1223,C:\Users\anmol\OneDrive\Desktop\Steel_Surface_Defect_NEU_DET-DATASET\SteelDefectX\train_by_class\Rolled in scale\rs_146.jpg
rs_148,Rolled in scale,train,1224,C:\Users\anmol\OneDrive\Desktop\Steel_Surface_Defect_NEU_DET-DATASET\SteelDefectX\train_by_class\Rolled in scale\rs_148.jpg
rs_15,Rolled in scale,train,1225,C:\Users\anmol\OneDrive\Desktop\Steel_Surface_Defect_NEU_DET-DATASET\SteelDefectX\train_by_class\Rolled in scale\rs_15.jpg
rs_150,Rolled in scale,train,1226,C:\Users\anmol\OneDrive\Desktop\Steel_Surface_Defect_NEU_DET-DATASET\SteelDefectX\train_by_class\Rolled in scale\rs_150.jpg
rs_151,Rolled in scale,train,1227,C:\Users\anmol\OneDrive\Desktop\Steel_Surface_Defect_NEU_DET-DATASET\SteelDefectX\train_by_class\Rolled in scale\rs_151.jpg
rs_152,Rolled in scale,train,1228,C:\Users\anmol\OneDrive\Desktop\Steel_Surface_Defect_NEU_DET-DATASET\SteelDefectX\train_by_class\Rolled in scale\rs_152.jpg
rs_155,Rolled in scale,train,1229,C:\Users\anmol\OneDrive\Desktop\Steel_Surface_Defect_NEU_DET-DATASET\SteelDefectX\train_by_class\Rolled in scale\rs_155.jpg
rs_157,Rolled in scale,train,1231,C:\Users\anmol\OneDrive\Desktop\Steel_Surface_Defect_NEU_DET-DATASET\SteelDefectX\train_by_class\Rolled in scale\rs_157.jpg
rs_158,Rolled in scale,train,1232,C:\Users\anmol\OneDrive\Desktop\Steel_Surface_Defect_NEU_DET-DATASET\SteelDefectX\train_by_class\Rolled in scale\rs_158.jpg
rs_159,Rolled in scale,train,1233,C:\Users\anmol\OneDrive\Desktop\Steel_Surface_Defect_NEU_DET-DATASET\SteelDefectX\train_by_class\Rolled in scale\rs_159.jpg
rs_161,Rolled in scale,train,1235,C:\Users\anmol\OneDrive\Desktop\Steel_Surface_Defect_NEU_DET-DATASET\SteelDefectX\train_by_class\Rolled in scale\rs_161.jpg
rs_162,Rolled in scale,train,1236,C:\Users\anmol\OneDrive\Desktop\Steel_Surface_Defect_NEU_DET-DATASET\SteelDefectX\train_by_class\Rolled in scale\rs_162.jpg
rs_163,Rolled in scale,train,1237,C:\Users\anmol\OneDrive\Desktop\Steel_Surface_Defect_NEU_DET-DATASET\SteelDefectX\train_by_class\Rolled in scale\rs_163.jpg
rs_169,Rolled in scale,train,1241,C:\Users\anmol\OneDrive\Desktop\Steel_Surface_Defect_NEU_DET-DATASET\SteelDefectX\train_by_class\Rolled in scale\rs_169.jpg
rs_172,Rolled in scale,train,1242,C:\Users\anmol\OneDrive\Desktop\Steel_Surface_Defect_NEU_DET-DATASET\SteelDefectX\train_by_class\Rolled in scale\rs_172.jpg
rs_174,Rolled in scale,train,1243,C:\Users\anmol\OneDrive\Desktop\Steel_Surface_Defect_NEU_DET-DATASET\SteelDefectX\train_by_class\Rolled in scale\rs_174.jpg
rs_175,Rolled in scale,train,1244,C:\Users\anmol\OneDrive\Desktop\Steel_Surface_Defect_NEU_DET-DATASET\SteelDefectX\train_by_class\Rolled in scale\rs_175.jpg
rs_176,Rolled in scale,train,1245,C:\Users\anmol\OneDrive\Desktop\Steel_Surface_Defect_NEU_DET-DATASET\SteelDefectX\train_by_class\Rolled in scale\rs_176.jpg
rs_177,Rolled in scale,train,1246,C:\Users\anmol\OneDrive\Desktop\Steel_Surface_Defect_NEU_DET-DATASET\SteelDefectX\train_by_class\Rolled in scale\rs_177.jpg
rs_18,Rolled in scale,train,1248,C:\Users\anmol\OneDrive\Desktop\Steel_Surface_Defect_NEU_DET-DATASET\SteelDefectX\train_by_class\Rolled in scale\rs_18.jpg
rs_180,Rolled in scale,train,1249,C:\Users\anmol\OneDrive\Desktop\Steel_Surface_Defect_NEU_DET-DATASET\SteelDefectX\train_by_class\Rolled in scale\rs_180.jpg
rs_181,Rolled in scale,train,1250,C:\Users\anmol\OneDrive\Desktop\Steel_Surface_Defect_NEU_DET-DATASET\SteelDefectX\train_by_class\Rolled in scale\rs_181.jpg
rs_182,Rolled in scale,train,1251,C:\Users\anmol\OneDrive\Desktop\Steel_Surface_Defect_NEU_DET-DATASET\SteelDefectX\train_by_class\Rolled in scale\rs_182.jpg
rs_183,Rolled in scale,train,1252,C:\Users\anmol\OneDrive\Desktop\Steel_Surface_Defect_NEU_DET-DATASET\SteelDefectX\train_by_class\Rolled in scale\rs_183.jpg
rs_187,Rolled in scale,train,1253,C:\Users\anmol\OneDrive\Desktop\Steel_Surface_Defect_NEU_DET-DATASET\SteelDefectX\train_by_class\Rolled in scale\rs_187.jpg
rs_19,Rolled in scale,train,1254,C:\Users\anmol\OneDrive\Desktop\Steel_Surface_Defect_NEU_DET-DATASET\SteelDefectX\train_by_class\Rolled in scale\rs_19.jpg
rs_191,Rolled in scale,train,1256,C:\Users\anmol\OneDrive\Desktop\Steel_Surface_Defect_NEU_DET-DATASET\SteelDefectX\train_by_class\Rolled in scale\rs_191.jpg
rs_192,Rolled in scale,train,1257,C:\Users\anmol\OneDrive\Desktop\Steel_Surface_Defect_NEU_DET-DATASET\SteelDefectX\train_by_class\Rolled in scale\rs_192.jpg
rs_194,Rolled in scale,train,1258,C:\Users\anmol\OneDrive\Desktop\Steel_Surface_Defect_NEU_DET-DATASET\SteelDefectX\train_by_class\Rolled in scale\rs_194.jpg
rs_195,Rolled in scale,train,1259,C:\Users\anmol\OneDrive\Desktop\Steel_Surface_Defect_NEU_DET-DATASET\SteelDefectX\train_by_class\Rolled in scale\rs_195.jpg
rs_196,Rolled in scale,train,1260,C:\Users\anmol\OneDrive\Desktop\Steel_Surface_Defect_NEU_DET-DATASET\SteelDefectX\train_by_class\Rolled in scale\rs_196.jpg
rs_198,Rolled in scale,train,1262,C:\Users\anmol\OneDrive\Desktop\Steel_Surface_Defect_NEU_DET-DATASET\SteelDefectX\train_by_class\Rolled in scale\rs_198.jpg
rs_199,Rolled in scale,train,1263,C:\Users\anmol\OneDrive\Desktop\Steel_Surface_Defect_NEU_DET-DATASET\SteelDefectX\train_by_class\Rolled in scale\rs_199.jpg
rs_200,Rolled in scale,train,1265,C:\Users\anmol\OneDrive\Desktop\Steel_Surface_Defect_NEU_DET-DATASET\SteelDefectX\train_by_class\Rolled in scale\rs_200.jpg
rs_201,Rolled in scale,train,1266,C:\Users\anmol\OneDrive\Desktop\Steel_Surface_Defect_NEU_DET-DATASET\SteelDefectX\train_by_class\Rolled in scale\rs_201.jpg
rs_203,Rolled in scale,train,1267,C:\Users\anmol\OneDrive\Desktop\Steel_Surface_Defect_NEU_DET-DATASET\SteelDefectX\train_by_class\Rolled in scale\rs_203.jpg
rs_206,Rolled in scale,train,1269,C:\Users\anmol\OneDrive\Desktop\Steel_Surface_Defect_NEU_DET-DATASET\SteelDefectX\train_by_class\Rolled in scale\rs_206.jpg
rs_209,Rolled in scale,train,1270,C:\Users\anmol\OneDrive\Desktop\Steel_Surface_Defect_NEU_DET-DATASET\SteelDefectX\train_by_class\Rolled in scale\rs_209.jpg
rs_21,Rolled in scale,train,1271,C:\Users\anmol\OneDrive\Desktop\Steel_Surface_Defect_NEU_DET-DATASET\SteelDefectX\train_by_class\Rolled in scale\rs_21.jpg
rs_211,Rolled in scale,train,1273,C:\Users\anmol\OneDrive\Desktop\Steel_Surface_Defect_NEU_DET-DATASET\SteelDefectX\train_by_class\Rolled in scale\rs_211.jpg
rs_215,Rolled in scale,train,1275,C:\Users\anmol\OneDrive\Desktop\Steel_Surface_Defect_NEU_DET-DATASET\SteelDefectX\train_by_class\Rolled in scale\rs_215.jpg
rs_216,Rolled in scale,train,1276,C:\Users\anmol\OneDrive\Desktop\Steel_Surface_Defect_NEU_DET-DATASET\SteelDefectX\train_by_class\Rolled in scale\rs_216.jpg
rs_217,Rolled in scale,train,1277,C:\Users\anmol\OneDrive\Desktop\Steel_Surface_Defect_NEU_DET-DATASET\SteelDefectX\train_by_class\Rolled in scale\rs_217.jpg
rs_219,Rolled in scale,train,1279,C:\Users\anmol\OneDrive\Desktop\Steel_Surface_Defect_NEU_DET-DATASET\SteelDefectX\train_by_class\Rolled in scale\rs_219.jpg
rs_220,Rolled in scale,train,1280,C:\Users\anmol\OneDrive\Desktop\Steel_Surface_Defect_NEU_DET-DATASET\SteelDefectX\train_by_class\Rolled in scale\rs_220.jpg
rs_222,Rolled in scale,train,1282,C:\Users\anmol\OneDrive\Desktop\Steel_Surface_Defect_NEU_DET-DATASET\SteelDefectX\train_by_class\Rolled in scale\rs_222.jpg
rs_224,Rolled in scale,train,1284,C:\Users\anmol\OneDrive\Desktop\Steel_Surface_Defect_NEU_DET-DATASET\SteelDefectX\train_by_class\Rolled in scale\rs_224.jpg
rs_226,Rolled in scale,train,1286,C:\Users\anmol\OneDrive\Desktop\Steel_Surface_Defect_NEU_DET-DATASET\SteelDefectX\train_by_class\Rolled in scale\rs_226.jpg
rs_227,Rolled in scale,train,1287,C:\Users\anmol\OneDrive\Desktop\Steel_Surface_Defect_NEU_DET-DATASET\SteelDefectX\train_by_class\Rolled in scale\rs_227.jpg
rs_23,Rolled in scale,train,1290,C:\Users\anmol\OneDrive\Desktop\Steel_Surface_Defect_NEU_DET-DATASET\SteelDefectX\train_by_class\Rolled in scale\rs_23.jpg
rs_232,Rolled in scale,train,1292,C:\Users\anmol\OneDrive\Desktop\Steel_Surface_Defect_NEU_DET-DATASET\SteelDefectX\train_by_class\Rolled in scale\rs_232.jpg
rs_237,Rolled in scale,train,1294,C:\Users\anmol\OneDrive\Desktop\Steel_Surface_Defect_NEU_DET-DATASET\SteelDefectX\train_by_class\Rolled in scale\rs_237.jpg
rs_24,Rolled in scale,train,1296,C:\Users\anmol\OneDrive\Desktop\Steel_Surface_Defect_NEU_DET-DATASET\SteelDefectX\train_by_class\Rolled in scale\rs_24.jpg
rs_243,Rolled in scale,train,1299,C:\Users\anmol\OneDrive\Desktop\Steel_Surface_Defect_NEU_DET-DATASET\SteelDefectX\train_by_class\Rolled in scale\rs_243.jpg
rs_244,Rolled in scale,train,1300,C:\Users\anmol\OneDrive\Desktop\Steel_Surface_Defect_NEU_DET-DATASET\SteelDefectX\train_by_class\Rolled in scale\rs_244.jpg
rs_245,Rolled in scale,train,1301,C:\Users\anmol\OneDrive\Desktop\Steel_Surface_Defect_NEU_DET-DATASET\SteelDefectX\train_by_class\Rolled in scale\rs_245.jpg
rs_25,Rolled in scale,train,1304,C:\Users\anmol\OneDrive\Desktop\Steel_Surface_Defect_NEU_DET-DATASET\SteelDefectX\train_by_class\Rolled in scale\rs_25.jpg
rs_250,Rolled in scale,train,1305,C:\Users\anmol\OneDrive\Desktop\Steel_Surface_Defect_NEU_DET-DATASET\SteelDefectX\train_by_class\Rolled in scale\rs_250.jpg
rs_251,Rolled in scale,train,1306,C:\Users\anmol\OneDrive\Desktop\Steel_Surface_Defect_NEU_DET-DATASET\SteelDefectX\train_by_class\Rolled in scale\rs_251.jpg
rs_255,Rolled in scale,train,1308,C:\Users\anmol\OneDrive\Desktop\Steel_Surface_Defect_NEU_DET-DATASET\SteelDefectX\train_by_class\Rolled in scale\rs_255.jpg
rs_259,Rolled in scale,train,1309,C:\Users\anmol\OneDrive\Desktop\Steel_Surface_Defect_NEU_DET-DATASET\SteelDefectX\train_by_class\Rolled in scale\rs_259.jpg
rs_261,Rolled in scale,train,1311,C:\Users\anmol\OneDrive\Desktop\Steel_Surface_Defect_NEU_DET-DATASET\SteelDefectX\train_by_class\Rolled in scale\rs_261.jpg
rs_262,Rolled in scale,train,1312,C:\Users\anmol\OneDrive\Desktop\Steel_Surface_Defect_NEU_DET-DATASET\SteelDefectX\train_by_class\Rolled in scale\rs_262.jpg
rs_263,Rolled in scale,train,1313,C:\Users\anmol\OneDrive\Desktop\Steel_Surface_Defect_NEU_DET-DATASET\SteelDefectX\train_by_class\Rolled in scale\rs_263.jpg
rs_265,Rolled in scale,train,1314,C:\Users\anmol\OneDrive\Desktop\Steel_Surface_Defect_NEU_DET-DATASET\SteelDefectX\train_by_class\Rolled in scale\rs_265.jpg
rs_266,Rolled in scale,train,1315,C:\Users\anmol\OneDrive\Desktop\Steel_Surface_Defect_NEU_DET-DATASET\SteelDefectX\train_by_class\Rolled in scale\rs_266.jpg
rs_267,Rolled in scale,train,1316,C:\Users\anmol\OneDrive\Desktop\Steel_Surface_Defect_NEU_DET-DATASET\SteelDefectX\train_by_class\Rolled in scale\rs_267.jpg
rs_268,Rolled in scale,train,1317,C:\Users\anmol\OneDrive\Desktop\Steel_Surface_Defect_NEU_DET-DATASET\SteelDefectX\train_by_class\Rolled in scale\rs_268.jpg
rs_27,Rolled in scale,train,1319,C:\Users\anmol\OneDrive\Desktop\Steel_Surface_Defect_NEU_DET-DATASET\SteelDefectX\train_by_class\Rolled in scale\rs_27.jpg
rs_271,Rolled in scale,train,1320,C:\Users\anmol\OneDrive\Desktop\Steel_Surface_Defect_NEU_DET-DATASET\SteelDefectX\train_by_class\Rolled in scale\rs_271.jpg
rs_272,Rolled in scale,train,1321,C:\Users\anmol\OneDrive\Desktop\Steel_Surface_Defect_NEU_DET-DATASET\SteelDefectX\train_by_class\Rolled in scale\rs_272.jpg
rs_273,Rolled in scale,train,1322,C:\Users\anmol\OneDrive\Desktop\Steel_Surface_Defect_NEU_DET-DATASET\SteelDefectX\train_by_class\Rolled in scale\rs_273.jpg
rs_274,Rolled in scale,train,1323,C:\Users\anmol\OneDrive\Desktop\Steel_Surface_Defect_NEU_DET-DATASET\SteelDefectX\train_by_class\Rolled in scale\rs_274.jpg
rs_277,Rolled in scale,train,1324,C:\Users\anmol\OneDrive\Desktop\Steel_Surface_Defect_NEU_DET-DATASET\SteelDefectX\train_by_class\Rolled in scale\rs_277.jpg
rs_278,Rolled in scale,train,1325,C:\Users\anmol\OneDrive\Desktop\Steel_Surface_Defect_NEU_DET-DATASET\SteelDefectX\train_by_class\Rolled in scale\rs_278.jpg
rs_279,Rolled in scale,train,1326,C:\Users\anmol\OneDrive\Desktop\Steel_Surface_Defect_NEU_DET-DATASET\SteelDefectX\train_by_class\Rolled in scale\rs_279.jpg
rs_28,Rolled in scale,train,1327,C:\Users\anmol\OneDrive\Desktop\Steel_Surface_Defect_NEU_DET-DATASET\SteelDefectX\train_by_class\Rolled in scale\rs_28.jpg
rs_281,Rolled in scale,train,1328,C:\Users\anmol\OneDrive\Desktop\Steel_Surface_Defect_NEU_DET-DATASET\SteelDefectX\train_by_class\Rolled in scale\rs_281.jpg
rs_283,Rolled in scale,train,1329,C:\Users\anmol\OneDrive\Desktop\Steel_Surface_Defect_NEU_DET-DATASET\SteelDefectX\train_by_class\Rolled in scale\rs_283.jpg
rs_288,Rolled in scale,train,1333,C:\Users\anmol\OneDrive\Desktop\Steel_Surface_Defect_NEU_DET-DATASET\SteelDefectX\train_by_class\Rolled in scale\rs_288.jpg
rs_290,Rolled in scale,train,1335,C:\Users\anmol\OneDrive\Desktop\Steel_Surface_Defect_NEU_DET-DATASET\SteelDefectX\train_by_class\Rolled in scale\rs_290.jpg
rs_291,Rolled in scale,train,1336,C:\Users\anmol\OneDrive\Desktop\Steel_Surface_Defect_NEU_DET-DATASET\SteelDefectX\train_by_class\Rolled in scale\rs_291.jpg
rs_293,Rolled in scale,train,1337,C:\Users\anmol\OneDrive\Desktop\Steel_Surface_Defect_NEU_DET-DATASET\SteelDefectX\train_by_class\Rolled in scale\rs_293.jpg
rs_295,Rolled in scale,train,1338,C:\Users\anmol\OneDrive\Desktop\Steel_Surface_Defect_NEU_DET-DATASET\SteelDefectX\train_by_class\Rolled in scale\rs_295.jpg
rs_296,Rolled in scale,train,1339,C:\Users\anmol\OneDrive\Desktop\Steel_Surface_Defect_NEU_DET-DATASET\SteelDefectX\train_by_class\Rolled in scale\rs_296.jpg
rs_297,Rolled in scale,train,1340,C:\Users\anmol\OneDrive\Desktop\Steel_Surface_Defect_NEU_DET-DATASET\SteelDefectX\train_by_class\Rolled in scale\rs_297.jpg
rs_298,Rolled in scale,train,1341,C:\Users\anmol\OneDrive\Desktop\Steel_Surface_Defect_NEU_DET-DATASET\SteelDefectX\train_by_class\Rolled in scale\rs_298.jpg
rs_299,Rolled in scale,train,1342,C:\Users\anmol\OneDrive\Desktop\Steel_Surface_Defect_NEU_DET-DATASET\SteelDefectX\train_by_class\Rolled in scale\rs_299.jpg
rs_32,Rolled in scale,train,1345,C:\Users\anmol\OneDrive\Desktop\Steel_Surface_Defect_NEU_DET-DATASET\SteelDefectX\train_by_class\Rolled in scale\rs_32.jpg
rs_34,Rolled in scale,train,1346,C:\Users\anmol\OneDrive\Desktop\Steel_Surface_Defect_NEU_DET-DATASET\SteelDefectX\train_by_class\Rolled in scale\rs_34.jpg
rs_37,Rolled in scale,train,1348,C:\Users\anmol\OneDrive\Desktop\Steel_Surface_Defect_NEU_DET-DATASET\SteelDefectX\train_by_class\Rolled in scale\rs_37.jpg
rs_38,Rolled in scale,train,1349,C:\Users\anmol\OneDrive\Desktop\Steel_Surface_Defect_NEU_DET-DATASET\SteelDefectX\train_by_class\Rolled in scale\rs_38.jpg
rs_39,Rolled in scale,train,1350,C:\Users\anmol\OneDrive\Desktop\Steel_Surface_Defect_NEU_DET-DATASET\SteelDefectX\train_by_class\Rolled in scale\rs_39.jpg
rs_40,Rolled in scale,train,1351,C:\Users\anmol\OneDrive\Desktop\Steel_Surface_Defect_NEU_DET-DATASET\SteelDefectX\train_by_class\Rolled in scale\rs_40.jpg
rs_41,Rolled in scale,train,1352,C:\Users\anmol\OneDrive\Desktop\Steel_Surface_Defect_NEU_DET-DATASET\SteelDefectX\train_by_class\Rolled in scale\rs_41.jpg
rs_44,Rolled in scale,train,1354,C:\Users\anmol\OneDrive\Desktop\Steel_Surface_Defect_NEU_DET-DATASET\SteelDefectX\train_by_class\Rolled in scale\rs_44.jpg
rs_45,Rolled in scale,train,1355,C:\Users\anmol\OneDrive\Desktop\Steel_Surface_Defect_NEU_DET-DATASET\SteelDefectX\train_by_class\Rolled in scale\rs_45.jpg
rs_48,Rolled in scale,train,1356,C:\Users\anmol\OneDrive\Desktop\Steel_Surface_Defect_NEU_DET-DATASET\SteelDefectX\train_by_class\Rolled in scale\rs_48.jpg
rs_49,Rolled in scale,train,1357,C:\Users\anmol\OneDrive\Desktop\Steel_Surface_Defect_NEU_DET-DATASET\SteelDefectX\train_by_class\Rolled in scale\rs_49.jpg
rs_53,Rolled in scale,train,1359,C:\Users\anmol\OneDrive\Desktop\Steel_Surface_Defect_NEU_DET-DATASET\SteelDefectX\train_by_class\Rolled in scale\rs_53.jpg
rs_56,Rolled in scale,train,1361,C:\Users\anmol\OneDrive\Desktop\Steel_Surface_Defect_NEU_DET-DATASET\SteelDefectX\train_by_class\Rolled in scale\rs_56.jpg
rs_60,Rolled in scale,train,1364,C:\Users\anmol\OneDrive\Desktop\Steel_Surface_Defect_NEU_DET-DATASET\SteelDefectX\train_by_class\Rolled in scale\rs_60.jpg
rs_64,Rolled in scale,train,1367,C:\Users\anmol\OneDrive\Desktop\Steel_Surface_Defect_NEU_DET-DATASET\SteelDefectX\train_by_class\Rolled in scale\rs_64.jpg
rs_65,Rolled in scale,train,1368,C:\Users\anmol\OneDrive\Desktop\Steel_Surface_Defect_NEU_DET-DATASET\SteelDefectX\train_by_class\Rolled in scale\rs_65.jpg
rs_66,Rolled in scale,train,1369,C:\Users\anmol\OneDrive\Desktop\Steel_Surface_Defect_NEU_DET-DATASET\SteelDefectX\train_by_class\Rolled in scale\rs_66.jpg
rs_67,Rolled in scale,train,1370,C:\Users\anmol\OneDrive\Desktop\Steel_Surface_Defect_NEU_DET-DATASET\SteelDefectX\train_by_class\Rolled in scale\rs_67.jpg
rs_70,Rolled in scale,train,1372,C:\Users\anmol\OneDrive\Desktop\Steel_Surface_Defect_NEU_DET-DATASET\SteelDefectX\train_by_class\Rolled in scale\rs_70.jpg
rs_73,Rolled in scale,train,1375,C:\Users\anmol\OneDrive\Desktop\Steel_Surface_Defect_NEU_DET-DATASET\SteelDefectX\train_by_class\Rolled in scale\rs_73.jpg
rs_75,Rolled in scale,train,1376,C:\Users\anmol\OneDrive\Desktop\Steel_Surface_Defect_NEU_DET-DATASET\SteelDefectX\train_by_class\Rolled in scale\rs_75.jpg
rs_76,Rolled in scale,train,1377,C:\Users\anmol\OneDrive\Desktop\Steel_Surface_Defect_NEU_DET-DATASET\SteelDefectX\train_by_class\Rolled in scale\rs_76.jpg
rs_80,Rolled in scale,train,1379,C:\Users\anmol\OneDrive\Desktop\Steel_Surface_Defect_NEU_DET-DATASET\SteelDefectX\train_by_class\Rolled in scale\rs_80.jpg
rs_82,Rolled in scale,train,1380,C:\Users\anmol\OneDrive\Desktop\Steel_Surface_Defect_NEU_DET-DATASET\SteelDefectX\train_by_class\Rolled in scale\rs_82.jpg
rs_83,Rolled in scale,train,1381,C:\Users\anmol\OneDrive\Desktop\Steel_Surface_Defect_NEU_DET-DATASET\SteelDefectX\train_by_class\Rolled in scale\rs_83.jpg
rs_84,Rolled in scale,train,1382,C:\Users\anmol\OneDrive\Desktop\Steel_Surface_Defect_NEU_DET-DATASET\SteelDefectX\train_by_class\Rolled in scale\rs_84.jpg
rs_85,Rolled in scale,train,1383,C:\Users\anmol\OneDrive\Desktop\Steel_Surface_Defect_NEU_DET-DATASET\SteelDefectX\train_by_class\Rolled in scale\rs_85.jpg
rs_89,Rolled in scale,train,1386,C:\Users\anmol\OneDrive\Desktop\Steel_Surface_Defect_NEU_DET-DATASET\SteelDefectX\train_by_class\Rolled in scale\rs_89.jpg
rs_90,Rolled in scale,train,1387,C:\Users\anmol\OneDrive\Desktop\Steel_Surface_Defect_NEU_DET-DATASET\SteelDefectX\train_by_class\Rolled in scale\rs_90.jpg
rs_91,Rolled in scale,train,1388,C:\Users\anmol\OneDrive\Desktop\Steel_Surface_Defect_NEU_DET-DATASET\SteelDefectX\train_by_class\Rolled in scale\rs_91.jpg
rs_94,Rolled in scale,train,1391,C:\Users\anmol\OneDrive\Desktop\Steel_Surface_Defect_NEU_DET-DATASET\SteelDefectX\train_by_class\Rolled in scale\rs_94.jpg
rs_95,Rolled in scale,train,1392,C:\Users\anmol\OneDrive\Desktop\Steel_Surface_Defect_NEU_DET-DATASET\SteelDefectX\train_by_class\Rolled in scale\rs_95.jpg
rs_96,Rolled in scale,train,1393,C:\Users\anmol\OneDrive\Desktop\Steel_Surface_Defect_NEU_DET-DATASET\SteelDefectX\train_by_class\Rolled in scale\rs_96.jpg
rs_99,Rolled in scale,train,1394,C:\Users\anmol\OneDrive\Desktop\Steel_Surface_Defect_NEU_DET-DATASET\SteelDefectX\train_by_class\Rolled in scale\rs_99.jpg
rs_111,Rolled in scale,val,1197,C:\Users\anmol\OneDrive\Desktop\Steel_Surface_Defect_NEU_DET-DATASET\SteelDefectX\train_by_class\Rolled in scale\rs_111.jpg
rs_112,Rolled in scale,val,1198,C:\Users\anmol\OneDrive\Desktop\Steel_Surface_Defect_NEU_DET-DATASET\SteelDefectX\train_by_class\Rolled in scale\rs_112.jpg
rs_126,Rolled in scale,val,1208,C:\Users\anmol\OneDrive\Desktop\Steel_Surface_Defect_NEU_DET-DATASET\SteelDefectX\train_by_class\Rolled in scale\rs_126.jpg
rs_133,Rolled in scale,val,1212,C:\Users\anmol\OneDrive\Desktop\Steel_Surface_Defect_NEU_DET-DATASET\SteelDefectX\train_by_class\Rolled in scale\rs_133.jpg
rs_139,Rolled in scale,val,1217,C:\Users\anmol\OneDrive\Desktop\Steel_Surface_Defect_NEU_DET-DATASET\SteelDefectX\train_by_class\Rolled in scale\rs_139.jpg
rs_16,Rolled in scale,val,1234,C:\Users\anmol\OneDrive\Desktop\Steel_Surface_Defect_NEU_DET-DATASET\SteelDefectX\train_by_class\Rolled in scale\rs_16.jpg
rs_179,Rolled in scale,val,1247,C:\Users\anmol\OneDrive\Desktop\Steel_Surface_Defect_NEU_DET-DATASET\SteelDefectX\train_by_class\Rolled in scale\rs_179.jpg
rs_190,Rolled in scale,val,1255,C:\Users\anmol\OneDrive\Desktop\Steel_Surface_Defect_NEU_DET-DATASET\SteelDefectX\train_by_class\Rolled in scale\rs_190.jpg
rs_210,Rolled in scale,val,1272,C:\Users\anmol\OneDrive\Desktop\Steel_Surface_Defect_NEU_DET-DATASET\SteelDefectX\train_by_class\Rolled in scale\rs_210.jpg
rs_240,Rolled in scale,val,1297,C:\Users\anmol\OneDrive\Desktop\Steel_Surface_Defect_NEU_DET-DATASET\SteelDefectX\train_by_class\Rolled in scale\rs_240.jpg
rs_254,Rolled in scale,val,1307,C:\Users\anmol\OneDrive\Desktop\Steel_Surface_Defect_NEU_DET-DATASET\SteelDefectX\train_by_class\Rolled in scale\rs_254.jpg
rs_284,Rolled in scale,val,1330,C:\Users\anmol\OneDrive\Desktop\Steel_Surface_Defect_NEU_DET-DATASET\SteelDefectX\train_by_class\Rolled in scale\rs_284.jpg
rs_29,Rolled in scale,val,1334,C:\Users\anmol\OneDrive\Desktop\Steel_Surface_Defect_NEU_DET-DATASET\SteelDefectX\train_by_class\Rolled in scale\rs_29.jpg
rs_30,Rolled in scale,val,1343,C:\Users\anmol\OneDrive\Desktop\Steel_Surface_Defect_NEU_DET-DATASET\SteelDefectX\train_by_class\Rolled in scale\rs_30.jpg
rs_31,Rolled in scale,val,1344,C:\Users\anmol\OneDrive\Desktop\Steel_Surface_Defect_NEU_DET-DATASET\SteelDefectX\train_by_class\Rolled in scale\rs_31.jpg
rs_57,Rolled in scale,val,1362,C:\Users\anmol\OneDrive\Desktop\Steel_Surface_Defect_NEU_DET-DATASET\SteelDefectX\train_by_class\Rolled in scale\rs_57.jpg
rs_63,Rolled in scale,val,1366,C:\Users\anmol\OneDrive\Desktop\Steel_Surface_Defect_NEU_DET-DATASET\SteelDefectX\train_by_class\Rolled in scale\rs_63.jpg
rs_72,Rolled in scale,val,1374,C:\Users\anmol\OneDrive\Desktop\Steel_Surface_Defect_NEU_DET-DATASET\SteelDefectX\train_by_class\Rolled in scale\rs_72.jpg
rs_77,Rolled in scale,val,1378,C:\Users\anmol\OneDrive\Desktop\Steel_Surface_Defect_NEU_DET-DATASET\SteelDefectX\train_by_class\Rolled in scale\rs_77.jpg
rs_87,Rolled in scale,val,1385,C:\Users\anmol\OneDrive\Desktop\Steel_Surface_Defect_NEU_DET-DATASET\SteelDefectX\train_by_class\Rolled in scale\rs_87.jpg
rs_92,Rolled in scale,val,1389,C:\Users\anmol\OneDrive\Desktop\Steel_Surface_Defect_NEU_DET-DATASET\SteelDefectX\train_by_class\Rolled in scale\rs_92.jpg
ds_04,Scratches,test,1395,C:\Users\anmol\OneDrive\Desktop\Steel_Surface_Defect_NEU_DET-DATASET\SteelDefectX\train_by_class\Scratches\ds_04.jpg
ds_102,Scratches,test,1401,C:\Users\anmol\OneDrive\Desktop\Steel_Surface_Defect_NEU_DET-DATASET\SteelDefectX\train_by_class\Scratches\ds_102.jpg
ds_105,Scratches,test,1404,C:\Users\anmol\OneDrive\Desktop\Steel_Surface_Defect_NEU_DET-DATASET\SteelDefectX\train_by_class\Scratches\ds_105.jpg
ds_111,Scratches,test,1407,C:\Users\anmol\OneDrive\Desktop\Steel_Surface_Defect_NEU_DET-DATASET\SteelDefectX\train_by_class\Scratches\ds_111.jpg
ds_131,Scratches,test,1416,C:\Users\anmol\OneDrive\Desktop\Steel_Surface_Defect_NEU_DET-DATASET\SteelDefectX\train_by_class\Scratches\ds_131.jpg
ds_134,Scratches,test,1418,C:\Users\anmol\OneDrive\Desktop\Steel_Surface_Defect_NEU_DET-DATASET\SteelDefectX\train_by_class\Scratches\ds_134.jpg
ds_136,Scratches,test,1419,C:\Users\anmol\OneDrive\Desktop\Steel_Surface_Defect_NEU_DET-DATASET\SteelDefectX\train_by_class\Scratches\ds_136.jpg
ds_143,Scratches,test,1426,C:\Users\anmol\OneDrive\Desktop\Steel_Surface_Defect_NEU_DET-DATASET\SteelDefectX\train_by_class\Scratches\ds_143.jpg
ds_144,Scratches,test,1427,C:\Users\anmol\OneDrive\Desktop\Steel_Surface_Defect_NEU_DET-DATASET\SteelDefectX\train_by_class\Scratches\ds_144.jpg
ds_148,Scratches,test,1430,C:\Users\anmol\OneDrive\Desktop\Steel_Surface_Defect_NEU_DET-DATASET\SteelDefectX\train_by_class\Scratches\ds_148.jpg
ds_151,Scratches,test,1434,C:\Users\anmol\OneDrive\Desktop\Steel_Surface_Defect_NEU_DET-DATASET\SteelDefectX\train_by_class\Scratches\ds_151.jpg
ds_152,Scratches,test,1435,C:\Users\anmol\OneDrive\Desktop\Steel_Surface_Defect_NEU_DET-DATASET\SteelDefectX\train_by_class\Scratches\ds_152.jpg
ds_153,Scratches,test,1436,C:\Users\anmol\OneDrive\Desktop\Steel_Surface_Defect_NEU_DET-DATASET\SteelDefectX\train_by_class\Scratches\ds_153.jpg
ds_154,Scratches,test,1437,C:\Users\anmol\OneDrive\Desktop\Steel_Surface_Defect_NEU_DET-DATASET\SteelDefectX\train_by_class\Scratches\ds_154.jpg
ds_161,Scratches,test,1442,C:\Users\anmol\OneDrive\Desktop\Steel_Surface_Defect_NEU_DET-DATASET\SteelDefectX\train_by_class\Scratches\ds_161.jpg
ds_165,Scratches,test,1445,C:\Users\anmol\OneDrive\Desktop\Steel_Surface_Defect_NEU_DET-DATASET\SteelDefectX\train_by_class\Scratches\ds_165.jpg
ds_184,Scratches,test,1460,C:\Users\anmol\OneDrive\Desktop\Steel_Surface_Defect_NEU_DET-DATASET\SteelDefectX\train_by_class\Scratches\ds_184.jpg
ds_187,Scratches,test,1462,C:\Users\anmol\OneDrive\Desktop\Steel_Surface_Defect_NEU_DET-DATASET\SteelDefectX\train_by_class\Scratches\ds_187.jpg
ds_189,Scratches,test,1464,C:\Users\anmol\OneDrive\Desktop\Steel_Surface_Defect_NEU_DET-DATASET\SteelDefectX\train_by_class\Scratches\ds_189.jpg
ds_205,Scratches,test,1473,C:\Users\anmol\OneDrive\Desktop\Steel_Surface_Defect_NEU_DET-DATASET\SteelDefectX\train_by_class\Scratches\ds_205.jpg
ds_226,Scratches,test,1485,C:\Users\anmol\OneDrive\Desktop\Steel_Surface_Defect_NEU_DET-DATASET\SteelDefectX\train_by_class\Scratches\ds_226.jpg
ds_228,Scratches,test,1487,C:\Users\anmol\OneDrive\Desktop\Steel_Surface_Defect_NEU_DET-DATASET\SteelDefectX\train_by_class\Scratches\ds_228.jpg
ds_230,Scratches,test,1490,C:\Users\anmol\OneDrive\Desktop\Steel_Surface_Defect_NEU_DET-DATASET\SteelDefectX\train_by_class\Scratches\ds_230.jpg
ds_244,Scratches,test,1502,C:\Users\anmol\OneDrive\Desktop\Steel_Surface_Defect_NEU_DET-DATASET\SteelDefectX\train_by_class\Scratches\ds_244.jpg
ds_262,Scratches,test,1520,C:\Users\anmol\OneDrive\Desktop\Steel_Surface_Defect_NEU_DET-DATASET\SteelDefectX\train_by_class\Scratches\ds_262.jpg
ds_269,Scratches,test,1524,C:\Users\anmol\OneDrive\Desktop\Steel_Surface_Defect_NEU_DET-DATASET\SteelDefectX\train_by_class\Scratches\ds_269.jpg
ds_270,Scratches,test,1526,C:\Users\anmol\OneDrive\Desktop\Steel_Surface_Defect_NEU_DET-DATASET\SteelDefectX\train_by_class\Scratches\ds_270.jpg
ds_271,Scratches,test,1527,C:\Users\anmol\OneDrive\Desktop\Steel_Surface_Defect_NEU_DET-DATASET\SteelDefectX\train_by_class\Scratches\ds_271.jpg
ds_275,Scratches,test,1531,C:\Users\anmol\OneDrive\Desktop\Steel_Surface_Defect_NEU_DET-DATASET\SteelDefectX\train_by_class\Scratches\ds_275.jpg
ds_281,Scratches,test,1534,C:\Users\anmol\OneDrive\Desktop\Steel_Surface_Defect_NEU_DET-DATASET\SteelDefectX\train_by_class\Scratches\ds_281.jpg
ds_282,Scratches,test,1535,C:\Users\anmol\OneDrive\Desktop\Steel_Surface_Defect_NEU_DET-DATASET\SteelDefectX\train_by_class\Scratches\ds_282.jpg
ds_287,Scratches,test,1539,C:\Users\anmol\OneDrive\Desktop\Steel_Surface_Defect_NEU_DET-DATASET\SteelDefectX\train_by_class\Scratches\ds_287.jpg
ds_288,Scratches,test,1540,C:\Users\anmol\OneDrive\Desktop\Steel_Surface_Defect_NEU_DET-DATASET\SteelDefectX\train_by_class\Scratches\ds_288.jpg
ds_292,Scratches,test,1544,C:\Users\anmol\OneDrive\Desktop\Steel_Surface_Defect_NEU_DET-DATASET\SteelDefectX\train_by_class\Scratches\ds_292.jpg
ds_303,Scratches,test,1553,C:\Users\anmol\OneDrive\Desktop\Steel_Surface_Defect_NEU_DET-DATASET\SteelDefectX\train_by_class\Scratches\ds_303.jpg
ds_319,Scratches,test,1563,C:\Users\anmol\OneDrive\Desktop\Steel_Surface_Defect_NEU_DET-DATASET\SteelDefectX\train_by_class\Scratches\ds_319.jpg
ds_325,Scratches,test,1570,C:\Users\anmol\OneDrive\Desktop\Steel_Surface_Defect_NEU_DET-DATASET\SteelDefectX\train_by_class\Scratches\ds_325.jpg
ds_326,Scratches,test,1571,C:\Users\anmol\OneDrive\Desktop\Steel_Surface_Defect_NEU_DET-DATASET\SteelDefectX\train_by_class\Scratches\ds_326.jpg
ds_333,Scratches,test,1574,C:\Users\anmol\OneDrive\Desktop\Steel_Surface_Defect_NEU_DET-DATASET\SteelDefectX\train_by_class\Scratches\ds_333.jpg
ds_35,Scratches,test,1577,C:\Users\anmol\OneDrive\Desktop\Steel_Surface_Defect_NEU_DET-DATASET\SteelDefectX\train_by_class\Scratches\ds_35.jpg
ds_38,Scratches,test,1579,C:\Users\anmol\OneDrive\Desktop\Steel_Surface_Defect_NEU_DET-DATASET\SteelDefectX\train_by_class\Scratches\ds_38.jpg
ds_41,Scratches,test,1582,C:\Users\anmol\OneDrive\Desktop\Steel_Surface_Defect_NEU_DET-DATASET\SteelDefectX\train_by_class\Scratches\ds_41.jpg
ds_46,Scratches,test,1586,C:\Users\anmol\OneDrive\Desktop\Steel_Surface_Defect_NEU_DET-DATASET\SteelDefectX\train_by_class\Scratches\ds_46.jpg
ds_57,Scratches,test,1595,C:\Users\anmol\OneDrive\Desktop\Steel_Surface_Defect_NEU_DET-DATASET\SteelDefectX\train_by_class\Scratches\ds_57.jpg
ds_77,Scratches,test,1615,C:\Users\anmol\OneDrive\Desktop\Steel_Surface_Defect_NEU_DET-DATASET\SteelDefectX\train_by_class\Scratches\ds_77.jpg
ds_81,Scratches,test,1618,C:\Users\anmol\OneDrive\Desktop\Steel_Surface_Defect_NEU_DET-DATASET\SteelDefectX\train_by_class\Scratches\ds_81.jpg
ds_98,Scratches,test,1628,C:\Users\anmol\OneDrive\Desktop\Steel_Surface_Defect_NEU_DET-DATASET\SteelDefectX\train_by_class\Scratches\ds_98.jpg
ds_05,Scratches,train,1396,C:\Users\anmol\OneDrive\Desktop\Steel_Surface_Defect_NEU_DET-DATASET\SteelDefectX\train_by_class\Scratches\ds_05.jpg
ds_06,Scratches,train,1397,C:\Users\anmol\OneDrive\Desktop\Steel_Surface_Defect_NEU_DET-DATASET\SteelDefectX\train_by_class\Scratches\ds_06.jpg
ds_08,Scratches,train,1398,C:\Users\anmol\OneDrive\Desktop\Steel_Surface_Defect_NEU_DET-DATASET\SteelDefectX\train_by_class\Scratches\ds_08.jpg
ds_100,Scratches,train,1399,C:\Users\anmol\OneDrive\Desktop\Steel_Surface_Defect_NEU_DET-DATASET\SteelDefectX\train_by_class\Scratches\ds_100.jpg
ds_101,Scratches,train,1400,C:\Users\anmol\OneDrive\Desktop\Steel_Surface_Defect_NEU_DET-DATASET\SteelDefectX\train_by_class\Scratches\ds_101.jpg
ds_103,Scratches,train,1402,C:\Users\anmol\OneDrive\Desktop\Steel_Surface_Defect_NEU_DET-DATASET\SteelDefectX\train_by_class\Scratches\ds_103.jpg
ds_104,Scratches,train,1403,C:\Users\anmol\OneDrive\Desktop\Steel_Surface_Defect_NEU_DET-DATASET\SteelDefectX\train_by_class\Scratches\ds_104.jpg
ds_108,Scratches,train,1405,C:\Users\anmol\OneDrive\Desktop\Steel_Surface_Defect_NEU_DET-DATASET\SteelDefectX\train_by_class\Scratches\ds_108.jpg
ds_11,Scratches,train,1406,C:\Users\anmol\OneDrive\Desktop\Steel_Surface_Defect_NEU_DET-DATASET\SteelDefectX\train_by_class\Scratches\ds_11.jpg
ds_112,Scratches,train,1408,C:\Users\anmol\OneDrive\Desktop\Steel_Surface_Defect_NEU_DET-DATASET\SteelDefectX\train_by_class\Scratches\ds_112.jpg
ds_119,Scratches,train,1412,C:\Users\anmol\OneDrive\Desktop\Steel_Surface_Defect_NEU_DET-DATASET\SteelDefectX\train_by_class\Scratches\ds_119.jpg
ds_12,Scratches,train,1413,C:\Users\anmol\OneDrive\Desktop\Steel_Surface_Defect_NEU_DET-DATASET\SteelDefectX\train_by_class\Scratches\ds_12.jpg
ds_122,Scratches,train,1414,C:\Users\anmol\OneDrive\Desktop\Steel_Surface_Defect_NEU_DET-DATASET\SteelDefectX\train_by_class\Scratches\ds_122.jpg
ds_126,Scratches,train,1415,C:\Users\anmol\OneDrive\Desktop\Steel_Surface_Defect_NEU_DET-DATASET\SteelDefectX\train_by_class\Scratches\ds_126.jpg
ds_137,Scratches,train,1420,C:\Users\anmol\OneDrive\Desktop\Steel_Surface_Defect_NEU_DET-DATASET\SteelDefectX\train_by_class\Scratches\ds_137.jpg
ds_138,Scratches,train,1421,C:\Users\anmol\OneDrive\Desktop\Steel_Surface_Defect_NEU_DET-DATASET\SteelDefectX\train_by_class\Scratches\ds_138.jpg
ds_140,Scratches,train,1423,C:\Users\anmol\OneDrive\Desktop\Steel_Surface_Defect_NEU_DET-DATASET\SteelDefectX\train_by_class\Scratches\ds_140.jpg
ds_141,Scratches,train,1424,C:\Users\anmol\OneDrive\Desktop\Steel_Surface_Defect_NEU_DET-DATASET\SteelDefectX\train_by_class\Scratches\ds_141.jpg
ds_142,Scratches,train,1425,C:\Users\anmol\OneDrive\Desktop\Steel_Surface_Defect_NEU_DET-DATASET\SteelDefectX\train_by_class\Scratches\ds_142.jpg
ds_145,Scratches,train,1428,C:\Users\anmol\OneDrive\Desktop\Steel_Surface_Defect_NEU_DET-DATASET\SteelDefectX\train_by_class\Scratches\ds_145.jpg
ds_146,Scratches,train,1429,C:\Users\anmol\OneDrive\Desktop\Steel_Surface_Defect_NEU_DET-DATASET\SteelDefectX\train_by_class\Scratches\ds_146.jpg
ds_150,Scratches,train,1433,C:\Users\anmol\OneDrive\Desktop\Steel_Surface_Defect_NEU_DET-DATASET\SteelDefectX\train_by_class\Scratches\ds_150.jpg
ds_156,Scratches,train,1438,C:\Users\anmol\OneDrive\Desktop\Steel_Surface_Defect_NEU_DET-DATASET\SteelDefectX\train_by_class\Scratches\ds_156.jpg
ds_159,Scratches,train,1439,C:\Users\anmol\OneDrive\Desktop\Steel_Surface_Defect_NEU_DET-DATASET\SteelDefectX\train_by_class\Scratches\ds_159.jpg
ds_16,Scratches,train,1440,C:\Users\anmol\OneDrive\Desktop\Steel_Surface_Defect_NEU_DET-DATASET\SteelDefectX\train_by_class\Scratches\ds_16.jpg
ds_160,Scratches,train,1441,C:\Users\anmol\OneDrive\Desktop\Steel_Surface_Defect_NEU_DET-DATASET\SteelDefectX\train_by_class\Scratches\ds_160.jpg
ds_163,Scratches,train,1443,C:\Users\anmol\OneDrive\Desktop\Steel_Surface_Defect_NEU_DET-DATASET\SteelDefectX\train_by_class\Scratches\ds_163.jpg
ds_164,Scratches,train,1444,C:\Users\anmol\OneDrive\Desktop\Steel_Surface_Defect_NEU_DET-DATASET\SteelDefectX\train_by_class\Scratches\ds_164.jpg
ds_166,Scratches,train,1446,C:\Users\anmol\OneDrive\Desktop\Steel_Surface_Defect_NEU_DET-DATASET\SteelDefectX\train_by_class\Scratches\ds_166.jpg
ds_168,Scratches,train,1447,C:\Users\anmol\OneDrive\Desktop\Steel_Surface_Defect_NEU_DET-DATASET\SteelDefectX\train_by_class\Scratches\ds_168.jpg
ds_169,Scratches,train,1448,C:\Users\anmol\OneDrive\Desktop\Steel_Surface_Defect_NEU_DET-DATASET\SteelDefectX\train_by_class\Scratches\ds_169.jpg
ds_170,Scratches,train,1449,C:\Users\anmol\OneDrive\Desktop\Steel_Surface_Defect_NEU_DET-DATASET\SteelDefectX\train_by_class\Scratches\ds_170.jpg
ds_171,Scratches,train,1450,C:\Users\anmol\OneDrive\Desktop\Steel_Surface_Defect_NEU_DET-DATASET\SteelDefectX\train_by_class\Scratches\ds_171.jpg
ds_172,Scratches,train,1451,C:\Users\anmol\OneDrive\Desktop\Steel_Surface_Defect_NEU_DET-DATASET\SteelDefectX\train_by_class\Scratches\ds_172.jpg
ds_173,Scratches,train,1452,C:\Users\anmol\OneDrive\Desktop\Steel_Surface_Defect_NEU_DET-DATASET\SteelDefectX\train_by_class\Scratches\ds_173.jpg
ds_175,Scratches,train,1453,C:\Users\anmol\OneDrive\Desktop\Steel_Surface_Defect_NEU_DET-DATASET\SteelDefectX\train_by_class\Scratches\ds_175.jpg
ds_176,Scratches,train,1454,C:\Users\anmol\OneDrive\Desktop\Steel_Surface_Defect_NEU_DET-DATASET\SteelDefectX\train_by_class\Scratches\ds_176.jpg
ds_178,Scratches,train,1455,C:\Users\anmol\OneDrive\Desktop\Steel_Surface_Defect_NEU_DET-DATASET\SteelDefectX\train_by_class\Scratches\ds_178.jpg
ds_179,Scratches,train,1456,C:\Users\anmol\OneDrive\Desktop\Steel_Surface_Defect_NEU_DET-DATASET\SteelDefectX\train_by_class\Scratches\ds_179.jpg
ds_18,Scratches,train,1457,C:\Users\anmol\OneDrive\Desktop\Steel_Surface_Defect_NEU_DET-DATASET\SteelDefectX\train_by_class\Scratches\ds_18.jpg
ds_180,Scratches,train,1458,C:\Users\anmol\OneDrive\Desktop\Steel_Surface_Defect_NEU_DET-DATASET\SteelDefectX\train_by_class\Scratches\ds_180.jpg
ds_182,Scratches,train,1459,C:\Users\anmol\OneDrive\Desktop\Steel_Surface_Defect_NEU_DET-DATASET\SteelDefectX\train_by_class\Scratches\ds_182.jpg
ds_185,Scratches,train,1461,C:\Users\anmol\OneDrive\Desktop\Steel_Surface_Defect_NEU_DET-DATASET\SteelDefectX\train_by_class\Scratches\ds_185.jpg
ds_188,Scratches,train,1463,C:\Users\anmol\OneDrive\Desktop\Steel_Surface_Defect_NEU_DET-DATASET\SteelDefectX\train_by_class\Scratches\ds_188.jpg
ds_19,Scratches,train,1465,C:\Users\anmol\OneDrive\Desktop\Steel_Surface_Defect_NEU_DET-DATASET\SteelDefectX\train_by_class\Scratches\ds_19.jpg
ds_194,Scratches,train,1466,C:\Users\anmol\OneDrive\Desktop\Steel_Surface_Defect_NEU_DET-DATASET\SteelDefectX\train_by_class\Scratches\ds_194.jpg
ds_196,Scratches,train,1467,C:\Users\anmol\OneDrive\Desktop\Steel_Surface_Defect_NEU_DET-DATASET\SteelDefectX\train_by_class\Scratches\ds_196.jpg
ds_197,Scratches,train,1468,C:\Users\anmol\OneDrive\Desktop\Steel_Surface_Defect_NEU_DET-DATASET\SteelDefectX\train_by_class\Scratches\ds_197.jpg
ds_20,Scratches,train,1470,C:\Users\anmol\OneDrive\Desktop\Steel_Surface_Defect_NEU_DET-DATASET\SteelDefectX\train_by_class\Scratches\ds_20.jpg
ds_200,Scratches,train,1471,C:\Users\anmol\OneDrive\Desktop\Steel_Surface_Defect_NEU_DET-DATASET\SteelDefectX\train_by_class\Scratches\ds_200.jpg
ds_203,Scratches,train,1472,C:\Users\anmol\OneDrive\Desktop\Steel_Surface_Defect_NEU_DET-DATASET\SteelDefectX\train_by_class\Scratches\ds_203.jpg
ds_206,Scratches,train,1474,C:\Users\anmol\OneDrive\Desktop\Steel_Surface_Defect_NEU_DET-DATASET\SteelDefectX\train_by_class\Scratches\ds_206.jpg
ds_208,Scratches,train,1475,C:\Users\anmol\OneDrive\Desktop\Steel_Surface_Defect_NEU_DET-DATASET\SteelDefectX\train_by_class\Scratches\ds_208.jpg
ds_209,Scratches,train,1476,C:\Users\anmol\OneDrive\Desktop\Steel_Surface_Defect_NEU_DET-DATASET\SteelDefectX\train_by_class\Scratches\ds_209.jpg
ds_21,Scratches,train,1477,C:\Users\anmol\OneDrive\Desktop\Steel_Surface_Defect_NEU_DET-DATASET\SteelDefectX\train_by_class\Scratches\ds_21.jpg
ds_211,Scratches,train,1478,C:\Users\anmol\OneDrive\Desktop\Steel_Surface_Defect_NEU_DET-DATASET\SteelDefectX\train_by_class\Scratches\ds_211.jpg
ds_213,Scratches,train,1479,C:\Users\anmol\OneDrive\Desktop\Steel_Surface_Defect_NEU_DET-DATASET\SteelDefectX\train_by_class\Scratches\ds_213.jpg
ds_214,Scratches,train,1480,C:\Users\anmol\OneDrive\Desktop\Steel_Surface_Defect_NEU_DET-DATASET\SteelDefectX\train_by_class\Scratches\ds_214.jpg
ds_215,Scratches,train,1481,C:\Users\anmol\OneDrive\Desktop\Steel_Surface_Defect_NEU_DET-DATASET\SteelDefectX\train_by_class\Scratches\ds_215.jpg
ds_216,Scratches,train,1482,C:\Users\anmol\OneDrive\Desktop\Steel_Surface_Defect_NEU_DET-DATASET\SteelDefectX\train_by_class\Scratches\ds_216.jpg
ds_217,Scratches,train,1483,C:\Users\anmol\OneDrive\Desktop\Steel_Surface_Defect_NEU_DET-DATASET\SteelDefectX\train_by_class\Scratches\ds_217.jpg
ds_224,Scratches,train,1484,C:\Users\anmol\OneDrive\Desktop\Steel_Surface_Defect_NEU_DET-DATASET\SteelDefectX\train_by_class\Scratches\ds_224.jpg
ds_227,Scratches,train,1486,C:\Users\anmol\OneDrive\Desktop\Steel_Surface_Defect_NEU_DET-DATASET\SteelDefectX\train_by_class\Scratches\ds_227.jpg
ds_229,Scratches,train,1488,C:\Users\anmol\OneDrive\Desktop\Steel_Surface_Defect_NEU_DET-DATASET\SteelDefectX\train_by_class\Scratches\ds_229.jpg
ds_23,Scratches,train,1489,C:\Users\anmol\OneDrive\Desktop\Steel_Surface_Defect_NEU_DET-DATASET\SteelDefectX\train_by_class\Scratches\ds_23.jpg
ds_231,Scratches,train,1491,C:\Users\anmol\OneDrive\Desktop\Steel_Surface_Defect_NEU_DET-DATASET\SteelDefectX\train_by_class\Scratches\ds_231.jpg
ds_232,Scratches,train,1492,C:\Users\anmol\OneDrive\Desktop\Steel_Surface_Defect_NEU_DET-DATASET\SteelDefectX\train_by_class\Scratches\ds_232.jpg
ds_233,Scratches,train,1493,C:\Users\anmol\OneDrive\Desktop\Steel_Surface_Defect_NEU_DET-DATASET\SteelDefectX\train_by_class\Scratches\ds_233.jpg
ds_234,Scratches,train,1494,C:\Users\anmol\OneDrive\Desktop\Steel_Surface_Defect_NEU_DET-DATASET\SteelDefectX\train_by_class\Scratches\ds_234.jpg
ds_237,Scratches,train,1496,C:\Users\anmol\OneDrive\Desktop\Steel_Surface_Defect_NEU_DET-DATASET\SteelDefectX\train_by_class\Scratches\ds_237.jpg
ds_238,Scratches,train,1497,C:\Users\anmol\OneDrive\Desktop\Steel_Surface_Defect_NEU_DET-DATASET\SteelDefectX\train_by_class\Scratches\ds_238.jpg
ds_241,Scratches,train,1499,C:\Users\anmol\OneDrive\Desktop\Steel_Surface_Defect_NEU_DET-DATASET\SteelDefectX\train_by_class\Scratches\ds_241.jpg
ds_243,Scratches,train,1501,C:\Users\anmol\OneDrive\Desktop\Steel_Surface_Defect_NEU_DET-DATASET\SteelDefectX\train_by_class\Scratches\ds_243.jpg
ds_245,Scratches,train,1503,C:\Users\anmol\OneDrive\Desktop\Steel_Surface_Defect_NEU_DET-DATASET\SteelDefectX\train_by_class\Scratches\ds_245.jpg
ds_246,Scratches,train,1504,C:\Users\anmol\OneDrive\Desktop\Steel_Surface_Defect_NEU_DET-DATASET\SteelDefectX\train_by_class\Scratches\ds_246.jpg
ds_247,Scratches,train,1505,C:\Users\anmol\OneDrive\Desktop\Steel_Surface_Defect_NEU_DET-DATASET\SteelDefectX\train_by_class\Scratches\ds_247.jpg
ds_248,Scratches,train,1506,C:\Users\anmol\OneDrive\Desktop\Steel_Surface_Defect_NEU_DET-DATASET\SteelDefectX\train_by_class\Scratches\ds_248.jpg
ds_249,Scratches,train,1507,C:\Users\anmol\OneDrive\Desktop\Steel_Surface_Defect_NEU_DET-DATASET\SteelDefectX\train_by_class\Scratches\ds_249.jpg
ds_25,Scratches,train,1508,C:\Users\anmol\OneDrive\Desktop\Steel_Surface_Defect_NEU_DET-DATASET\SteelDefectX\train_by_class\Scratches\ds_25.jpg
ds_250,Scratches,train,1509,C:\Users\anmol\OneDrive\Desktop\Steel_Surface_Defect_NEU_DET-DATASET\SteelDefectX\train_by_class\Scratches\ds_250.jpg
ds_251,Scratches,train,1510,C:\Users\anmol\OneDrive\Desktop\Steel_Surface_Defect_NEU_DET-DATASET\SteelDefectX\train_by_class\Scratches\ds_251.jpg
ds_252,Scratches,train,1511,C:\Users\anmol\OneDrive\Desktop\Steel_Surface_Defect_NEU_DET-DATASET\SteelDefectX\train_by_class\Scratches\ds_252.jpg
ds_253,Scratches,train,1512,C:\Users\anmol\OneDrive\Desktop\Steel_Surface_Defect_NEU_DET-DATASET\SteelDefectX\train_by_class\Scratches\ds_253.jpg
ds_254,Scratches,train,1513,C:\Users\anmol\OneDrive\Desktop\Steel_Surface_Defect_NEU_DET-DATASET\SteelDefectX\train_by_class\Scratches\ds_254.jpg
ds_255,Scratches,train,1514,C:\Users\anmol\OneDrive\Desktop\Steel_Surface_Defect_NEU_DET-DATASET\SteelDefectX\train_by_class\Scratches\ds_255.jpg
ds_257,Scratches,train,1516,C:\Users\anmol\OneDrive\Desktop\Steel_Surface_Defect_NEU_DET-DATASET\SteelDefectX\train_by_class\Scratches\ds_257.jpg
ds_258,Scratches,train,1517,C:\Users\anmol\OneDrive\Desktop\Steel_Surface_Defect_NEU_DET-DATASET\SteelDefectX\train_by_class\Scratches\ds_258.jpg
ds_26,Scratches,train,1518,C:\Users\anmol\OneDrive\Desktop\Steel_Surface_Defect_NEU_DET-DATASET\SteelDefectX\train_by_class\Scratches\ds_26.jpg
ds_260,Scratches,train,1519,C:\Users\anmol\OneDrive\Desktop\Steel_Surface_Defect_NEU_DET-DATASET\SteelDefectX\train_by_class\Scratches\ds_260.jpg
ds_266,Scratches,train,1522,C:\Users\anmol\OneDrive\Desktop\Steel_Surface_Defect_NEU_DET-DATASET\SteelDefectX\train_by_class\Scratches\ds_266.jpg
ds_267,Scratches,train,1523,C:\Users\anmol\OneDrive\Desktop\Steel_Surface_Defect_NEU_DET-DATASET\SteelDefectX\train_by_class\Scratches\ds_267.jpg
ds_27,Scratches,train,1525,C:\Users\anmol\OneDrive\Desktop\Steel_Surface_Defect_NEU_DET-DATASET\SteelDefectX\train_by_class\Scratches\ds_27.jpg
ds_272,Scratches,train,1528,C:\Users\anmol\OneDrive\Desktop\Steel_Surface_Defect_NEU_DET-DATASET\SteelDefectX\train_by_class\Scratches\ds_272.jpg
ds_274,Scratches,train,1530,C:\Users\anmol\OneDrive\Desktop\Steel_Surface_Defect_NEU_DET-DATASET\SteelDefectX\train_by_class\Scratches\ds_274.jpg
ds_28,Scratches,train,1533,C:\Users\anmol\OneDrive\Desktop\Steel_Surface_Defect_NEU_DET-DATASET\SteelDefectX\train_by_class\Scratches\ds_28.jpg
ds_283,Scratches,train,1536,C:\Users\anmol\OneDrive\Desktop\Steel_Surface_Defect_NEU_DET-DATASET\SteelDefectX\train_by_class\Scratches\ds_283.jpg
ds_285,Scratches,train,1537,C:\Users\anmol\OneDrive\Desktop\Steel_Surface_Defect_NEU_DET-DATASET\SteelDefectX\train_by_class\Scratches\ds_285.jpg
ds_286,Scratches,train,1538,C:\Users\anmol\OneDrive\Desktop\Steel_Surface_Defect_NEU_DET-DATASET\SteelDefectX\train_by_class\Scratches\ds_286.jpg
ds_289,Scratches,train,1541,C:\Users\anmol\OneDrive\Desktop\Steel_Surface_Defect_NEU_DET-DATASET\SteelDefectX\train_by_class\Scratches\ds_289.jpg
ds_29,Scratches,train,1542,C:\Users\anmol\OneDrive\Desktop\Steel_Surface_Defect_NEU_DET-DATASET\SteelDefectX\train_by_class\Scratches\ds_29.jpg
ds_291,Scratches,train,1543,C:\Users\anmol\OneDrive\Desktop\Steel_Surface_Defect_NEU_DET-DATASET\SteelDefectX\train_by_class\Scratches\ds_291.jpg
ds_293,Scratches,train,1545,C:\Users\anmol\OneDrive\Desktop\Steel_Surface_Defect_NEU_DET-DATASET\SteelDefectX\train_by_class\Scratches\ds_293.jpg
ds_294,Scratches,train,1546,C:\Users\anmol\OneDrive\Desktop\Steel_Surface_Defect_NEU_DET-DATASET\SteelDefectX\train_by_class\Scratches\ds_294.jpg
ds_296,Scratches,train,1547,C:\Users\anmol\OneDrive\Desktop\Steel_Surface_Defect_NEU_DET-DATASET\SteelDefectX\train_by_class\Scratches\ds_296.jpg
ds_297,Scratches,train,1548,C:\Users\anmol\OneDrive\Desktop\Steel_Surface_Defect_NEU_DET-DATASET\SteelDefectX\train_by_class\Scratches\ds_297.jpg
ds_30,Scratches,train,1549,C:\Users\anmol\OneDrive\Desktop\Steel_Surface_Defect_NEU_DET-DATASET\SteelDefectX\train_by_class\Scratches\ds_30.jpg
ds_300,Scratches,train,1550,C:\Users\anmol\OneDrive\Desktop\Steel_Surface_Defect_NEU_DET-DATASET\SteelDefectX\train_by_class\Scratches\ds_300.jpg
ds_301,Scratches,train,1551,C:\Users\anmol\OneDrive\Desktop\Steel_Surface_Defect_NEU_DET-DATASET\SteelDefectX\train_by_class\Scratches\ds_301.jpg
ds_302,Scratches,train,1552,C:\Users\anmol\OneDrive\Desktop\Steel_Surface_Defect_NEU_DET-DATASET\SteelDefectX\train_by_class\Scratches\ds_302.jpg
ds_304,Scratches,train,1554,C:\Users\anmol\OneDrive\Desktop\Steel_Surface_Defect_NEU_DET-DATASET\SteelDefectX\train_by_class\Scratches\ds_304.jpg
ds_31,Scratches,train,1555,C:\Users\anmol\OneDrive\Desktop\Steel_Surface_Defect_NEU_DET-DATASET\SteelDefectX\train_by_class\Scratches\ds_31.jpg
ds_310,Scratches,train,1556,C:\Users\anmol\OneDrive\Desktop\Steel_Surface_Defect_NEU_DET-DATASET\SteelDefectX\train_by_class\Scratches\ds_310.jpg
ds_311,Scratches,train,1557,C:\Users\anmol\OneDrive\Desktop\Steel_Surface_Defect_NEU_DET-DATASET\SteelDefectX\train_by_class\Scratches\ds_311.jpg
ds_313,Scratches,train,1558,C:\Users\anmol\OneDrive\Desktop\Steel_Surface_Defect_NEU_DET-DATASET\SteelDefectX\train_by_class\Scratches\ds_313.jpg
ds_314,Scratches,train,1559,C:\Users\anmol\OneDrive\Desktop\Steel_Surface_Defect_NEU_DET-DATASET\SteelDefectX\train_by_class\Scratches\ds_314.jpg
ds_316,Scratches,train,1560,C:\Users\anmol\OneDrive\Desktop\Steel_Surface_Defect_NEU_DET-DATASET\SteelDefectX\train_by_class\Scratches\ds_316.jpg
ds_317,Scratches,train,1561,C:\Users\anmol\OneDrive\Desktop\Steel_Surface_Defect_NEU_DET-DATASET\SteelDefectX\train_by_class\Scratches\ds_317.jpg
ds_318,Scratches,train,1562,C:\Users\anmol\OneDrive\Desktop\Steel_Surface_Defect_NEU_DET-DATASET\SteelDefectX\train_by_class\Scratches\ds_318.jpg
ds_32,Scratches,train,1564,C:\Users\anmol\OneDrive\Desktop\Steel_Surface_Defect_NEU_DET-DATASET\SteelDefectX\train_by_class\Scratches\ds_32.jpg
ds_320,Scratches,train,1565,C:\Users\anmol\OneDrive\Desktop\Steel_Surface_Defect_NEU_DET-DATASET\SteelDefectX\train_by_class\Scratches\ds_320.jpg
ds_322,Scratches,train,1567,C:\Users\anmol\OneDrive\Desktop\Steel_Surface_Defect_NEU_DET-DATASET\SteelDefectX\train_by_class\Scratches\ds_322.jpg
ds_323,Scratches,train,1568,C:\Users\anmol\OneDrive\Desktop\Steel_Surface_Defect_NEU_DET-DATASET\SteelDefectX\train_by_class\Scratches\ds_323.jpg
ds_324,Scratches,train,1569,C:\Users\anmol\OneDrive\Desktop\Steel_Surface_Defect_NEU_DET-DATASET\SteelDefectX\train_by_class\Scratches\ds_324.jpg
ds_33,Scratches,train,1572,C:\Users\anmol\OneDrive\Desktop\Steel_Surface_Defect_NEU_DET-DATASET\SteelDefectX\train_by_class\Scratches\ds_33.jpg
ds_330,Scratches,train,1573,C:\Users\anmol\OneDrive\Desktop\Steel_Surface_Defect_NEU_DET-DATASET\SteelDefectX\train_by_class\Scratches\ds_330.jpg
ds_37,Scratches,train,1578,C:\Users\anmol\OneDrive\Desktop\Steel_Surface_Defect_NEU_DET-DATASET\SteelDefectX\train_by_class\Scratches\ds_37.jpg
ds_39,Scratches,train,1580,C:\Users\anmol\OneDrive\Desktop\Steel_Surface_Defect_NEU_DET-DATASET\SteelDefectX\train_by_class\Scratches\ds_39.jpg
ds_40,Scratches,train,1581,C:\Users\anmol\OneDrive\Desktop\Steel_Surface_Defect_NEU_DET-DATASET\SteelDefectX\train_by_class\Scratches\ds_40.jpg
ds_44,Scratches,train,1584,C:\Users\anmol\OneDrive\Desktop\Steel_Surface_Defect_NEU_DET-DATASET\SteelDefectX\train_by_class\Scratches\ds_44.jpg
ds_45,Scratches,train,1585,C:\Users\anmol\OneDrive\Desktop\Steel_Surface_Defect_NEU_DET-DATASET\SteelDefectX\train_by_class\Scratches\ds_45.jpg
ds_47,Scratches,train,1587,C:\Users\anmol\OneDrive\Desktop\Steel_Surface_Defect_NEU_DET-DATASET\SteelDefectX\train_by_class\Scratches\ds_47.jpg
ds_48,Scratches,train,1588,C:\Users\anmol\OneDrive\Desktop\Steel_Surface_Defect_NEU_DET-DATASET\SteelDefectX\train_by_class\Scratches\ds_48.jpg
ds_49,Scratches,train,1589,C:\Users\anmol\OneDrive\Desktop\Steel_Surface_Defect_NEU_DET-DATASET\SteelDefectX\train_by_class\Scratches\ds_49.jpg
ds_50,Scratches,train,1590,C:\Users\anmol\OneDrive\Desktop\Steel_Surface_Defect_NEU_DET-DATASET\SteelDefectX\train_by_class\Scratches\ds_50.jpg
ds_52,Scratches,train,1591,C:\Users\anmol\OneDrive\Desktop\Steel_Surface_Defect_NEU_DET-DATASET\SteelDefectX\train_by_class\Scratches\ds_52.jpg
ds_53,Scratches,train,1592,C:\Users\anmol\OneDrive\Desktop\Steel_Surface_Defect_NEU_DET-DATASET\SteelDefectX\train_by_class\Scratches\ds_53.jpg
ds_54,Scratches,train,1593,C:\Users\anmol\OneDrive\Desktop\Steel_Surface_Defect_NEU_DET-DATASET\SteelDefectX\train_by_class\Scratches\ds_54.jpg
ds_55,Scratches,train,1594,C:\Users\anmol\OneDrive\Desktop\Steel_Surface_Defect_NEU_DET-DATASET\SteelDefectX\train_by_class\Scratches\ds_55.jpg
ds_58,Scratches,train,1596,C:\Users\anmol\OneDrive\Desktop\Steel_Surface_Defect_NEU_DET-DATASET\SteelDefectX\train_by_class\Scratches\ds_58.jpg
ds_59,Scratches,train,1597,C:\Users\anmol\OneDrive\Desktop\Steel_Surface_Defect_NEU_DET-DATASET\SteelDefectX\train_by_class\Scratches\ds_59.jpg
ds_60,Scratches,train,1598,C:\Users\anmol\OneDrive\Desktop\Steel_Surface_Defect_NEU_DET-DATASET\SteelDefectX\train_by_class\Scratches\ds_60.jpg
ds_61,Scratches,train,1599,C:\Users\anmol\OneDrive\Desktop\Steel_Surface_Defect_NEU_DET-DATASET\SteelDefectX\train_by_class\Scratches\ds_61.jpg
ds_62,Scratches,train,1600,C:\Users\anmol\OneDrive\Desktop\Steel_Surface_Defect_NEU_DET-DATASET\SteelDefectX\train_by_class\Scratches\ds_62.jpg
ds_63,Scratches,train,1601,C:\Users\anmol\OneDrive\Desktop\Steel_Surface_Defect_NEU_DET-DATASET\SteelDefectX\train_by_class\Scratches\ds_63.jpg
ds_65,Scratches,train,1603,C:\Users\anmol\OneDrive\Desktop\Steel_Surface_Defect_NEU_DET-DATASET\SteelDefectX\train_by_class\Scratches\ds_65.jpg
ds_66,Scratches,train,1604,C:\Users\anmol\OneDrive\Desktop\Steel_Surface_Defect_NEU_DET-DATASET\SteelDefectX\train_by_class\Scratches\ds_66.jpg
ds_67,Scratches,train,1605,C:\Users\anmol\OneDrive\Desktop\Steel_Surface_Defect_NEU_DET-DATASET\SteelDefectX\train_by_class\Scratches\ds_67.jpg
ds_68,Scratches,train,1606,C:\Users\anmol\OneDrive\Desktop\Steel_Surface_Defect_NEU_DET-DATASET\SteelDefectX\train_by_class\Scratches\ds_68.jpg
ds_69,Scratches,train,1607,C:\Users\anmol\OneDrive\Desktop\Steel_Surface_Defect_NEU_DET-DATASET\SteelDefectX\train_by_class\Scratches\ds_69.jpg
ds_71,Scratches,train,1609,C:\Users\anmol\OneDrive\Desktop\Steel_Surface_Defect_NEU_DET-DATASET\SteelDefectX\train_by_class\Scratches\ds_71.jpg
ds_72,Scratches,train,1610,C:\Users\anmol\OneDrive\Desktop\Steel_Surface_Defect_NEU_DET-DATASET\SteelDefectX\train_by_class\Scratches\ds_72.jpg
ds_73,Scratches,train,1611,C:\Users\anmol\OneDrive\Desktop\Steel_Surface_Defect_NEU_DET-DATASET\SteelDefectX\train_by_class\Scratches\ds_73.jpg
ds_74,Scratches,train,1612,C:\Users\anmol\OneDrive\Desktop\Steel_Surface_Defect_NEU_DET-DATASET\SteelDefectX\train_by_class\Scratches\ds_74.jpg
ds_75,Scratches,train,1613,C:\Users\anmol\OneDrive\Desktop\Steel_Surface_Defect_NEU_DET-DATASET\SteelDefectX\train_by_class\Scratches\ds_75.jpg
ds_76,Scratches,train,1614,C:\Users\anmol\OneDrive\Desktop\Steel_Surface_Defect_NEU_DET-DATASET\SteelDefectX\train_by_class\Scratches\ds_76.jpg
ds_78,Scratches,train,1616,C:\Users\anmol\OneDrive\Desktop\Steel_Surface_Defect_NEU_DET-DATASET\SteelDefectX\train_by_class\Scratches\ds_78.jpg
ds_80,Scratches,train,1617,C:\Users\anmol\OneDrive\Desktop\Steel_Surface_Defect_NEU_DET-DATASET\SteelDefectX\train_by_class\Scratches\ds_80.jpg
ds_84,Scratches,train,1619,C:\Users\anmol\OneDrive\Desktop\Steel_Surface_Defect_NEU_DET-DATASET\SteelDefectX\train_by_class\Scratches\ds_84.jpg
ds_86,Scratches,train,1621,C:\Users\anmol\OneDrive\Desktop\Steel_Surface_Defect_NEU_DET-DATASET\SteelDefectX\train_by_class\Scratches\ds_86.jpg
ds_87,Scratches,train,1622,C:\Users\anmol\OneDrive\Desktop\Steel_Surface_Defect_NEU_DET-DATASET\SteelDefectX\train_by_class\Scratches\ds_87.jpg
ds_90,Scratches,train,1624,C:\Users\anmol\OneDrive\Desktop\Steel_Surface_Defect_NEU_DET-DATASET\SteelDefectX\train_by_class\Scratches\ds_90.jpg
ds_91,Scratches,train,1625,C:\Users\anmol\OneDrive\Desktop\Steel_Surface_Defect_NEU_DET-DATASET\SteelDefectX\train_by_class\Scratches\ds_91.jpg
ds_92,Scratches,train,1626,C:\Users\anmol\OneDrive\Desktop\Steel_Surface_Defect_NEU_DET-DATASET\SteelDefectX\train_by_class\Scratches\ds_92.jpg
ds_96,Scratches,train,1627,C:\Users\anmol\OneDrive\Desktop\Steel_Surface_Defect_NEU_DET-DATASET\SteelDefectX\train_by_class\Scratches\ds_96.jpg
ds_113,Scratches,val,1409,C:\Users\anmol\OneDrive\Desktop\Steel_Surface_Defect_NEU_DET-DATASET\SteelDefectX\train_by_class\Scratches\ds_113.jpg
ds_115,Scratches,val,1410,C:\Users\anmol\OneDrive\Desktop\Steel_Surface_Defect_NEU_DET-DATASET\SteelDefectX\train_by_class\Scratches\ds_115.jpg
ds_116,Scratches,val,1411,C:\Users\anmol\OneDrive\Desktop\Steel_Surface_Defect_NEU_DET-DATASET\SteelDefectX\train_by_class\Scratches\ds_116.jpg
ds_132,Scratches,val,1417,C:\Users\anmol\OneDrive\Desktop\Steel_Surface_Defect_NEU_DET-DATASET\SteelDefectX\train_by_class\Scratches\ds_132.jpg
ds_139,Scratches,val,1422,C:\Users\anmol\OneDrive\Desktop\Steel_Surface_Defect_NEU_DET-DATASET\SteelDefectX\train_by_class\Scratches\ds_139.jpg
ds_149,Scratches,val,1431,C:\Users\anmol\OneDrive\Desktop\Steel_Surface_Defect_NEU_DET-DATASET\SteelDefectX\train_by_class\Scratches\ds_149.jpg
ds_15,Scratches,val,1432,C:\Users\anmol\OneDrive\Desktop\Steel_Surface_Defect_NEU_DET-DATASET\SteelDefectX\train_by_class\Scratches\ds_15.jpg
ds_199,Scratches,val,1469,C:\Users\anmol\OneDrive\Desktop\Steel_Surface_Defect_NEU_DET-DATASET\SteelDefectX\train_by_class\Scratches\ds_199.jpg
ds_236,Scratches,val,1495,C:\Users\anmol\OneDrive\Desktop\Steel_Surface_Defect_NEU_DET-DATASET\SteelDefectX\train_by_class\Scratches\ds_236.jpg
ds_239,Scratches,val,1498,C:\Users\anmol\OneDrive\Desktop\Steel_Surface_Defect_NEU_DET-DATASET\SteelDefectX\train_by_class\Scratches\ds_239.jpg
ds_242,Scratches,val,1500,C:\Users\anmol\OneDrive\Desktop\Steel_Surface_Defect_NEU_DET-DATASET\SteelDefectX\train_by_class\Scratches\ds_242.jpg
ds_256,Scratches,val,1515,C:\Users\anmol\OneDrive\Desktop\Steel_Surface_Defect_NEU_DET-DATASET\SteelDefectX\train_by_class\Scratches\ds_256.jpg
ds_263,Scratches,val,1521,C:\Users\anmol\OneDrive\Desktop\Steel_Surface_Defect_NEU_DET-DATASET\SteelDefectX\train_by_class\Scratches\ds_263.jpg
ds_273,Scratches,val,1529,C:\Users\anmol\OneDrive\Desktop\Steel_Surface_Defect_NEU_DET-DATASET\SteelDefectX\train_by_class\Scratches\ds_273.jpg
ds_277,Scratches,val,1532,C:\Users\anmol\OneDrive\Desktop\Steel_Surface_Defect_NEU_DET-DATASET\SteelDefectX\train_by_class\Scratches\ds_277.jpg
ds_321,Scratches,val,1566,C:\Users\anmol\OneDrive\Desktop\Steel_Surface_Defect_NEU_DET-DATASET\SteelDefectX\train_by_class\Scratches\ds_321.jpg
ds_334,Scratches,val,1575,C:\Users\anmol\OneDrive\Desktop\Steel_Surface_Defect_NEU_DET-DATASET\SteelDefectX\train_by_class\Scratches\ds_334.jpg
ds_34,Scratches,val,1576,C:\Users\anmol\OneDrive\Desktop\Steel_Surface_Defect_NEU_DET-DATASET\SteelDefectX\train_by_class\Scratches\ds_34.jpg
ds_42,Scratches,val,1583,C:\Users\anmol\OneDrive\Desktop\Steel_Surface_Defect_NEU_DET-DATASET\SteelDefectX\train_by_class\Scratches\ds_42.jpg
ds_64,Scratches,val,1602,C:\Users\anmol\OneDrive\Desktop\Steel_Surface_Defect_NEU_DET-DATASET\SteelDefectX\train_by_class\Scratches\ds_64.jpg
ds_70,Scratches,val,1608,C:\Users\anmol\OneDrive\Desktop\Steel_Surface_Defect_NEU_DET-DATASET\SteelDefectX\train_by_class\Scratches\ds_70.jpg
ds_85,Scratches,val,1620,C:\Users\anmol\OneDrive\Desktop\Steel_Surface_Defect_NEU_DET-DATASET\SteelDefectX\train_by_class\Scratches\ds_85.jpg
ds_89,Scratches,val,1623,C:\Users\anmol\OneDrive\Desktop\Steel_Surface_Defect_NEU_DET-DATASET\SteelDefectX\train_by_class\Scratches\ds_89.jpg
